Entry Point: 0x7FF64FED0000
GObjects: 0x7FF6522A6DC8
GNames: 0x7FF6522A6D80

Processing Package: Core

ScriptStruct: Rotator                                          - Instance: 0x27A536FFB80
ScriptStruct: Vector                                           - Instance: 0x27A536FF880
ScriptStruct: Plane                                            - Instance: 0x27A536FFA00
ScriptStruct: Guid                                             - Instance: 0x27A536FF400
ScriptStruct: Array_Mirror                                     - Instance: 0x27A53684280
ScriptStruct: InlinePointerArray_Mirror                        - Instance: 0x27A536FC280
ScriptStruct: LinearColor                                      - Instance: 0x27A536F7100
ScriptStruct: Color                                            - Instance: 0x27A536F6F80
ScriptStruct: Vector2D                                         - Instance: 0x27A536F5900
ScriptStruct: Vector4                                          - Instance: 0x27A536F5780
ScriptStruct: InterpCurvePointVector2D                         - Instance: 0x27A536E9000
ScriptStruct: InterpCurveVector2D                              - Instance: 0x27A536E9180
ScriptStruct: InterpCurvePointFloat                            - Instance: 0x27A536E8400
ScriptStruct: InterpCurveFloat                                 - Instance: 0x27A536E8E80
ScriptStruct: Cylinder                                         - Instance: 0x27A536E8D00
ScriptStruct: InterpCurvePointVector                           - Instance: 0x27A536E8880
ScriptStruct: InterpCurveVector                                - Instance: 0x27A536E8A00
ScriptStruct: Quat                                             - Instance: 0x27A536DA680
ScriptStruct: Matrix                                           - Instance: 0x27A536D9480
ScriptStruct: BoxSphereBounds                                  - Instance: 0x27A536D9300
ScriptStruct: TwoVectors                                       - Instance: 0x27A536D9180
ScriptStruct: TAlphaBlend                                      - Instance: 0x27A536D9000
ScriptStruct: BoneAtom                                         - Instance: 0x27A53685C00
ScriptStruct: OctreeElementId                                  - Instance: 0x27A53685A80
ScriptStruct: RenderCommandFence                               - Instance: 0x27A53685900
ScriptStruct: RawDistribution                                  - Instance: 0x27A53685600
ScriptStruct: InterpCurvePointLinearColor                      - Instance: 0x27A53685300
ScriptStruct: InterpCurveLinearColor                           - Instance: 0x27A53685480
ScriptStruct: InterpCurvePointQuat                             - Instance: 0x27A53685000
ScriptStruct: InterpCurveQuat                                  - Instance: 0x27A53685180
ScriptStruct: InterpCurvePointTwoVectors                       - Instance: 0x27A53684D00
ScriptStruct: InterpCurveTwoVectors                            - Instance: 0x27A53684E80
ScriptStruct: Box                                              - Instance: 0x27A53684B80
ScriptStruct: TPOV                                             - Instance: 0x27A53684A00
ScriptStruct: SHVector                                         - Instance: 0x27A53684700
ScriptStruct: SHVectorRGB                                      - Instance: 0x27A53684880
ScriptStruct: IntPoint                                         - Instance: 0x27A53684580
ScriptStruct: PackedNormal                                     - Instance: 0x27A53684400
ScriptStruct: IndirectArray_Mirror                             - Instance: 0x27A53684100
ScriptStruct: FColorVertexBuffer_Mirror                        - Instance: 0x27A5367BE80
ScriptStruct: RenderCommandFence_Mirror                        - Instance: 0x27A5367BD00
ScriptStruct: UntypedBulkData_Mirror                           - Instance: 0x27A5367BB80
ScriptStruct: BitArray_Mirror                                  - Instance: 0x27A5367B400
ScriptStruct: SparseArray_Mirror                               - Instance: 0x27A5367B580
ScriptStruct: Set_Mirror                                       - Instance: 0x27A5367B700
ScriptStruct: MultiMap_Mirror                                  - Instance: 0x27A5367BA00
ScriptStruct: Map_Mirror                                       - Instance: 0x27A5367B880
ScriptStruct: ThreadSafeCounter                                - Instance: 0x27A5367B280
ScriptStruct: Double                                           - Instance: 0x27A5367B100
ScriptStruct: IpAddr                                           - Instance: 0x27A5367AF80
ScriptStruct: HatPointer                                       - Instance: 0x27A5367AE00
ScriptStruct: SceNpOnlineId                                    - Instance: 0x27A5367A800
ScriptStruct: SceNpId                                          - Instance: 0x27A5367A680
ScriptStruct: UniqueNetId                                      - Instance: 0x27A5367A500
ScriptStruct: ProductHashID                                    - Instance: 0x27A5367A380
ScriptStruct: EncryptedKeyIndex                                - Instance: 0x27A5367A200
ScriptStruct: VoiceAudioDevice                                 - Instance: 0x27A5367A080
ScriptStruct: VoiceRoomMemberStatus                            - Instance: 0x27A53679F00
ScriptStruct: ProductInstanceID                                - Instance: 0x27A53679D80
ScriptStruct: ScriptWarning                                    - Instance: 0x27A5365F700
ScriptStruct: BreadcrumbEntry                                  - Instance: 0x27A5365E800
ScriptStruct: AsyncDelegateInfo                                - Instance: 0x27A5365CE80
ScriptStruct: RawDistributionFloat                             - Instance: 0x27A5365C880
ScriptStruct: MatineeRawDistributionFloat                      - Instance: 0x27A5365C700
ScriptStruct: RawDistributionVector                            - Instance: 0x27A5365C400
ScriptStruct: ObjectProviderSubscription                       - Instance: 0x27A5365A080
ScriptStruct: ObjectProviderPendingCallback                    - Instance: 0x27A53659F00
ScriptStruct: ObjectPropertyInjection                          - Instance: 0x27A53659900
ScriptStruct: InterfacePropertyInjection                       - Instance: 0x27A53659780
ScriptStruct: RotatorDegrees                                   - Instance: 0x27A53646200
ScriptStruct: RotatorRadians                                   - Instance: 0x27A53646080
ScriptStruct: Default__ScriptStruct                            - Instance: 0x27A53277A00
Const: ZeroRotator                                             - Instance: 0x27A5384DD00
Const: ZeroVector                                              - Instance: 0x27A5384DC80
Const: UpVector                                                - Instance: 0x27A5384DC00
Const: RightVector                                             - Instance: 0x27A5384DB80
Const: ForwardVector                                           - Instance: 0x27A5384DB00
Const: InvAspectRatio16x9                                      - Instance: 0x27A5384DA00
Const: InvAspectRatio5x4                                       - Instance: 0x27A5384D980
Const: InvAspectRatio4x3                                       - Instance: 0x27A5384D900
Const: AspectRatio16x9                                         - Instance: 0x27A5384D880
Const: AspectRatio5x4                                          - Instance: 0x27A5384D800
Const: AspectRatio4x3                                          - Instance: 0x27A5384D780
Const: INDEX_NONE                                              - Instance: 0x27A5384D700
Const: UnrRotToDeg                                             - Instance: 0x27A5384D680
Const: DegToUnrRot                                             - Instance: 0x27A5384D600
Const: RadToUnrRot                                             - Instance: 0x27A5384D580
Const: UnrRotToRad                                             - Instance: 0x27A5384D500
Const: DegToRad                                                - Instance: 0x27A5384D480
Const: RadToDeg                                                - Instance: 0x27A5384D400
Const: Pi                                                      - Instance: 0x27A5384D380
Const: MaxQWORD                                                - Instance: 0x27A5384D300
Const: MinInt                                                  - Instance: 0x27A5384D280
Const: MaxInt                                                  - Instance: 0x27A5384D200
Enum: EAspectRatioAxisConstraint                               - Instance: 0x27A5384E080
Enum: EDebugBreakType                                          - Instance: 0x27A5384DF80
Enum: EAutomatedRunResult                                      - Instance: 0x27A5384DF00
Enum: EInterpCurveMode                                         - Instance: 0x27A5384DE80
Enum: EInterpMethodType                                        - Instance: 0x27A5384DE00
Enum: EAxis                                                    - Instance: 0x27A5384DD80
Enum: ETickingGroup                                            - Instance: 0x27A5384DA80
Enum: EInputEvent                                              - Instance: 0x27A5384D100
Enum: EAlphaBlendType                                          - Instance: 0x27A5384D080
Enum: EOnlinePlatform                                          - Instance: 0x27A5384D000
Enum: EImageType                                               - Instance: 0x27A5384CF80
Enum: EInputAPI                                                - Instance: 0x27A5384CF00
Enum: EFlushResult                                             - Instance: 0x27A5384CE80
Enum: EVoiceResultCode                                         - Instance: 0x27A5384CE00
Enum: EContentKeyIndex_PrimeUpdate29                           - Instance: 0x27A5384CD80
Enum: EContentKeyIndex_PrimeUpdate30                           - Instance: 0x27A5384CD00
Enum: EContentKeyIndex_PrimeUpdate31                           - Instance: 0x27A5384CC80
Enum: EContentKeyIndex_PrimeUpdate32                           - Instance: 0x27A5384CC00
Enum: EContentKeyIndex_PrimeUpdate33                           - Instance: 0x27A5384CB80
Enum: EContentKeyIndex_PrimeUpdate34                           - Instance: 0x27A5384CB00
Enum: EContentKeyIndex_PrimeUpdate35                           - Instance: 0x27A5384CA80
Enum: EContentKeyIndex_PrimeUpdate35B                          - Instance: 0x27A5384CA00
Enum: EContentKeyIndex_PrimeUpdate35C                          - Instance: 0x27A5384C980
Enum: EContentKeyIndex_PrimeUpdate36_0                         - Instance: 0x27A5384C900
Enum: EContentKeyIndex_PrimeUpdate36_1                         - Instance: 0x27A5384C880
Enum: EContentKeyIndex_PrimeUpdate36_2                         - Instance: 0x27A5384C800
Enum: EContentKeyIndex_PrimeUpdate37_0                         - Instance: 0x27A5384C780
Enum: EContentKeyIndex_PrimeUpdate37_1                         - Instance: 0x27A5384C700
Enum: EContentKeyIndex_PrimeUpdate37_2                         - Instance: 0x27A5384C680
Enum: EContentKeyIndex_PrimeUpdate38_0                         - Instance: 0x27A5384C600
Enum: EContentKeyIndex_PrimeUpdate38_1                         - Instance: 0x27A5384C580
Enum: EContentKeyIndex_PrimeUpdate39_0                         - Instance: 0x27A5384C480
Enum: EContentKeyIndex_PrimeUpdate39_1                         - Instance: 0x27A5384C400
Enum: EContentKeyIndex_PrimeUpdate40_0                         - Instance: 0x27A5384C380
Enum: EContentKeyIndex_PrimeUpdate40_1                         - Instance: 0x27A5384C300
Enum: EContentKeyIndex_PrimeUpdate41                           - Instance: 0x27A5384C280
Enum: EContentKeyIndex_PrimeUpdate42                           - Instance: 0x27A5384C200
Enum: EContentKeyIndex_PrimeUpdate43                           - Instance: 0x27A5384C180
Enum: EContentKeyIndex_PrimeUpdate44                           - Instance: 0x27A5384C100
Enum: EContentKeyIndex_PrimeUpdate45                           - Instance: 0x27A5384C080
Enum: EContentKeyIndex_PrimeUpdate46                           - Instance: 0x27A53673F80
Enum: EContentKeyIndex_PrimeUpdate47                           - Instance: 0x27A53673F00
Enum: EContentKeyIndex_PrimeUpdate48                           - Instance: 0x27A53673E80
Enum: EContentKeyIndex_PrimeUpdate49                           - Instance: 0x27A53673D80
Enum: EContentKeyIndex_PrimeUpdate50                           - Instance: 0x27A53673D00
Enum: EContentKeyIndex_PrimeUpdate51                           - Instance: 0x27A53673C80
Enum: EContentKeyIndex_PrimeUpdate52_0                         - Instance: 0x27A53673C00
Enum: EContentKeyIndex_PrimeUpdate52_1                         - Instance: 0x27A53673B80
Enum: EContentKeyIndex_PrimeUpdate53_0                         - Instance: 0x27A53673B00
Enum: EContentKeyIndex_PrimeUpdate53_1                         - Instance: 0x27A53673A80
Enum: EContentKeyIndex_PrimeUpdate54_0                         - Instance: 0x27A53673A00
Enum: EContentKeyIndex_PrimeUpdate54_1                         - Instance: 0x27A53673980
Enum: EContentKeyIndex_PrimeUpdate55_0                         - Instance: 0x27A53673900
Enum: EContentKeyIndex_PrimeUpdate55_1                         - Instance: 0x27A53673880
Enum: EContentKeyIndex_PrimeUpdate56_0                         - Instance: 0x27A53673800
Enum: EContentKeyIndex_PrimeUpdate56_1                         - Instance: 0x27A53673780
Enum: EContentKeyIndex_ContinuousIntegration                   - Instance: 0x27A53673700
Enum: EDistributionVectorLockFlags                             - Instance: 0x27A53673400
Enum: EDistributionVectorMirrorFlags                           - Instance: 0x27A53673380
Class: Object                                                  - Instance: 0x27A50FDA000
Class: Config_ORS                                              - Instance: 0x27A531F1800
Class: ClassTupleCollection_ORS                                - Instance: 0x27A531F1C00
Class: ClassTuple_ORS                                          - Instance: 0x27A531F2000
Class: SubscriptionCollection_ORS                              - Instance: 0x27A531F2400
Class: ScriptGroup_ORS                                         - Instance: 0x27A531F2800
Class: Group_ORS                                               - Instance: 0x27A531F2C00
Class: Instance_ORS                                            - Instance: 0x27A531F3000
Class: Global_ORS                                              - Instance: 0x27A531F3400
Class: UTF8                                                    - Instance: 0x27A531F3800
Class: TextBuffer                                              - Instance: 0x27A531F3C00
Class: Subsystem                                               - Instance: 0x27A53228800
Class: System                                                  - Instance: 0x27A53228400
Class: Subscription                                            - Instance: 0x27A53228C00
Class: PropertyChangeDispatcher                                - Instance: 0x27A53229000
Class: PackageMap                                              - Instance: 0x27A53229400
Class: ObjectUtil                                              - Instance: 0x27A53229800
Class: ObjectSerializer                                        - Instance: 0x27A53229C00
Class: ObjectRedirector                                        - Instance: 0x27A5322A000
Class: MetaData                                                - Instance: 0x27A5322A400
Class: Linker                                                  - Instance: 0x27A5322B000
Class: LinkerSave                                              - Instance: 0x27A5322A800
Class: LinkerLoad                                              - Instance: 0x27A5322AC00
Class: Interface                                               - Instance: 0x27A5322B400
Class: FileSystem                                              - Instance: 0x27A5322B800
Class: Field                                                   - Instance: 0x27A5327BC00
Class: Struct                                                  - Instance: 0x27A50FD8400
Class: ScriptStruct                                            - Instance: 0x27A5322BC00
Class: Function                                                - Instance: 0x27A53214400
Class: Property                                                - Instance: 0x27A53218800
Class: StructProperty                                          - Instance: 0x27A53214800
Class: StrProperty                                             - Instance: 0x27A53214C00
Class: QWordProperty                                           - Instance: 0x27A53215000
Class: ObjectProperty                                          - Instance: 0x27A53215C00
Class: ComponentProperty                                       - Instance: 0x27A53215400
Class: ClassProperty                                           - Instance: 0x27A53215800
Class: NameProperty                                            - Instance: 0x27A53216000
Class: MapProperty                                             - Instance: 0x27A53216400
Class: IntProperty                                             - Instance: 0x27A53216800
Class: InterfaceProperty                                       - Instance: 0x27A53216C00
Class: FloatProperty                                           - Instance: 0x27A53217000
Class: DelegateProperty                                        - Instance: 0x27A53217400
Class: ByteProperty                                            - Instance: 0x27A53217800
Class: BoolProperty                                            - Instance: 0x27A53217C00
Class: ArrayProperty                                           - Instance: 0x27A53218400
Class: Enum                                                    - Instance: 0x27A53218C00
Class: Const                                                   - Instance: 0x27A53219000
Class: FeatureSystem                                           - Instance: 0x27A53219400
Class: Factory                                                 - Instance: 0x27A53219C00
Class: TextBufferFactory                                       - Instance: 0x27A53219800
Class: Exporter                                                - Instance: 0x27A5321A000
Class: ErrorType                                               - Instance: 0x27A5321A400
Class: ErrorList                                               - Instance: 0x27A5321AC00
Class: ArrayErrors                                             - Instance: 0x27A5321A800
Class: Error                                                   - Instance: 0x27A5321B000
Class: DelegateTracker                                         - Instance: 0x27A5321B400
Class: DebugDrawer                                             - Instance: 0x27A5321B800
Class: Compression                                             - Instance: 0x27A5321BC00
Class: Component                                               - Instance: 0x27A53279800
Class: StringObjectMap                                         - Instance: 0x27A53278400
Class: StringMap                                               - Instance: 0x27A53278800
Class: ObjectProvider                                          - Instance: 0x27A53278C00
Class: DistributionVector                                      - Instance: 0x27A53279000
Class: DistributionFloat                                       - Instance: 0x27A53279400
Class: Commandlet                                              - Instance: 0x27A5327A000
Class: HelpCommandlet                                          - Instance: 0x27A53279C00
Class: Breadcrumbs                                             - Instance: 0x27A5327A400
Class: Base64                                                  - Instance: 0x27A5327A800
Class: AutomationTest                                          - Instance: 0x27A5327AC00
Class: AsyncTask                                               - Instance: 0x27A5327B400
Class: AsyncResult                                             - Instance: 0x27A5327B000
Class: _Types_Core                                             - Instance: 0x27A5327B800
Class: State                                                   - Instance: 0x27A50FD9000
Class: Package                                                 - Instance: 0x27A50FD8C00
Class: Class                                                   - Instance: 0x27A50FD8800
Class: __AsyncTask__All_0x1                                    - Instance: 0x27A538F6400
Class: _LoggingDoc                                             - Instance: 0x27A538F6000
Class: _Types_Generated                                        - Instance: 0x27A538F5C00
Class: ArrayFuncs                                              - Instance: 0x27A538F5800
Class: IDisposable                                             - Instance: 0x27A538F5400
Class: RotatorConversions                                      - Instance: 0x27A538F5000
Class: TAsyncResult                                            - Instance: 0x27A538F4C00

Processing Package: Engine

ScriptStruct: GameClipsMaskArea                                - Instance: 0x27A5363EF80
ScriptStruct: AnimSlotDesc                                     - Instance: 0x27A5363EC80
ScriptStruct: RigidBodyState                                   - Instance: 0x27A5363EB00
ScriptStruct: RigidBodyContactInfo                             - Instance: 0x27A5363EE00
ScriptStruct: CollisionImpactData                              - Instance: 0x27A5363E980
ScriptStruct: PhysEffectInfo                                   - Instance: 0x27A5363E800
ScriptStruct: ActorReference                                   - Instance: 0x27A5363E680
ScriptStruct: NavReference                                     - Instance: 0x27A5363E500
ScriptStruct: BasedPosition                                    - Instance: 0x27A5363E380
ScriptStruct: TraceHitInfo                                     - Instance: 0x27A5362D780
ScriptStruct: ImpactInfo                                       - Instance: 0x27A5362D000
ScriptStruct: SeqOpInputLink                                   - Instance: 0x27A535F5A80
ScriptStruct: AnimSlotInfo                                     - Instance: 0x27A535EB400
ScriptStruct: TimerData                                        - Instance: 0x27A535EB280
ScriptStruct: RBCollisionChannelContainer                      - Instance: 0x27A535EA080
ScriptStruct: LightingChannelContainer                         - Instance: 0x27A535CEF80
ScriptStruct: MaterialViewRelevance                            - Instance: 0x27A535CD780
ScriptStruct: ComponentTemplate                                - Instance: 0x27A535CCE80
ScriptStruct: VisiblePortalInfo                                - Instance: 0x27A535C3880
ScriptStruct: DebugNavCost                                     - Instance: 0x27A53595780
ScriptStruct: NavigationOctreeObject                           - Instance: 0x27A53595600
ScriptStruct: CheckpointRecord                                 - Instance: 0x27A53595480
ScriptStruct: KSphereElem                                      - Instance: 0x27A53587100
ScriptStruct: KBoxElem                                         - Instance: 0x27A53586F80
ScriptStruct: KSphylElem                                       - Instance: 0x27A53586E00
ScriptStruct: KConvexElem                                      - Instance: 0x27A53586C80
ScriptStruct: KAggregateGeom                                   - Instance: 0x27A53586B00
ScriptStruct: PolyReference                                    - Instance: 0x27A53586980
ScriptStruct: PathSizeInfo                                     - Instance: 0x27A53586080
ScriptStruct: BankLoadState                                    - Instance: 0x27A53584A00
ScriptStruct: KCachedConvexData_Mirror                         - Instance: 0x27A53584880
ScriptStruct: GeomSelection                                    - Instance: 0x27A53584700
ScriptStruct: InteriorSettings                                 - Instance: 0x27A53577580
ScriptStruct: ReverbSettings                                   - Instance: 0x27A53577400
ScriptStruct: AudioComponentParam                              - Instance: 0x27A53577280
ScriptStruct: SubtitleCue                                      - Instance: 0x27A53575D80
ScriptStruct: Listener                                         - Instance: 0x27A53575900
ScriptStruct: AudioClassInfo                                   - Instance: 0x27A53575780
ScriptStruct: SoundNodeEditorData                              - Instance: 0x27A53575300
ScriptStruct: AmbientSoundSlot                                 - Instance: 0x27A53575000
ScriptStruct: CheckpointRecord                                 - Instance: 0x27A53574E80
ScriptStruct: InterpPointOnSpline                              - Instance: 0x27A53563700
ScriptStruct: SplineSoundSlot                                  - Instance: 0x27A53563580
ScriptStruct: MultiCueSplineSoundSlot                          - Instance: 0x27A53563400
ScriptStruct: DelegateArray                                    - Instance: 0x27A53563280
ScriptStruct: PlatformInterfaceData                            - Instance: 0x27A53563100
ScriptStruct: PlatformInterfaceDelegateResult                  - Instance: 0x27A53562F80
ScriptStruct: EventStringParam                                 - Instance: 0x27A53561A80
ScriptStruct: CompressedTrack                                  - Instance: 0x27A5354FD00
ScriptStruct: CurveTrack                                       - Instance: 0x27A5354FA00
ScriptStruct: RotationTrack                                    - Instance: 0x27A5354F880
ScriptStruct: TranslationTrack                                 - Instance: 0x27A5354F700
ScriptStruct: TimeModifier                                     - Instance: 0x27A5354F400
ScriptStruct: SkelControlModifier                              - Instance: 0x27A5354F580
ScriptStruct: AnimNotifyEvent                                  - Instance: 0x27A5354F280
ScriptStruct: RawAnimSequenceTrack                             - Instance: 0x27A5354F100
ScriptStruct: CurveKey                                         - Instance: 0x27A5354EF80
ScriptStruct: AnimBlendChild                                   - Instance: 0x27A5354E380
ScriptStruct: WeightNodeRule                                   - Instance: 0x27A5354DD80
ScriptStruct: WeightRule                                       - Instance: 0x27A5354DC00
ScriptStruct: BranchInfo                                       - Instance: 0x27A5354DA80
ScriptStruct: PerBoneMaskInfo                                  - Instance: 0x27A5354D900
ScriptStruct: AimTransform                                     - Instance: 0x27A5354D300
ScriptStruct: AimComponent                                     - Instance: 0x27A5354D180
ScriptStruct: AimOffsetProfile                                 - Instance: 0x27A5354D000
ScriptStruct: ChildBoneBlendInfo                               - Instance: 0x27A5354CA00
ScriptStruct: RandomAnimInfo                                   - Instance: 0x27A53531D80
ScriptStruct: AnimInfo                                         - Instance: 0x27A53531A80
ScriptStruct: AnimBlendInfo                                    - Instance: 0x27A53531C00
ScriptStruct: SynchGroup                                       - Instance: 0x27A53530580
ScriptStruct: BonePair                                         - Instance: 0x27A53504A00
ScriptStruct: SkelMeshComponentLODInfo                         - Instance: 0x27A534FD600
ScriptStruct: Attachment                                       - Instance: 0x27A534FC880
ScriptStruct: ActiveMorph                                      - Instance: 0x27A534FC700
ScriptStruct: LocalizedSubtitle                                - Instance: 0x27A534FC280
ScriptStruct: LightMapRef                                      - Instance: 0x27A534FC100
ScriptStruct: DominantShadowInfo                               - Instance: 0x27A534EBE80
ScriptStruct: LightmassLightSettings                           - Instance: 0x27A534EBD00
ScriptStruct: ScalarParameterInterpStruct                      - Instance: 0x27A534EBB80
ScriptStruct: LightmassPointLightSettings                      - Instance: 0x27A534EBA00
ScriptStruct: LightmassDirectionalLightSettings                - Instance: 0x27A534EB880
ScriptStruct: LightmassPrimitiveSettings                       - Instance: 0x27A534EB700
ScriptStruct: LightmassDebugOptions                            - Instance: 0x27A534EB580
ScriptStruct: SwarmDebugOptions                                - Instance: 0x27A534EB400
ScriptStruct: RootMotionCurve                                  - Instance: 0x27A534EB280
ScriptStruct: TrailSocketSamplePoint                           - Instance: 0x27A534EA980
ScriptStruct: TrailSamplePoint                                 - Instance: 0x27A534EAC80
ScriptStruct: TrailSample                                      - Instance: 0x27A534EAB00
ScriptStruct: AnimSetMeshLinkup                                - Instance: 0x27A534EA200
ScriptStruct: AnimGroup                                        - Instance: 0x27A534EA080
ScriptStruct: SkelControlListHead                              - Instance: 0x27A534E9F00
ScriptStruct: PreviewSkelMeshStruct                            - Instance: 0x27A534E9D80
ScriptStruct: PreviewSocketStruct                              - Instance: 0x27A534E9C00
ScriptStruct: PreviewAnimSetsStruct                            - Instance: 0x27A534E9A80
ScriptStruct: ClothingLodInfo                                  - Instance: 0x27A534E8700
ScriptStruct: NxDestructibleDamageParameters                   - Instance: 0x27A534BF100
ScriptStruct: NxDestructibleDebrisParameters                   - Instance: 0x27A534BEF80
ScriptStruct: NxDestructibleAdvancedParameters                 - Instance: 0x27A534BEE00
ScriptStruct: NxDestructibleParametersFlag                     - Instance: 0x27A534BF280
ScriptStruct: NxDestructibleDepthParameters                    - Instance: 0x27A534BF400
ScriptStruct: NxDestructibleParameters                         - Instance: 0x27A534BF580
ScriptStruct: DamageParameters                                 - Instance: 0x27A534BEB00
ScriptStruct: DamagePair                                       - Instance: 0x27A534BEC80
ScriptStruct: NotificationMessageInfo                          - Instance: 0x27A534BE980
ScriptStruct: NotificationInfo                                 - Instance: 0x27A534BE800
ScriptStruct: LaunchNotificationInfo                           - Instance: 0x27A534BE680
ScriptStruct: KeyValuePair                                     - Instance: 0x27A534BD480
ScriptStruct: PlayerResponseLine                               - Instance: 0x27A534BD300
ScriptStruct: ServerResponseLine                               - Instance: 0x27A534BD180
ScriptStruct: AutomatedTestingDatum                            - Instance: 0x27A534A5A80
ScriptStruct: ViewTargetTransitionParams                       - Instance: 0x27A534A4B80
ScriptStruct: TCameraCache                                     - Instance: 0x27A5349FE80
ScriptStruct: TViewTarget                                      - Instance: 0x27A5349F100
ScriptStruct: LUTBlender                                       - Instance: 0x27A53487E80
ScriptStruct: MobileColorGradingParams                         - Instance: 0x27A53487D00
ScriptStruct: MobilePostProcessSettings                        - Instance: 0x27A5349C100
ScriptStruct: PostProcessSettings                              - Instance: 0x27A5349C280
ScriptStruct: RenderingPerformanceOverrides                    - Instance: 0x27A53487A00
ScriptStruct: FOscillator                                      - Instance: 0x27A53485480
ScriptStruct: VOscillator                                      - Instance: 0x27A53485180
ScriptStruct: ROscillator                                      - Instance: 0x27A53485000
ScriptStruct: CameraShakeInstance                              - Instance: 0x27A53484700
ScriptStruct: CanvasIcon                                       - Instance: 0x27A5346FB80
ScriptStruct: TextureGroupContainer                            - Instance: 0x27A5346F580
ScriptStruct: Texture2DMipMap                                  - Instance: 0x27A5346F400
ScriptStruct: TextureLinkedListMirror                          - Instance: 0x27A5346F280
ScriptStruct: DepthFieldGlowInfo                               - Instance: 0x27A5346EE00
ScriptStruct: MobileDistanceFieldParams                        - Instance: 0x27A5346EC80
ScriptStruct: FontRenderInfo                                   - Instance: 0x27A5346EB00
ScriptStruct: CanvasUVTri                                      - Instance: 0x27A5346E980
ScriptStruct: TextSizingParameters                             - Instance: 0x27A5346E800
ScriptStruct: WrappedStringElement                             - Instance: 0x27A5346E680
ScriptStruct: SetSaveDataCallbackStruct                        - Instance: 0x27A5342DC00
ScriptStruct: SaveSlotOperation                                - Instance: 0x27A5342DA80
ScriptStruct: GetSaveDataCallbackStruct                        - Instance: 0x27A53427E80
ScriptStruct: UIRangeData                                      - Instance: 0x27A5341B580
ScriptStruct: TextureCoordinates                               - Instance: 0x27A5341B400
ScriptStruct: SeqOpOutputInputLink                             - Instance: 0x27A5341AF80
ScriptStruct: SeqOpOutputLink                                  - Instance: 0x27A5341B280
ScriptStruct: SeqVarLink                                       - Instance: 0x27A5341B100
ScriptStruct: SeqEventLink                                     - Instance: 0x27A5341AE00
ScriptStruct: InputKeyAction                                   - Instance: 0x27A5341AC80
ScriptStruct: InputEventParameters                             - Instance: 0x27A5341AB00
ScriptStruct: SubscribedInputEventParameters                   - Instance: 0x27A5341A980
ScriptStruct: UIAxisEmulationDefinition                        - Instance: 0x27A5341A800
ScriptStruct: RawInputKeyEventData                             - Instance: 0x27A5341A680
ScriptStruct: AutoCompleteCommand                              - Instance: 0x27A53418400
ScriptStruct: AutoCompleteNode                                 - Instance: 0x27A53418280
ScriptStruct: ControllerLayout                                 - Instance: 0x27A533FBA00
ScriptStruct: CovPosInfo                                       - Instance: 0x27A533FAE00
ScriptStruct: FireLinkItem                                     - Instance: 0x27A533FAC80
ScriptStruct: FireLink                                         - Instance: 0x27A533FAB00
ScriptStruct: DynamicLinkInfo                                  - Instance: 0x27A533FA980
ScriptStruct: CoverReference                                   - Instance: 0x27A533FA680
ScriptStruct: ExposedLink                                      - Instance: 0x27A533FA800
ScriptStruct: SlotMoveRef                                      - Instance: 0x27A533FA500
ScriptStruct: CoverInfo                                        - Instance: 0x27A533FA200
ScriptStruct: CoverSlot                                        - Instance: 0x27A533FA380
ScriptStruct: PaintedVertex                                    - Instance: 0x27A533E9900
ScriptStruct: StaticMeshComponentLODInfo                       - Instance: 0x27A533E9A80
ScriptStruct: CoverMeshes                                      - Instance: 0x27A533E9000
ScriptStruct: ManualCoverTypeInfo                              - Instance: 0x27A533E8A00
ScriptStruct: CoverReplicationInfo                             - Instance: 0x27A533E8B80
ScriptStruct: CullDistanceSizePair                             - Instance: 0x27A533CEE00
ScriptStruct: PresetGeneratedPoint                             - Instance: 0x27A533CEC80
ScriptStruct: PlayerDataStoreGroup                             - Instance: 0x27A533CEB00
ScriptStruct: DateTimeStruct                                   - Instance: 0x27A533CD900
ScriptStruct: DecalReceiver                                    - Instance: 0x27A533BF880
ScriptStruct: ActiveDecalInfo                                  - Instance: 0x27A533BE800
ScriptStruct: LightmassMaterialInterfaceSettings               - Instance: 0x27A533BDC00
ScriptStruct: MaterialInput                                    - Instance: 0x27A533BC280
ScriptStruct: MaterialFunctionInfo                             - Instance: 0x27A533BC100
ScriptStruct: ColorMaterialInput                               - Instance: 0x27A5339FE80
ScriptStruct: ScalarMaterialInput                              - Instance: 0x27A5339FD00
ScriptStruct: VectorMaterialInput                              - Instance: 0x27A5339FB80
ScriptStruct: Vector2MaterialInput                             - Instance: 0x27A5339FA00
ScriptStruct: CheckpointRecord                                 - Instance: 0x27A5339F100
ScriptStruct: CurveParameterPoint                              - Instance: 0x27A5339C280
ScriptStruct: OnlineProfile                                    - Instance: 0x27A53392C80
ScriptStruct: UniqueLobbyId                                    - Instance: 0x27A5338A500
ScriptStruct: OnlineRegistrant                                 - Instance: 0x27A53389D80
ScriptStruct: OnlineArbitrationRegistrant                      - Instance: 0x27A53389A80
ScriptStruct: NamedSession                                     - Instance: 0x27A53389F00
ScriptStruct: FriendHistoryKey                                 - Instance: 0x27A53389000
ScriptStruct: NamedInterface                                   - Instance: 0x27A53388A00
ScriptStruct: SocialPostImageFlags                             - Instance: 0x27A53374B80
ScriptStruct: SocialPostImageInfo                              - Instance: 0x27A53374D00
ScriptStruct: SocialPostLinkInfo                               - Instance: 0x27A53374E80
ScriptStruct: DownloadedWorkshopData                           - Instance: 0x27A53374A00
ScriptStruct: SocialPostPrivileges                             - Instance: 0x27A53374880
ScriptStruct: OnlinePartyMember                                - Instance: 0x27A53374700
ScriptStruct: SessionMemberInfo                                - Instance: 0x27A53374580
ScriptStruct: MarketplaceInventoryItem                         - Instance: 0x27A53374400
ScriptStruct: MarketplaceProductImage                          - Instance: 0x27A53374280
ScriptStruct: MarketplaceProductAvailability                   - Instance: 0x27A53373E80
ScriptStruct: MarketplaceProductDetails                        - Instance: 0x27A53374100
ScriptStruct: AchievementReward                                - Instance: 0x27A53373A00
ScriptStruct: AchievementMediaAsset                            - Instance: 0x27A53373880
ScriptStruct: AchievementTitleAssociation                      - Instance: 0x27A53373B80
ScriptStruct: AchievementDetails                               - Instance: 0x27A53373D00
ScriptStruct: SettingsData                                     - Instance: 0x27A53373280
ScriptStruct: SettingsProperty                                 - Instance: 0x27A53373400
ScriptStruct: CommunityContentMetadata                         - Instance: 0x27A53373700
ScriptStruct: CommunityContentFile                             - Instance: 0x27A53373580
ScriptStruct: LocalizedStringSetting                           - Instance: 0x27A53373100
ScriptStruct: TitleFile                                        - Instance: 0x27A53372F80
ScriptStruct: EmsFile                                          - Instance: 0x27A53372E00
ScriptStruct: NamedInterfaceDef                                - Instance: 0x27A53372C80
ScriptStruct: OnlineFriendMessage                              - Instance: 0x27A53372B00
ScriptStruct: RemoteTalker                                     - Instance: 0x27A53372980
ScriptStruct: LocalTalker                                      - Instance: 0x27A53372800
ScriptStruct: OnlinePlayerScore                                - Instance: 0x27A53372680
ScriptStruct: SpeechRecognizedWord                             - Instance: 0x27A53372500
ScriptStruct: OnlineContent                                    - Instance: 0x27A53372200
ScriptStruct: OnlineCrossTitleContent                          - Instance: 0x27A53372380
ScriptStruct: OnlineUser                                       - Instance: 0x27A53371F00
ScriptStruct: OnlineFriend                                     - Instance: 0x27A53372080
ScriptStruct: FriendsQuery                                     - Instance: 0x27A53371D80
ScriptStruct: WordFilterResult                                 - Instance: 0x27A53371C00
ScriptStruct: EpicDLCInfo                                      - Instance: 0x27A53371A80
ScriptStruct: SwitchDLCInfo                                    - Instance: 0x27A53371900
ScriptStruct: XboxOneDLCInfo                                   - Instance: 0x27A53371780
ScriptStruct: PS4DLCInfo                                       - Instance: 0x27A53371600
ScriptStruct: SteamDLCInfo                                     - Instance: 0x27A53371480
ScriptStruct: CheckpointRecord                                 - Instance: 0x27A53352980
ScriptStruct: ViewParticleEmitterInstanceMotionBlurInfo        - Instance: 0x27A53350700
ScriptStruct: ParticleSysParam                                 - Instance: 0x27A53350580
ScriptStruct: ParticleEventData                                - Instance: 0x27A53350400
ScriptStruct: ParticleEventSpawnData                           - Instance: 0x27A53350280
ScriptStruct: ParticleEventDeathData                           - Instance: 0x27A53350100
ScriptStruct: ParticleEventCollideData                         - Instance: 0x27A53343E80
ScriptStruct: ParticleEventAttractorCollideData                - Instance: 0x27A53343D00
ScriptStruct: ParticleEventKismetData                          - Instance: 0x27A53343B80
ScriptStruct: ParticleEmitterInstanceMotionBlurInfo            - Instance: 0x27A5332EC80
ScriptStruct: ParticleEmitterInstance                          - Instance: 0x27A5332EB00
ScriptStruct: CheckpointRecord                                 - Instance: 0x27A5332E980
ScriptStruct: EmitterBaseInfo                                  - Instance: 0x27A5332C880
ScriptStruct: StatColorMapEntry                                - Instance: 0x27A5331F400
ScriptStruct: StatColorMapping                                 - Instance: 0x27A5331F280
ScriptStruct: DropNoteInfo                                     - Instance: 0x27A5331F100
ScriptStruct: PrimitiveMaterialRef                             - Instance: 0x27A53316980
ScriptStruct: PostProcessMaterialRef                           - Instance: 0x27A53316800
ScriptStruct: MaterialReferenceList                            - Instance: 0x27A53316680
ScriptStruct: VelocityObstacleStat                             - Instance: 0x27A53316500
ScriptStruct: FacebookFriend                                   - Instance: 0x27A53315A80
ScriptStruct: CheckpointRecord                                 - Instance: 0x27A532E7A00
ScriptStruct: FontImportOptionsData                            - Instance: 0x27A532E6800
ScriptStruct: FontCharacter                                    - Instance: 0x27A532E6680
ScriptStruct: WaveformSample                                   - Instance: 0x27A532E5900
ScriptStruct: FragmentGroup                                    - Instance: 0x27A532D6B00
ScriptStruct: DeferredPartToSpawn                              - Instance: 0x27A532D5900
ScriptStruct: CheckpointRecord                                 - Instance: 0x27A532D5780
ScriptStruct: LevelStreamingStatus                             - Instance: 0x27A532D1300
ScriptStruct: FullyLoadedPackagesInfo                          - Instance: 0x27A532D1180
ScriptStruct: NamedNetDriver                                   - Instance: 0x27A532D1000
ScriptStruct: AnimTag                                          - Instance: 0x27A532D0E80
ScriptStruct: URL                                              - Instance: 0x27A532D0880
ScriptStruct: GameClassShortName                               - Instance: 0x27A532D0700
ScriptStruct: GameTypePrefix                                   - Instance: 0x27A532D0580
ScriptStruct: PlayerInformation                                - Instance: 0x27A66FA0A00
ScriptStruct: TeamInformation                                  - Instance: 0x27A66FA0880
ScriptStruct: GameStatGroup                                    - Instance: 0x27A66F9BE80
ScriptStruct: GameplayEventMetaData                            - Instance: 0x27A66FA0700
ScriptStruct: WeaponClassEventData                             - Instance: 0x27A66FA0580
ScriptStruct: DamageClassEventData                             - Instance: 0x27A66FA0400
ScriptStruct: ProjectileClassEventData                         - Instance: 0x27A66FA0280
ScriptStruct: PawnClassEventData                               - Instance: 0x27A66FA0100
ScriptStruct: GameplayEventsHeader                             - Instance: 0x27A66F9BD00
ScriptStruct: GameSessionInformation                           - Instance: 0x27A66F9BB80
ScriptStruct: NavMeshPathGoalEvaluatorCacheDatum               - Instance: 0x27A66F7D000
ScriptStruct: PhysXEmitterVerticalProperties                   - Instance: 0x27A66F72080
ScriptStruct: PhysXVerticalProperties                          - Instance: 0x27A66F7CE80
ScriptStruct: HostMigrationState                               - Instance: 0x27A66F7CD00
ScriptStruct: MusicTrackStruct                                 - Instance: 0x27A66F77580
ScriptStruct: WorldFractureSettings                            - Instance: 0x27A66F73880
ScriptStruct: NavMeshPathConstraintCacheDatum                  - Instance: 0x27A66F72500
ScriptStruct: LightmassWorldInfoSettings                       - Instance: 0x27A66F72380
ScriptStruct: ScreenMessageString                              - Instance: 0x27A66F72200
ScriptStruct: ApexModuleDestructibleSettings                   - Instance: 0x27A66F71F00
ScriptStruct: PhysXSimulationProperties                        - Instance: 0x27A66F71C00
ScriptStruct: PhysXSceneProperties                             - Instance: 0x27A66F71D80
ScriptStruct: CompartmentRunList                               - Instance: 0x27A66F71A80
ScriptStruct: NetViewer                                        - Instance: 0x27A66F71900
ScriptStruct: IdToStringMapping                                - Instance: 0x27A66F56200
ScriptStruct: StringIdToStringMapping                          - Instance: 0x27A66F56080
ScriptStruct: LocalizedStringSettingMetaData                   - Instance: 0x27A66F55F00
ScriptStruct: SettingsPropertyPropertyMetaData                 - Instance: 0x27A66F55D80
ScriptStruct: OnlineGameSearchParameter                        - Instance: 0x27A66F48100
ScriptStruct: OnlineGameSearchORClause                         - Instance: 0x27A66F48400
ScriptStruct: OnlineGameSearchSortClause                       - Instance: 0x27A66F48280
ScriptStruct: OnlineGameSearchQuery                            - Instance: 0x27A66F48A00
ScriptStruct: OverrideSkill                                    - Instance: 0x27A66F48880
ScriptStruct: NamedObjectProperty                              - Instance: 0x27A66F43E80
ScriptStruct: OnlineGameSearchResult                           - Instance: 0x27A66F43D00
ScriptStruct: ConnectedPeerInfo                                - Instance: 0x27A66F41300
ScriptStruct: ClientAdjustment                                 - Instance: 0x27A66F22080
ScriptStruct: ClientConnectionStats                            - Instance: 0x27A66F20280
ScriptStruct: DebugTextInfo                                    - Instance: 0x27A66F11D80
ScriptStruct: KismetDrawTextInfo                               - Instance: 0x27A66EF1F00
ScriptStruct: ConsoleMessage                                   - Instance: 0x27A66EF1D80
ScriptStruct: InputEntry                                       - Instance: 0x27A66EBDA80
ScriptStruct: InputMatchRequest                                - Instance: 0x27A66EBDC00
ScriptStruct: GamepadInfo                                      - Instance: 0x27A66EBD900
ScriptStruct: PerPlayerSplitscreenData                         - Instance: 0x27A66EBD780
ScriptStruct: SplitscreenData                                  - Instance: 0x27A66EBD600
ScriptStruct: DebugDisplayProperty                             - Instance: 0x27A66EBD480
ScriptStruct: TitleSafeZoneArea                                - Instance: 0x27A66EA8880
ScriptStruct: ShowFlags_Mirror                                 - Instance: 0x27A66E96800
ScriptStruct: ExportShowFlags_Mirror                           - Instance: 0x27A66E96980
ScriptStruct: ActorToLookAt                                    - Instance: 0x27A66E94880
ScriptStruct: IniLocFileEntry                                  - Instance: 0x27A66E77400
ScriptStruct: KeyBind                                          - Instance: 0x27A66E74B80
ScriptStruct: TouchTracker                                     - Instance: 0x27A66E74A00
ScriptStruct: InstancedStaticMeshInstanceData                  - Instance: 0x27A66E74280
ScriptStruct: InstancedStaticMeshMappingInfo                   - Instance: 0x27A66E74100
ScriptStruct: PreCombinedStaticMeshActor                       - Instance: 0x27A66E6BE80
ScriptStruct: CheckpointRecord                                 - Instance: 0x27A66E6B580
ScriptStruct: CurveEdEntry                                     - Instance: 0x27A66E68E80
ScriptStruct: CurveEdTab                                       - Instance: 0x27A66E69000
ScriptStruct: AnimSetBakeAndPruneStatus                        - Instance: 0x27A66E68D00
ScriptStruct: InterpEdSelKey                                   - Instance: 0x27A66E68B80
ScriptStruct: CameraPreviewInfo                                - Instance: 0x27A66E68A00
ScriptStruct: SubTrackGroup                                    - Instance: 0x27A66E68880
ScriptStruct: SupportedSubTrackInfo                            - Instance: 0x27A66E68700
ScriptStruct: AnimControlTrackKey                              - Instance: 0x27A66E68580
ScriptStruct: BoolTrackKey                                     - Instance: 0x27A66E68400
ScriptStruct: DirectorTrackCut                                 - Instance: 0x27A66E68280
ScriptStruct: EventTrackKey                                    - Instance: 0x27A66E68100
ScriptStruct: FaceFXTrackKey                                   - Instance: 0x27A66E53E80
ScriptStruct: FaceFXSoundCueKey                                - Instance: 0x27A66E53D00
ScriptStruct: HeadTrackingKey                                  - Instance: 0x27A66E53B80
ScriptStruct: FloatMaterialParamMICData                        - Instance: 0x27A66E53A00
ScriptStruct: ToggleTrackKey                                   - Instance: 0x27A66E53880
ScriptStruct: VectorMaterialParamMICData                       - Instance: 0x27A66E53700
ScriptStruct: VisibilityTrackKey                               - Instance: 0x27A66E53580
ScriptStruct: InterpLookupPoint                                - Instance: 0x27A66E53280
ScriptStruct: InterpLookupTrack                                - Instance: 0x27A66E53400
ScriptStruct: NotifyTrackKey                                   - Instance: 0x27A66E53100
ScriptStruct: ParticleReplayTrackKey                           - Instance: 0x27A66E52F80
ScriptStruct: SoundTrackKey                                    - Instance: 0x27A66E52E00
ScriptStruct: LandscapeLayerStruct                             - Instance: 0x27A66E41300
ScriptStruct: LandscapeWeightmapUsage                          - Instance: 0x27A66E41180
ScriptStruct: LandscapeLayerInfo                               - Instance: 0x27A66E41000
ScriptStruct: WeightmapLayerAllocationInfo                     - Instance: 0x27A66E40E80
ScriptStruct: GizmoSelectData                                  - Instance: 0x27A66E40D00
ScriptStruct: LandscapeAddCollision                            - Instance: 0x27A66E40B80
ScriptStruct: FontParameterValue                               - Instance: 0x27A66E40A00
ScriptStruct: ScalarParameterValue                             - Instance: 0x27A66E40880
ScriptStruct: TextureParameterValue                            - Instance: 0x27A66E40700
ScriptStruct: VectorParameterValue                             - Instance: 0x27A66E40580
ScriptStruct: LensFlareElement                                 - Instance: 0x27A66E21480
ScriptStruct: LensFlareElementCurvePair                        - Instance: 0x27A66E21300
ScriptStruct: LensFlareElementMaterials                        - Instance: 0x27A66E21180
ScriptStruct: LensFlareElementInstance                         - Instance: 0x27A66E21000
ScriptStruct: LevelGridCellCoordinate                          - Instance: 0x27A66E13700
ScriptStruct: CheckpointRecord                                 - Instance: 0x27A66E13580
ScriptStruct: LinkedAccountData                                - Instance: 0x27A66E12080
ScriptStruct: BaseAuthSession                                  - Instance: 0x27A66E11480
ScriptStruct: PostProcessSettingsOverride                      - Instance: 0x27A66E11300
ScriptStruct: CurrentPostProcessVolumeInfo                     - Instance: 0x27A66E11000
ScriptStruct: SynchronizedActorVisibilityHistory               - Instance: 0x27A66E10E80
ScriptStruct: AuthSession                                      - Instance: 0x27A66DFE380
ScriptStruct: LocalAuthSession                                 - Instance: 0x27A66DFE200
ScriptStruct: ExpressionOutput                                 - Instance: 0x27A66DFCB80
ScriptStruct: ExpressionInput                                  - Instance: 0x27A66DFCA00
ScriptStruct: CustomInput                                      - Instance: 0x27A66DFC880
ScriptStruct: LayerBlendInput                                  - Instance: 0x27A66DFC700
ScriptStruct: FunctionExpressionInput                          - Instance: 0x27A66DFC580
ScriptStruct: FunctionExpressionOutput                         - Instance: 0x27A66DFC400
ScriptStruct: ParameterValueOverTime                           - Instance: 0x27A66DFC280
ScriptStruct: FontParameterValueOverTime                       - Instance: 0x27A66DFC100
ScriptStruct: ScalarParameterValueOverTime                     - Instance: 0x27A66DD7E80
ScriptStruct: TextureParameterValueOverTime                    - Instance: 0x27A66DD7D00
ScriptStruct: VectorParameterValueOverTime                     - Instance: 0x27A66DD7B80
ScriptStruct: LinearColorParameterValueOverTime                - Instance: 0x27A66DD7A00
ScriptStruct: PurchaseInfo                                     - Instance: 0x27A66DB9C00
ScriptStruct: MorphNodeConn                                    - Instance: 0x27A66DB8D00
ScriptStruct: BoneAngleMorph                                   - Instance: 0x27A66DB8A00
ScriptStruct: PolySegmentSpan                                  - Instance: 0x27A66DAA200
ScriptStruct: NavMeshPathParams                                - Instance: 0x27A66DAA080
ScriptStruct: EdgePointer                                      - Instance: 0x27A66DA9D80
ScriptStruct: PathStore                                        - Instance: 0x27A66DA9F00
ScriptStruct: BiasedGoalActor                                  - Instance: 0x27A66D8D900
ScriptStruct: CheckpointRecord                                 - Instance: 0x27A66D8A980
ScriptStruct: LobbyMetaData                                    - Instance: 0x27A66D34580
ScriptStruct: BasicLobbyInfo                                   - Instance: 0x27A66D34400
ScriptStruct: LobbyMember                                      - Instance: 0x27A66D34280
ScriptStruct: ActiveLobbyInfo                                  - Instance: 0x27A66D34100
ScriptStruct: LobbyFilter                                      - Instance: 0x27A66D2FE80
ScriptStruct: LobbySortFilter                                  - Instance: 0x27A66D2FD00
ScriptStruct: MMStats_Timer                                    - Instance: 0x27A66D19780
ScriptStruct: OnlineProfileSetting                             - Instance: 0x27A66CCB100
ScriptStruct: RecentParty                                      - Instance: 0x27A66CB6980
ScriptStruct: CurrentPlayerMet                                 - Instance: 0x27A66CB6800
ScriptStruct: OnlineStatsColumn                                - Instance: 0x27A66CB1300
ScriptStruct: OnlineStatsRow                                   - Instance: 0x27A66CB1600
ScriptStruct: ColumnMetaData                                   - Instance: 0x27A66CB1480
ScriptStruct: TimerOptions                                     - Instance: 0x27A66C91900
ScriptStruct: ParticleBurst                                    - Instance: 0x27A66C90580
ScriptStruct: ParticleCurvePair                                - Instance: 0x27A66C7FE80
ScriptStruct: ParticleRandomSeedInfo                           - Instance: 0x27A66C7FD00
ScriptStruct: AttractLocationBoneSocketInfo                    - Instance: 0x27A66C7FB80
ScriptStruct: BeamModifierOptions                              - Instance: 0x27A66C7FA00
ScriptStruct: ParticleAttractorCollisionAction                 - Instance: 0x27A66C7F880
ScriptStruct: ParticleEvent_GenerateInfo                       - Instance: 0x27A66C7F700
ScriptStruct: LocationBoneSocketInfo                           - Instance: 0x27A66C7F400
ScriptStruct: OrbitOptions                                     - Instance: 0x27A66C7F280
ScriptStruct: EmitterDynamicParameter                          - Instance: 0x27A66C7F100
ScriptStruct: BeamTargetData                                   - Instance: 0x27A66C7EF80
ScriptStruct: PhysXEmitterVerticalLodProperties                - Instance: 0x27A66C7EE00
ScriptStruct: ParticleSystemLOD                                - Instance: 0x27A66C7EC80
ScriptStruct: LODSoloTrack                                     - Instance: 0x27A66C7EB00
ScriptStruct: ParticleEmitterReplayFrame                       - Instance: 0x27A66C7DF00
ScriptStruct: ParticleSystemReplayFrame                        - Instance: 0x27A66C7E080
ScriptStruct: PBRuleLink                                       - Instance: 0x27A66C37D00
ScriptStruct: PBMaterialParam                                  - Instance: 0x27A66C37880
ScriptStruct: PBParamSwatch                                    - Instance: 0x27A66C37B80
ScriptStruct: PBVariationInfo                                  - Instance: 0x27A66C37A00
ScriptStruct: PBFracMeshCompInfo                               - Instance: 0x27A66C37700
ScriptStruct: PBFaceUVInfo                                     - Instance: 0x27A66C37280
ScriptStruct: PBMemUsageInfo                                   - Instance: 0x27A66C36B00
ScriptStruct: PBMeshCompInfo                                   - Instance: 0x27A66C36980
ScriptStruct: PBScopeProcessInfo                               - Instance: 0x27A66C36800
ScriptStruct: PBScope2D                                        - Instance: 0x27A66C36680
ScriptStruct: PBEdgeInfo                                       - Instance: 0x27A66C36500
ScriptStruct: RBCornerAngleInfo                                - Instance: 0x27A66C36380
ScriptStruct: RBEdgeAngleInfo                                  - Instance: 0x27A66C36200
ScriptStruct: BuildingMatOverrides                             - Instance: 0x27A66C35F00
ScriptStruct: BuildingMeshInfo                                 - Instance: 0x27A66C36080
ScriptStruct: RBSplitInfo                                      - Instance: 0x27A66C35C00
ScriptStruct: PitchTekTextureDecalSettings                     - Instance: 0x27A66C1FD00
ScriptStruct: PitchTekClearSettings                            - Instance: 0x27A66C1FB80
ScriptStruct: PRIRemoteUserData                                - Instance: 0x27A66C1D600
ScriptStruct: NetPacketStats                                   - Instance: 0x27A66C1D480
ScriptStruct: CheckpointRecord                                 - Instance: 0x27A66C06500
ScriptStruct: ActivateOp                                       - Instance: 0x27A66C04B80
ScriptStruct: QueuedActivationInfo                             - Instance: 0x27A66C04A00
ScriptStruct: BulletBodyData                                   - Instance: 0x27A66BFB400
ScriptStruct: KCachedConvexDataElement                         - Instance: 0x27A66BF9A80
ScriptStruct: KCachedConvexData                                - Instance: 0x27A66BF9C00
ScriptStruct: LinearDOFSetup                                   - Instance: 0x27A66BEB700
ScriptStruct: CameraCutInfo                                    - Instance: 0x27A67BAB100
ScriptStruct: SavedTransform                                   - Instance: 0x27A67BAAF80
ScriptStruct: LevelStreamingNameCombo                          - Instance: 0x27A67BAA380
ScriptStruct: SwitchRange                                      - Instance: 0x27A67BA9900
ScriptStruct: WorldAttractorData                               - Instance: 0x27A67B8BB80
ScriptStruct: SwitchClassInfo                                  - Instance: 0x27A67B88580
ScriptStruct: SwitchObjectCase                                 - Instance: 0x27A67B7BD00
ScriptStruct: SoftBodyTetraLink                                - Instance: 0x27A67B63700
ScriptStruct: SoftBodySpecialBoneInfo                          - Instance: 0x27A67B63580
ScriptStruct: ClothSpecialBoneInfo                             - Instance: 0x27A67B63100
ScriptStruct: SkeletalMeshOptimizationSettings                 - Instance: 0x27A67B62F80
ScriptStruct: SkeletalMeshLODDistanceInfo                      - Instance: 0x27A67B62E00
ScriptStruct: TriangleSortSettings                             - Instance: 0x27A67B62B00
ScriptStruct: SkeletalMeshLODInfo                              - Instance: 0x27A67B62C80
ScriptStruct: BoneMirrorExport                                 - Instance: 0x27A67B62980
ScriptStruct: BoneMirrorInfo                                   - Instance: 0x27A67B62800
ScriptStruct: ApexClothingLodInfo                              - Instance: 0x27A67B62500
ScriptStruct: ApexClothingAssetInfo                            - Instance: 0x27A67B62680
ScriptStruct: SkelMeshActorControlTarget                       - Instance: 0x27A67B62380
ScriptStruct: CheckpointRecord                                 - Instance: 0x27A67B62200
ScriptStruct: SkelMaterialSetterDatum                          - Instance: 0x27A67B3F400
ScriptStruct: SoundClassEditorData                             - Instance: 0x27A67B3C700
ScriptStruct: SoundClassProperties                             - Instance: 0x27A67B3C580
ScriptStruct: SoundClassAdjuster                               - Instance: 0x27A67B3C400
ScriptStruct: AudioEQEffect                                    - Instance: 0x27A67B3C280
ScriptStruct: DistanceDatum                                    - Instance: 0x27A67B3C100
ScriptStruct: RecognisableWord                                 - Instance: 0x27A67B27400
ScriptStruct: RecogVocabulary                                  - Instance: 0x27A67B27580
ScriptStruct: RecogUserData                                    - Instance: 0x27A67B27280
ScriptStruct: SpeedTreeStaticLight                             - Instance: 0x27A67B27100
ScriptStruct: SplineConnection                                 - Instance: 0x27A67B26C80
ScriptStruct: SplineMeshParams                                 - Instance: 0x27A67B24E80
ScriptStruct: CheckpointRecord                                 - Instance: 0x27A67B24B80
ScriptStruct: SMMaterialSetterDatum                            - Instance: 0x27A67B0F880
ScriptStruct: TerrainHeight                                    - Instance: 0x27A67B0DF00
ScriptStruct: TerrainInfoData                                  - Instance: 0x27A67B0DD80
ScriptStruct: TerrainLayer                                     - Instance: 0x27A67B0DC00
ScriptStruct: TerrainDecorationInstance                        - Instance: 0x27A67B0D480
ScriptStruct: TerrainDecoration                                - Instance: 0x27A67B0D300
ScriptStruct: TerrainDecoLayer                                 - Instance: 0x27A67B0DA80
ScriptStruct: AlphaMap                                         - Instance: 0x27A67B0D900
ScriptStruct: TerrainWeightedMaterial                          - Instance: 0x27A67B0D780
ScriptStruct: SelectedTerrainVertex                            - Instance: 0x27A67B0D600
ScriptStruct: TerrainMaterialResource                          - Instance: 0x27A67B0D180
ScriptStruct: CachedTerrainMaterialArray                       - Instance: 0x27A67B0D000
ScriptStruct: TerrainPatchBounds                               - Instance: 0x27A67B0CA00
ScriptStruct: TerrainMaterialMask                              - Instance: 0x27A67B0C880
ScriptStruct: TerrainBVTree                                    - Instance: 0x27A67B0C700
ScriptStruct: FilterLimit                                      - Instance: 0x27A67B0C400
ScriptStruct: TerrainFilteredMaterial                          - Instance: 0x27A67B0C580
ScriptStruct: TerrainWeightedMaterial                          - Instance: 0x27A67B0C280
ScriptStruct: SourceTexture2DRegion                            - Instance: 0x27A67B0C100
ScriptStruct: ImageLayout                                      - Instance: 0x27A67AF7A00
ScriptStruct: CheckpointRecord                                 - Instance: 0x27A67AF6080
ScriptStruct: LevelStreamingData                               - Instance: 0x27A67AF4E80
ScriptStruct: PlayerStorageArrayProvider                       - Instance: 0x27A67ADE080
ScriptStruct: DynamicResourceProviderDefinition                - Instance: 0x27A67AD9C00
ScriptStruct: GameResourceDataProvider                         - Instance: 0x27A67AD9180
ScriptStruct: UIInputKeyData                                   - Instance: 0x27A67AD8880
ScriptStruct: UIDataStoreInputAlias                            - Instance: 0x27A67AD8A00
ScriptStruct: GameSearchCfg                                    - Instance: 0x27A67ACB580
ScriptStruct: GameSettingsCfg                                  - Instance: 0x27A67AC9C00
ScriptStruct: RankMetaData                                     - Instance: 0x27A67ABBB80
ScriptStruct: PlayerNickMetaData                               - Instance: 0x27A67ABBA00
ScriptStruct: RegistryKeyValuePair                             - Instance: 0x27A67ABAF80
ScriptStruct: UIMenuInputMap                                   - Instance: 0x27A67ABAB00
ScriptStruct: UIKeyRepeatData                                  - Instance: 0x27A67AB9900
ScriptStruct: UIAxisEmulationData                              - Instance: 0x27A67AB9A80
ScriptStruct: SoundEventMapping                                - Instance: 0x27A67A9FA00
ScriptStruct: StaticMeshLODElement                             - Instance: 0x27A53276F80
ScriptStruct: StaticMeshLODInfo                                - Instance: 0x27A53276E00
Const: MINFLOORZ                                               - Instance: 0x27A53672B80
Const: ACTORMAXSTEPHEIGHT                                      - Instance: 0x27A53672B00
Const: RBSTATE_LOCATIONSCALE                                   - Instance: 0x27A53672A80
Const: RBSTATE_QUATBITS                                        - Instance: 0x27A53672A00
Const: RBSTATE_LINVELSCALE                                     - Instance: 0x27A53672980
Const: RBSTATE_ANGVELSCALE                                     - Instance: 0x27A53672900
Const: RB_None                                                 - Instance: 0x27A53672880
Const: RB_NeedsUpdate                                          - Instance: 0x27A53672800
Const: RB_Sleeping                                             - Instance: 0x27A53672780
Const: REP_RBLOCATION_ERROR_TOLERANCE_SQ                       - Instance: 0x27A53672500
Const: TRACEFLAG_ForceController                               - Instance: 0x27A53672480
Const: TRACEFLAG_Blocking                                      - Instance: 0x27A53672400
Const: TRACEFLAG_SkipMovers                                    - Instance: 0x27A53672380
Const: TRACEFLAG_PhysicsVolumes                                - Instance: 0x27A53672300
Const: TRACEFLAG_Bullet                                        - Instance: 0x27A53672280
Const: SDPG_NumBits                                            - Instance: 0x27A53672080
Const: BLOCKEDPATHCOST                                         - Instance: 0x27A53671E80
Const: LATENT_MOVETOWARD                                       - Instance: 0x27A53671E00
Const: INFINITE_PATH_COST                                      - Instance: 0x27A53671C00
Const: MAX_ACTIVE_CAMERA_ANIMS                                 - Instance: 0x27A534E7A80
Const: GET_SAVE_SLOT_INVALID                                   - Instance: 0x27A534E6F00
Const: GET_SAVE_SLOT_ERROR                                     - Instance: 0x27A534E6D80
Const: COMMON_DATA_SAVE_SLOT_INDEX                             - Instance: 0x27A534E6D00
Const: SAVE_SYSTEM_VERSION_KEY                                 - Instance: 0x27A534E6C80
Const: SAVE_DATA_BLOB_NAME_KEY                                 - Instance: 0x27A534E6C00
Const: DATA_STORE_ID_KEY                                       - Instance: 0x27A534E6B80
Const: NUM_SAVE_SLOTS_KEY                                      - Instance: 0x27A534E6B00
Const: DEFAULT_SIZE_X                                          - Instance: 0x27A534E6800
Const: DEFAULT_SIZE_Y                                          - Instance: 0x27A534E6780
Const: MAX_SUPPORTED_GAMEPADS                                  - Instance: 0x27A534E6700
Const: MaxHistory                                              - Instance: 0x27A534E6600
Const: COVERLINK_DangerDist                                    - Instance: 0x27A534E6080
Const: COVERLINK_EdgeExposureDot                               - Instance: 0x27A534E6180
Const: COVERLINK_EdgeCheckDot                                  - Instance: 0x27A534E5D00
Const: COVERLINK_ExposureDot                                   - Instance: 0x27A534E5C80
Const: EpochYear                                               - Instance: 0x27A534E5980
Const: SecondsInMinute                                         - Instance: 0x27A534E5900
Const: SecondsInHour                                           - Instance: 0x27A534E5880
Const: SecondsInDay                                            - Instance: 0x27A534E5800
Const: SecondsInMonth                                          - Instance: 0x27A534E5780
Const: SecondsInYear                                           - Instance: 0x27A534E5700
Const: NULLCHARACTER                                           - Instance: 0x27A53363400
Const: FSM_DEFAULTRECYCLETIME                                  - Instance: 0x27A53363180
Const: HeaderFlags_NoEventStrings                              - Instance: 0x27A53362D00
Const: GAMEEVENT_MATCH_STARTED                                 - Instance: 0x27A53362C00
Const: GAMEEVENT_MATCH_ENDED                                   - Instance: 0x27A53362B80
Const: GAMEEVENT_ROUND_STARTED                                 - Instance: 0x27A53362B00
Const: GAMEEVENT_ROUND_ENDED                                   - Instance: 0x27A53362A80
Const: GAMEEVENT_GAME_CLASS                                    - Instance: 0x27A53362A00
Const: GAMEEVENT_GAME_OPTION_URL                               - Instance: 0x27A53362980
Const: GAMEEVENT_GAME_MAPNAME                                  - Instance: 0x27A53362900
Const: GAMEEVENT_MEMORYUSAGE_POLL                              - Instance: 0x27A53362880
Const: GAMEEVENT_FRAMERATE_POLL                                - Instance: 0x27A53362800
Const: GAMEEVENT_NETWORKUSAGEIN_POLL                           - Instance: 0x27A53362780
Const: GAMEEVENT_NETWORKUSAGEOUT_POLL                          - Instance: 0x27A53362700
Const: GAMEEVENT_PING_POLL                                     - Instance: 0x27A53362680
Const: GAMEEVENT_RENDERTHREAD_POLL                             - Instance: 0x27A53362600
Const: GAMEEVENT_GAMETHREAD_POLL                               - Instance: 0x27A53362580
Const: GAMEEVENT_GPUFRAMETIME_POLL                             - Instance: 0x27A53362500
Const: GAMEEVENT_FRAMETIME_POLL                                - Instance: 0x27A53362480
Const: GAMEEVENT_TEAM_CREATED                                  - Instance: 0x27A53362400
Const: GAMEEVENT_TEAM_GAME_SCORE                               - Instance: 0x27A53362380
Const: GAMEEVENT_TEAM_MATCH_WON                                - Instance: 0x27A53362300
Const: GAMEEVENT_TEAM_ROUND_WON                                - Instance: 0x27A53362280
Const: GAMEEVENT_TEAM_ROUND_STALEMATE                          - Instance: 0x27A53362200
Const: GAMEEVENT_PLAYER_LOGIN                                  - Instance: 0x27A53362180
Const: GAMEEVENT_PLAYER_LOGOUT                                 - Instance: 0x27A53362100
Const: GAMEEVENT_PLAYER_SPAWN                                  - Instance: 0x27A53362080
Const: GAMEEVENT_PLAYER_MATCH_WON                              - Instance: 0x27A53362000
Const: GAMEEVENT_PLAYER_KILL                                   - Instance: 0x27A53361F80
Const: GAMEEVENT_PLAYER_LOCATION_POLL                          - Instance: 0x27A53361F00
Const: GAMEEVENT_PLAYER_TEAMCHANGE                             - Instance: 0x27A53361E80
Const: GAMEEVENT_PLAYER_KILL_STREAK                            - Instance: 0x27A53361E00
Const: GAMEEVENT_PLAYER_DEATH                                  - Instance: 0x27A53361D80
Const: GAMEEVENT_PLAYER_ROUND_WON                              - Instance: 0x27A53361D00
Const: GAMEEVENT_PLAYER_ROUND_STALEMATE                        - Instance: 0x27A53361C80
Const: GAMEEVENT_WEAPON_DAMAGE                                 - Instance: 0x27A53361C00
Const: GAMEEVENT_WEAPON_DAMAGE_MELEE                           - Instance: 0x27A53361B80
Const: GAMEEVENT_WEAPON_FIRED                                  - Instance: 0x27A53361B00
Const: GAMEEVENT_PLAYER_KILL_NORMAL                            - Instance: 0x27A53361A80
Const: GAMEEVENT_GENERIC_PARAM_LIST_START                      - Instance: 0x27A53361A00
Const: GAMEEVENT_GENERIC_PARAM_LIST_END                        - Instance: 0x27A53361980
Const: GAMEEVENT_GAME_SPECIFIC                                 - Instance: 0x27A53361900
Const: GAMEEVENT_MAX_EVENTID                                   - Instance: 0x27A53361880
Const: SCENEFILTER_None                                        - Instance: 0x27A53361600
Const: SCENEFILTER_IncludeTransient                            - Instance: 0x27A53361580
Const: SCENEFILTER_InputProcessorOnly                          - Instance: 0x27A53361500
Const: SCENEFILTER_PausersOnly                                 - Instance: 0x27A53361480
Const: SCENEFILTER_PrimitiveUsersOnly                          - Instance: 0x27A53361400
Const: SCENEFILTER_UsesPostProcessing                          - Instance: 0x27A53361380
Const: SCENEFILTER_ReceivesFocus                               - Instance: 0x27A53361300
Const: SCENEFILTER_Any                                         - Instance: 0x27A53361280
Const: MAX_INSTANCES_PER_CLASS                                 - Instance: 0x27A53361080
Const: MAX_BOOKMARK_NUMBER                                     - Instance: 0x27A53360E80
Const: MAXCLIENTUPDATEINTERVAL                                 - Instance: 0x27A53360600
Const: CLIENTADJUSTUPDATECOST                                  - Instance: 0x27A53360580
Const: MAXNEARZEROVELOCITYSQUARED                              - Instance: 0x27A53360500
Const: MAXPOSITIONERRORSQUARED                                 - Instance: 0x27A53360480
Const: MAX_AIGROUP_NUMBER                                      - Instance: 0x27A66E7A900
Const: LINECHECK_GRANULARITY                                   - Instance: 0x27A66E7A400
Const: NUM_PATHFINDING_PARAMS                                  - Instance: 0x27A66E7A380
Const: NumBreadCrumbs                                          - Instance: 0x27A66E7A300
Const: PROCBUILDING_VERSION                                    - Instance: 0x27A66C6B300
Const: ROOF_MINZ                                               - Instance: 0x27A66C6B200
Enum: EGameClipsAvailability                                   - Instance: 0x27A53673200
Enum: EGameClipsRecording                                      - Instance: 0x27A53673180
Enum: EGameClipsConnectionStatus                               - Instance: 0x27A53673100
Enum: EGameClipsConnection                                     - Instance: 0x27A53673080
Enum: EGameClipsClipStatus                                     - Instance: 0x27A53673000
Enum: EGameClipsStateChangeType                                - Instance: 0x27A53672F80
Enum: EGameClipsMaskStatus                                     - Instance: 0x27A53672F00
Enum: EActorMetricsType                                        - Instance: 0x27A53672E80
Enum: EMoveDir                                                 - Instance: 0x27A53672E00
Enum: EPhysics                                                 - Instance: 0x27A53672D80
Enum: EForceMode                                               - Instance: 0x27A53672D00
Enum: ECollisionType                                           - Instance: 0x27A53672C00
Enum: ETravelType                                              - Instance: 0x27A53672700
Enum: EDoubleClickDir                                          - Instance: 0x27A53672680
Enum: ENetRole                                                 - Instance: 0x27A53672600
Enum: EGJKResult                                               - Instance: 0x27A53672200
Enum: EDetailMode                                              - Instance: 0x27A53672180
Enum: ESceneDepthPriorityGroup                                 - Instance: 0x27A53672100
Enum: ERadialImpulseFalloff                                    - Instance: 0x27A53672000
Enum: ERBCollisionChannel                                      - Instance: 0x27A53671F80
Enum: ENavMeshEdgeType                                         - Instance: 0x27A53671A00
Enum: EBankLoadStatus                                          - Instance: 0x27A53671980
Enum: EAmbientOcclusionQuality                                 - Instance: 0x27A53671900
Enum: ECsgOper                                                 - Instance: 0x27A53671880
Enum: EReverbPreset                                            - Instance: 0x27A53671800
Enum: EInputPlatformType                                       - Instance: 0x27A53671780
Enum: EPathFindingError                                        - Instance: 0x27A53671700
Enum: EDebugState                                              - Instance: 0x27A53671680
Enum: ESoundClassName                                          - Instance: 0x27A53671600
Enum: ETTSSpeaker                                              - Instance: 0x27A53671580
Enum: ESoundDistanceCalc                                       - Instance: 0x27A53671500
Enum: ESoundDistanceModel                                      - Instance: 0x27A53671480
Enum: EPlatformInterfaceDataType                               - Instance: 0x27A53671200
Enum: EAnimationCompressionFormat                              - Instance: 0x27A53671100
Enum: EAnimationKeyFormat                                      - Instance: 0x27A53671080
Enum: ESliderType                                              - Instance: 0x27A53671000
Enum: EWeightCheck                                             - Instance: 0x27A53670F80
Enum: EBlendType                                               - Instance: 0x27A53670F00
Enum: EAnimAimDir                                              - Instance: 0x27A53670E80
Enum: EAimID                                                   - Instance: 0x27A53670E00
Enum: EBaseBlendType                                           - Instance: 0x27A53670D80
Enum: ERootRotationOption                                      - Instance: 0x27A53670C80
Enum: ERootBoneAxis                                            - Instance: 0x27A53670C00
Enum: EPhysBodyOp                                              - Instance: 0x27A53670980
Enum: EBoneVisibilityStatus                                    - Instance: 0x27A53670900
Enum: EFaceFXRegOp                                             - Instance: 0x27A53670880
Enum: EFaceFXBlendMode                                         - Instance: 0x27A53670800
Enum: EInstanceWeightUsage                                     - Instance: 0x27A53670780
Enum: EAnimRotationOnly                                        - Instance: 0x27A53670700
Enum: ERootMotionRotationMode                                  - Instance: 0x27A53670680
Enum: ERootMotionMode                                          - Instance: 0x27A53670600
Enum: EMaxDistanceScaleMode                                    - Instance: 0x27A53670580
Enum: EBlendMode                                               - Instance: 0x27A53670500
Enum: EMaterialLightingModel                                   - Instance: 0x27A53670480
Enum: EMaterialTessellationMode                                - Instance: 0x27A53670400
Enum: EMobileValueSource                                       - Instance: 0x27A53670380
Enum: EMobileTextureBlendFactorSource                          - Instance: 0x27A53670300
Enum: EMobileTexCoordsSource                                   - Instance: 0x27A53670280
Enum: EMobileAlphaValueSource                                  - Instance: 0x27A53670200
Enum: EMobileColorMultiplySource                               - Instance: 0x27A53670180
Enum: EMobileEmissiveColorSource                               - Instance: 0x27A53670100
Enum: EMobileEnvironmentBlendMode                              - Instance: 0x27A53670080
Enum: EMobileSpecularMask                                      - Instance: 0x27A534E7F80
Enum: EMobileAmbientOcclusionSource                            - Instance: 0x27A534E7F00
Enum: ELightingBuildQuality                                    - Instance: 0x27A534E7E80
Enum: EPathSearchType                                          - Instance: 0x27A534E7E00
Enum: EDynamicLightEnvironmentBoundsMethod                     - Instance: 0x27A534E7D80
Enum: EImpactDamageOverride                                    - Instance: 0x27A534E7D00
Enum: EDamageParameterOverrideMode                             - Instance: 0x27A534E7C80
Enum: ECameraAnimPlaySpace                                     - Instance: 0x27A534E7B00
Enum: EViewTargetBlendFunction                                 - Instance: 0x27A534E7900
Enum: EFocusType                                               - Instance: 0x27A534E7880
Enum: EInitialOscillatorOffset                                 - Instance: 0x27A534E7680
Enum: ECanvasBlendMode                                         - Instance: 0x27A534E7600
Enum: ETextureCompressionSettings                              - Instance: 0x27A534E7580
Enum: EPixelFormat                                             - Instance: 0x27A534E7480
Enum: ETextureFilter                                           - Instance: 0x27A534E7400
Enum: ETextureAddress                                          - Instance: 0x27A534E7380
Enum: ETextureGroup                                            - Instance: 0x27A534E7300
Enum: ETextureMipGenSettings                                   - Instance: 0x27A534E7280
Enum: ETextureMipCount                                         - Instance: 0x27A534E7200
Enum: ESaveDataVersionSupport                                  - Instance: 0x27A534E6F80
Enum: ESaveSlotOperationEnum                                   - Instance: 0x27A534E6E80
Enum: ECloudStorageDelegate                                    - Instance: 0x27A534E6A00
Enum: ETouchType                                               - Instance: 0x27A534E6680
Enum: ECoverGroupFillAction                                    - Instance: 0x27A534E5D80
Enum: ECoverLocationDescription                                - Instance: 0x27A534E5E00
Enum: ECoverType                                               - Instance: 0x27A534E5E80
Enum: ECoverAction                                             - Instance: 0x27A534E5F00
Enum: ECoverDirection                                          - Instance: 0x27A534E5F80
Enum: EFireLinkID                                              - Instance: 0x27A534E6000
Enum: ELightmapModificationFunction                            - Instance: 0x27A534E5B80
Enum: ETimeZone                                                - Instance: 0x27A534E5A00
Enum: EFilterMode                                              - Instance: 0x27A534E5600
Enum: EDecalTransform                                          - Instance: 0x27A534E5580
Enum: EMaterialUsage                                           - Instance: 0x27A534E5500
Enum: EShadowFilterQuality                                     - Instance: 0x27A534E5400
Enum: EShadowProjectionTechnique                               - Instance: 0x27A534E5380
Enum: ELightShadowMode                                         - Instance: 0x27A534E5300
Enum: ELightAffectsClassification                              - Instance: 0x27A534E5280
Enum: EDistributionParamMode                                   - Instance: 0x27A534E5200
Enum: EDOFQuality                                              - Instance: 0x27A534E5180
Enum: EDOFType                                                 - Instance: 0x27A534E5100
Enum: EOnlineFriendState                                       - Instance: 0x27A534E5080
Enum: EFeaturePrivilege                                        - Instance: 0x27A534E5000
Enum: ELoginStatus                                             - Instance: 0x27A534E4F80
Enum: EPlayerInteractionPerm                                   - Instance: 0x27A534E4F00
Enum: ECommunicationMethod                                     - Instance: 0x27A534E4E80
Enum: EAvatarSize                                              - Instance: 0x27A534E4E00
Enum: EPinGrantResult                                          - Instance: 0x27A534E4D00
Enum: EFeaturePrivilegeLevel                                   - Instance: 0x27A534E4C80
Enum: EPS4ErrorDialog                                          - Instance: 0x27A534E4C00
Enum: EPS4DisplayMode                                          - Instance: 0x27A534E4B80
Enum: ENATType                                                 - Instance: 0x27A534E4B00
Enum: EOnlineServerConnectionStatus                            - Instance: 0x27A534E4A80
Enum: ESessionMemberStatus                                     - Instance: 0x27A534E4980
Enum: EOnlineNewsType                                          - Instance: 0x27A534E4900
Enum: EInventoryItemState                                      - Instance: 0x27A534E4880
Enum: EMediaItemType                                           - Instance: 0x27A534E4800
Enum: EOnlineEnumerationReadState                              - Instance: 0x27A534E4780
Enum: EOnlineGameState                                         - Instance: 0x27A534E4700
Enum: ECatalogSortOrder                                        - Instance: 0x27A534E4680
Enum: EAchievementUnlockType                                   - Instance: 0x27A534E4600
Enum: EAchievementMediaAssetType                               - Instance: 0x27A534E4580
Enum: EAchievementParticipationType                            - Instance: 0x27A534E4500
Enum: EAchievementProgressState                                - Instance: 0x27A534E4480
Enum: EAchievementRewardType                                   - Instance: 0x27A534E4400
Enum: ESettingsDataType                                        - Instance: 0x27A534E4380
Enum: EOnlineDataAdvertisementType                             - Instance: 0x27A534E4300
Enum: EOnlineFileType                                          - Instance: 0x27A534E4280
Enum: EOnlineAccountCreateStatus                               - Instance: 0x27A534E4200
Enum: ELanBeaconState                                          - Instance: 0x27A534E4180
Enum: EOnlineContentType                                       - Instance: 0x27A534E4100
Enum: EOnlineCreateGameSessionFlag                             - Instance: 0x27A534E4080
Enum: EOnlineAccountTier                                       - Instance: 0x27A53363F00
Enum: ENetworkNotificationPosition                             - Instance: 0x27A53363E00
Enum: EWordFilterCensorship                                    - Instance: 0x27A53363D80
Enum: EParticleSysParamType                                    - Instance: 0x27A53363B80
Enum: EParticleReplayState                                     - Instance: 0x27A53363B00
Enum: EParticleEventType                                       - Instance: 0x27A53363A80
Enum: EParticleSystemLODMethod                                 - Instance: 0x27A53363A00
Enum: EBasicLoadResult                                         - Instance: 0x27A53363900
Enum: EImageFilterOptions                                      - Instance: 0x27A53363880
Enum: EReplayFXProperties                                      - Instance: 0x27A53363800
Enum: ETransitionType                                          - Instance: 0x27A53363780
Enum: EFacebookIntegrationDelegate                             - Instance: 0x27A53363600
Enum: EFWFileType                                              - Instance: 0x27A53363580
Enum: EInfluenceType                                           - Instance: 0x27A53363500
Enum: EFontImportCharacterSet                                  - Instance: 0x27A53363480
Enum: EWaveformFunction                                        - Instance: 0x27A53363300
Enum: EFullyLoadPackageType                                    - Instance: 0x27A53363000
Enum: EStandbyType                                             - Instance: 0x27A53362F80
Enum: EGameStatGroups                                          - Instance: 0x27A53362D80
Enum: EHostMigrationProgress                                   - Instance: 0x27A53361200
Enum: EConsoleType                                             - Instance: 0x27A53361180
Enum: EPreferredLightmapType                                   - Instance: 0x27A53361000
Enum: EVisibilityAggressiveness                                - Instance: 0x27A53360F80
Enum: ENetMode                                                 - Instance: 0x27A53360F00
Enum: EMovieControlType                                        - Instance: 0x27A53360D00
Enum: EPropertyValueMappingType                                - Instance: 0x27A53360C80
Enum: EOnlineGameSearchComparisonType                          - Instance: 0x27A53360C00
Enum: EOnlineGameSearchEntryType                               - Instance: 0x27A53360B80
Enum: EOnlineGameSearchSortType                                - Instance: 0x27A53360B00
Enum: EProgressMessageType                                     - Instance: 0x27A53360A80
Enum: EInputMatchAction                                        - Instance: 0x27A53360700
Enum: EInputTypes                                              - Instance: 0x27A53360680
Enum: ESplitScreenType                                         - Instance: 0x27A53360400
Enum: ESafeZoneType                                            - Instance: 0x27A53360380
Enum: ESetMode                                                 - Instance: 0x27A53360300
Enum: EInAppMessageInterfaceDelegate                           - Instance: 0x27A53360080
Enum: EAdManagerDelegate                                       - Instance: 0x27A66E7BF80
Enum: EFoliageCullOption                                       - Instance: 0x27A66E7BE80
Enum: EEdgeHandlingStatus                                      - Instance: 0x27A66E7BE00
Enum: ETrackActiveCondition                                    - Instance: 0x27A66E7BD80
Enum: EHeadTrackingAction                                      - Instance: 0x27A66E7BD00
Enum: ETrackToggleAction                                       - Instance: 0x27A66E7BC80
Enum: EVisibilityTrackCondition                                - Instance: 0x27A66E7BC00
Enum: EVisibilityTrackAction                                   - Instance: 0x27A66E7BB80
Enum: EInterpTrackMoveRotMode                                  - Instance: 0x27A66E7BB00
Enum: EInterpTrackMoveFrame                                    - Instance: 0x27A66E7BA80
Enum: EInterpMoveAxis                                          - Instance: 0x27A66E7BA00
Enum: ELandscapeSetupErrors                                    - Instance: 0x27A66E7B800
Enum: ELandscapeGizmoType                                      - Instance: 0x27A66E7B780
Enum: ELevelGridCellShape                                      - Instance: 0x27A66E7B600
Enum: EStreamingVolumeUsage                                    - Instance: 0x27A66E7B580
Enum: EAuthStatus                                              - Instance: 0x27A66E7B380
Enum: EAuthTicketServiceRequester                              - Instance: 0x27A66E7B300
Enum: ETextureColorChannel                                     - Instance: 0x27A66E7B200
Enum: ECustomMaterialOutputType                                - Instance: 0x27A66E7B180
Enum: EDepthOfFieldFunctionValue                               - Instance: 0x27A66E7B100
Enum: EFunctionInputType                                       - Instance: 0x27A66E7B080
Enum: EGameObjectShaderParameterType                           - Instance: 0x27A66E7B000
Enum: EGameShaderParameterType                                 - Instance: 0x27A66E7AF80
Enum: ELandscapeLayerBlendType                                 - Instance: 0x27A66E7AF00
Enum: EMusicAnalysisShaderParameterType                        - Instance: 0x27A66E7AE80
Enum: EPitchTekTextureType                                     - Instance: 0x27A66E7AE00
Enum: ESceneTextureType                                        - Instance: 0x27A66E7AD80
Enum: ETerrainCoordMappingType                                 - Instance: 0x27A66E7AC80
Enum: EMaterialVectorCoordTransform                            - Instance: 0x27A66E7AB80
Enum: EMaterialVectorCoordTransformSource                      - Instance: 0x27A66E7AB00
Enum: EMaterialPositionTransform                               - Instance: 0x27A66E7AA80
Enum: EMaterialPositionTransformSource                         - Instance: 0x27A66E7AA00
Enum: EMicroTransactionDelegate                                - Instance: 0x27A66E7A600
Enum: EMicroTransactionResult                                  - Instance: 0x27A66E7A580
Enum: EFFG_ForceFieldCoordinates                               - Instance: 0x27A66E7A100
Enum: EFFB_ForceFieldCoordinates                               - Instance: 0x27A66E7A080
Enum: ELobbyKickReason                                         - Instance: 0x27A66E79E80
Enum: ELobbyVisibility                                         - Instance: 0x27A66E79E00
Enum: ELobbyDistance                                           - Instance: 0x27A66E79D80
Enum: EOnlineProfilePropertyOwner                              - Instance: 0x27A66E79B00
Enum: EOnlinePlayerStorageAsyncState                           - Instance: 0x27A66E79A80
Enum: EProfileSettingID                                        - Instance: 0x27A66E79900
Enum: EProfileDifficultyOptions                                - Instance: 0x27A66E79980
Enum: EProfileControllerSensitivityOptions                     - Instance: 0x27A66E79880
Enum: EProfilePreferredColorOptions                            - Instance: 0x27A66E79800
Enum: EProfileAutoAimOptions                                   - Instance: 0x27A66E79780
Enum: EProfileAutoCenterOptions                                - Instance: 0x27A66E79700
Enum: EProfileMovementControlOptions                           - Instance: 0x27A66E79680
Enum: EProfileRaceTransmissionOptions                          - Instance: 0x27A66E79600
Enum: EProfileRaceCameraLocationOptions                        - Instance: 0x27A66E79580
Enum: EProfileRaceBrakeControlOptions                          - Instance: 0x27A66E79500
Enum: EProfileRaceAcceleratorControlOptions                    - Instance: 0x27A66E79480
Enum: EProfileYInversionOptions                                - Instance: 0x27A66E79400
Enum: EProfileXInversionOptions                                - Instance: 0x27A66E79380
Enum: EProfileOmniDirEvadeOptions                              - Instance: 0x27A66E79300
Enum: EProfileControllerVibrationToggleOptions                 - Instance: 0x27A66E79280
Enum: EProfileVoiceThruSpeakersOptions                         - Instance: 0x27A66E79200
Enum: EEmitterRenderMode                                       - Instance: 0x27A66E78F00
Enum: EParticleSubUVInterpMethod                               - Instance: 0x27A66E78E80
Enum: EParticleBurstMethod                                     - Instance: 0x27A66E78E00
Enum: EModuleType                                              - Instance: 0x27A66E78D80
Enum: EParticleSourceSelectionMethod                           - Instance: 0x27A66E78D00
Enum: EBoneSocketAttractorFalloffType                          - Instance: 0x27A66E78C80
Enum: ELocationBoneSocketDestSelectionMethod                   - Instance: 0x27A66E78C00
Enum: ELocationBoneSocketDestination                           - Instance: 0x27A66E78B80
Enum: EAttractorParticleSelectionMethod                        - Instance: 0x27A66E78A80
Enum: EVertSurfaceAttractorFalloffType                         - Instance: 0x27A66E78A00
Enum: EAttractorSkelVertSurfaceDestination                     - Instance: 0x27A66E78980
Enum: EBeam2SourceTargetMethod                                 - Instance: 0x27A66E78880
Enum: EBeam2SourceTargetTangentMethod                          - Instance: 0x27A66E78800
Enum: EBeamModifierType                                        - Instance: 0x27A66E78780
Enum: EParticleCameraOffsetUpdateMethod                        - Instance: 0x27A66E78680
Enum: EParticleCollisionComplete                               - Instance: 0x27A66E78600
Enum: EParticleAttractorActionType                             - Instance: 0x27A66E78580
Enum: ELocationBoneSocketSource                                - Instance: 0x27A66E78400
Enum: ELocationBoneSocketSelectionMethod                       - Instance: 0x27A66E78380
Enum: ELocationEmitterSelectionMethod                          - Instance: 0x27A66E78300
Enum: ECylinderHeightAxis                                      - Instance: 0x27A66E78280
Enum: ELocationSkelVertSurfaceSource                           - Instance: 0x27A66E78200
Enum: ELocationStaticVertSurfaceSource                         - Instance: 0x27A66E78180
Enum: EOrbitChainMode                                          - Instance: 0x27A66E78100
Enum: EParticleAxisLock                                        - Instance: 0x27A66E78080
Enum: EEmitterDynamicParameterValue                            - Instance: 0x27A66C6BF80
Enum: EParticleLevelInfluenceType                              - Instance: 0x27A66C6BF00
Enum: EParticleScreenAlignment                                 - Instance: 0x27A66C6BE80
Enum: EEmitterNormalsMode                                      - Instance: 0x27A66C6BE00
Enum: EParticleSortMode                                        - Instance: 0x27A66C6BD80
Enum: ETrail2SourceMethod                                      - Instance: 0x27A66C6BD00
Enum: ETrail2SpawnMethod                                       - Instance: 0x27A66C6BC80
Enum: ETrailTaperMethod                                        - Instance: 0x27A66C6BC00
Enum: EBeamMethod                                              - Instance: 0x27A66C6BB80
Enum: EBeamEndPointMethod                                      - Instance: 0x27A66C6BB00
Enum: EBeam2Method                                             - Instance: 0x27A66C6BA00
Enum: EBeamTaperMethod                                         - Instance: 0x27A66C6B980
Enum: EMeshCameraFacingOptions                                 - Instance: 0x27A66C6B900
Enum: EMeshCameraFacingUpAxis                                  - Instance: 0x27A66C6B880
Enum: EMeshScreenAlignment                                     - Instance: 0x27A66C6B800
Enum: EPhysXMeshRotationMethod                                 - Instance: 0x27A66C6B780
Enum: ETrailsRenderAxisOption                                  - Instance: 0x27A66C6B700
Enum: EParticleSystemOcclusionBoundsMethod                     - Instance: 0x27A66C6B680
Enum: EParticleSystemUpdateMode                                - Instance: 0x27A66C6B600
Enum: EProcBuildingAxis                                        - Instance: 0x27A66C6B480
Enum: EScopeEdge                                               - Instance: 0x27A66C6B400
Enum: EBuildingStatsBrowserColumns                             - Instance: 0x27A66C6B380
Enum: EPBCornerType                                            - Instance: 0x27A66C6B280
Enum: EProcBuildingEdge                                        - Instance: 0x27A66C6B180
Enum: EPhysEffectType                                          - Instance: 0x27A66C6B080
Enum: ESimulationMethod                                        - Instance: 0x27A66C6B000
Enum: EPacketSizeMultiplier                                    - Instance: 0x27A66C6AF80
Enum: EPitchTekTargetSize                                      - Instance: 0x27A66C6AF00
Enum: ECrossPlatformChatState                                  - Instance: 0x27A66C6AE80
Enum: EBlockListDownloadStatus                                 - Instance: 0x27A66C6AE00
Enum: ESceneCapturePostMethod                                  - Instance: 0x27A66C6AA80
Enum: ESceneCaptureViewMode                                    - Instance: 0x27A66C6AA00
Enum: ESleepFamily                                             - Instance: 0x27A66C6A900
Enum: ERadialForceType                                         - Instance: 0x27A66C6A880
Enum: ERouteDirection                                          - Instance: 0x27A66C6A780
Enum: ERouteFillAction                                         - Instance: 0x27A66C6A700
Enum: ERouteType                                               - Instance: 0x27A66C6A680
Enum: EPointSelection                                          - Instance: 0x27A66C6A500
Enum: EMeshType                                                - Instance: 0x27A66C69D00
Enum: EWorldAttractorFalloffType                               - Instance: 0x27A66C69B00
Enum: EParticleEventOutputType                                 - Instance: 0x27A66C69800
Enum: EBoneControlSpace                                        - Instance: 0x27A66C69780
Enum: ESplineControlRotMode                                    - Instance: 0x27A66C69700
Enum: ESoftBodyBoneType                                        - Instance: 0x27A66C69680
Enum: EClothBoneType                                           - Instance: 0x27A66C69580
Enum: ESkeletalMeshOptimizationNormalMode                      - Instance: 0x27A66C69500
Enum: ESkeletalMeshOptimizationImportance                      - Instance: 0x27A66C69480
Enum: ESkeletalMeshOptimizationType                            - Instance: 0x27A66C69400
Enum: ETriangleSortOption                                      - Instance: 0x27A66C69380
Enum: EBoneBreakOption                                         - Instance: 0x27A66C69300
Enum: ETriangleSortAxis                                        - Instance: 0x27A66C69280
Enum: EClothMovementScaleGen                                   - Instance: 0x27A66C69200
Enum: EDecompressionType                                       - Instance: 0x27A66C69100
Enum: ESpeedTreeMeshType                                       - Instance: 0x27A66C69000
Enum: ETerrainMappingType                                      - Instance: 0x27A66C68E80
Enum: ETextureFlipBookMethod                                   - Instance: 0x27A66C68E00
Enum: EMovieStreamSource                                       - Instance: 0x27A66C68D80
Enum: ETwitterRequestMethod                                    - Instance: 0x27A66C68B80
Enum: ETwitterIntegrationDelegate                              - Instance: 0x27A66C68B00
Enum: EPostProcessAAType                                       - Instance: 0x27A66C68A80
Enum: ETonemapperType                                          - Instance: 0x27A66C68A00
Enum: EMenuOptionType                                          - Instance: 0x27A66C68980
Enum: EStatsFetchType                                          - Instance: 0x27A66C68700
Class: Actor                                                   - Instance: 0x27A52F13C00
Class: Info                                                    - Instance: 0x27A531F0400
Class: ZoneInfo                                                - Instance: 0x27A531F0C00
Class: WorldInfo                                               - Instance: 0x27A531F0800
Class: DownloadableContentEnumerator                           - Instance: 0x27A52F13800
Class: DownloadableContentManager                              - Instance: 0x27A52F13400
Class: Engine                                                  - Instance: 0x27A52F13000
Class: GameEngine                                              - Instance: 0x27A52F12C00
Class: EngineBaseTypes                                         - Instance: 0x27A52F12800
Class: ISetParameter                                           - Instance: 0x27A52F12400
Class: _Types_Engine                                           - Instance: 0x27A52F12000
Class: Brush                                                   - Instance: 0x27A52F11C00
Class: BrushShape                                              - Instance: 0x27A52F11800
Class: Volume                                                  - Instance: 0x27A52F11400
Class: BlockingVolume                                          - Instance: 0x27A52F11000
Class: DynamicBlockingVolume                                   - Instance: 0x27A52F10C00
Class: CullDistanceVolume                                      - Instance: 0x27A52F10800
Class: LevelGridVolume                                         - Instance: 0x27A52F10400
Class: LevelStreamingVolume                                    - Instance: 0x27A52F0FC00
Class: LightmassCharacterIndirectDetailVolume                  - Instance: 0x27A52F0F800
Class: LightmassImportanceVolume                               - Instance: 0x27A52F0F400
Class: MassiveLODOverrideVolume                                - Instance: 0x27A52F0F000
Class: PathBlockingVolume                                      - Instance: 0x27A52F0EC00
Class: PhysicsVolume                                           - Instance: 0x27A52F0E800
Class: DefaultPhysicsVolume                                    - Instance: 0x27A52F0E400
Class: GravityVolume                                           - Instance: 0x27A52F0E000
Class: PortalVolume                                            - Instance: 0x27A52F0DC00
Class: PostProcessVolume                                       - Instance: 0x27A52F0D800
Class: PrecomputedVisibilityOverrideVolume                     - Instance: 0x27A52F0D400
Class: PrecomputedVisibilityVolume                             - Instance: 0x27A52F0D000
Class: ReverbVolume                                            - Instance: 0x27A52F0CC00
Class: TriggerVolume                                           - Instance: 0x27A52F0C800
Class: DynamicSMActor                                          - Instance: 0x27A52F0C400
Class: InterpActor                                             - Instance: 0x27A52F17C00
Class: Emitter                                                 - Instance: 0x27A52F17800
Class: StaticEmitterCollectionActor                            - Instance: 0x27A52F17400
Class: EmitterPool                                             - Instance: 0x27A52F17000
Class: HUD                                                     - Instance: 0x27A52F16C00
Class: AutoTestManager                                         - Instance: 0x27A52F16800
Class: CoverGroup                                              - Instance: 0x27A52F16400
Class: FileWriter                                              - Instance: 0x27A52F16000
Class: FileLog                                                 - Instance: 0x27A52F15C00
Class: GameInfo                                                - Instance: 0x27A52F15800
Class: Mutator                                                 - Instance: 0x27A52F15400
Class: Route                                                   - Instance: 0x27A52F15000
Class: WindPointSource                                         - Instance: 0x27A52F14C00
Class: Keypoint                                                - Instance: 0x27A52F14800
Class: TargetPoint                                             - Instance: 0x27A52F14400
Class: MaterialInstanceActor                                   - Instance: 0x27A52F23C00
Class: MatineeActor                                            - Instance: 0x27A52F23800
Class: NavigationPoint                                         - Instance: 0x27A52F23400
Class: CoverLink                                               - Instance: 0x27A52F22C00
Class: DynamicAnchor                                           - Instance: 0x27A52F22800
Class: LiftCenter                                              - Instance: 0x27A52F22000
Class: LiftExit                                                - Instance: 0x27A52F21800
Class: PathNode                                                - Instance: 0x27A52F21000
Class: VolumePathNode                                          - Instance: 0x27A52F20800
Class: PlayerStart                                             - Instance: 0x27A52F2BC00
Class: PortalMarker                                            - Instance: 0x27A52F2B400
Class: Pylon                                                   - Instance: 0x27A52F2AC00
Class: AISwitchablePylon                                       - Instance: 0x27A52F2A800
Class: DynamicPylon                                            - Instance: 0x27A52F2A400
Class: Teleporter                                              - Instance: 0x27A52F2A000
Class: Note                                                    - Instance: 0x27A52F29800
Class: RigidBodyBase                                           - Instance: 0x27A52F29400
Class: SceneCaptureActor                                       - Instance: 0x27A52F29000
Class: SceneCapture2DActor                                     - Instance: 0x27A52F28C00
Class: SceneCaptureCubeMapActor                                - Instance: 0x27A52F28800
Class: SceneCaptureReflectActor                                - Instance: 0x27A52F28400
Class: SceneCapturePortalActor                                 - Instance: 0x27A52F37C00
Class: PortalTeleporter                                        - Instance: 0x27A52F37800
Class: StaticMeshActorBase                                     - Instance: 0x27A52F37400
Class: StaticMeshActor                                         - Instance: 0x27A52F37000
Class: StaticMeshCollectionActor                               - Instance: 0x27A52F36C00
Class: StaticMeshActorBasedOnExtremeContent                    - Instance: 0x27A52F36800
Class: Trigger                                                 - Instance: 0x27A52F36400
Class: Trigger_PawnsOnly                                       - Instance: 0x27A52F36000
Class: ActorComponent                                          - Instance: 0x27A52F35C00
Class: AudioComponent                                          - Instance: 0x27A52F35800
Class: SplineAudioComponent                                    - Instance: 0x27A52F35400
Class: MultiCueSplineAudioComponent                            - Instance: 0x27A52F35000
Class: SimpleSplineAudioComponent                              - Instance: 0x27A52F34C00
Class: SimpleSplineNonLoopAudioComponent                       - Instance: 0x27A52F34800
Class: GroupComponent_ORS                                      - Instance: 0x27A52F34400
Class: HeightFogComponent                                      - Instance: 0x27A52F4BC00
Class: PrimitiveComponent                                      - Instance: 0x27A52F4B400
Class: ArrowComponent                                          - Instance: 0x27A52F4B800
Class: BrushComponent                                          - Instance: 0x27A52F4B000
Class: CameraConeComponent                                     - Instance: 0x27A52F4AC00
Class: CylinderComponent                                       - Instance: 0x27A52F4A800
Class: DrawBoxComponent                                        - Instance: 0x27A52F4A400
Class: DrawCapsuleComponent                                    - Instance: 0x27A52F4A000
Class: DrawConeComponent                                       - Instance: 0x27A52F49C00
Class: DrawCylinderComponent                                   - Instance: 0x27A52F49800
Class: DrawFrustumComponent                                    - Instance: 0x27A52F49400
Class: DrawQuadComponent                                       - Instance: 0x27A52F49000
Class: DrawSphereComponent                                     - Instance: 0x27A52F48C00
Class: DrawPylonRadiusComponent                                - Instance: 0x27A52F48800
Class: DrawSoundRadiusComponent                                - Instance: 0x27A52F48400
Class: LevelGridVolumeRenderingComponent                       - Instance: 0x27A52F3BC00
Class: LineBatchComponent                                      - Instance: 0x27A52F3B800
Class: ModelComponent                                          - Instance: 0x27A52F3B400
Class: SpriteComponent                                         - Instance: 0x27A52F3B000
Class: RadialBlurComponent                                     - Instance: 0x27A52F3AC00
Class: SceneCaptureComponent                                   - Instance: 0x27A52F3A800
Class: SceneCapture2DComponent                                 - Instance: 0x27A52F3A400
Class: SceneCapture2DHitMaskComponent                          - Instance: 0x27A52F3A000
Class: SceneCaptureCubeMapComponent                            - Instance: 0x27A52F39C00
Class: SceneCapturePortalComponent                             - Instance: 0x27A52F39800
Class: SceneCaptureReflectComponent                            - Instance: 0x27A52F39400
Class: WindDirectionalSourceComponent                          - Instance: 0x27A52F39000
Class: WindPointSourceComponent                                - Instance: 0x27A52F38C00
Class: ActorFactory                                            - Instance: 0x27A52F38800
Class: ActorFactoryActor                                       - Instance: 0x27A52F38400
Class: ActorFactoryAI                                          - Instance: 0x27A52F43C00
Class: ActorFactoryAmbientSound                                - Instance: 0x27A52F43800
Class: ActorFactoryAmbientSoundMovable                         - Instance: 0x27A52F43400
Class: ActorFactoryAmbientSoundSimple                          - Instance: 0x27A52F43000
Class: ActorFactoryAmbientSoundNonLoop                         - Instance: 0x27A52F42C00
Class: ActorFactoryAmbientSoundSimpleToggleable                - Instance: 0x27A52F42800
Class: ActorFactoryAmbientSoundNonLoopingToggleable            - Instance: 0x27A52F42400
Class: ActorFactoryApexDestructible                            - Instance: 0x27A52F42000
Class: ActorFactoryArchetype                                   - Instance: 0x27A52F41C00
Class: ActorFactoryCoverLink                                   - Instance: 0x27A52F41800
Class: ActorFactoryDominantDirectionalLight                    - Instance: 0x27A52F41400
Class: ActorFactoryDominantDirectionalLightMovable             - Instance: 0x27A52F41000
Class: ActorFactoryDynamicSM                                   - Instance: 0x27A52F40C00
Class: ActorFactoryMover                                       - Instance: 0x27A52F40800
Class: ActorFactoryRigidBody                                   - Instance: 0x27A52F40400
Class: ActorFactoryEmitter                                     - Instance: 0x27A52F4FC00
Class: ActorFactoryFracturedStaticMesh                         - Instance: 0x27A52F4F800
Class: ActorFactoryLensFlare                                   - Instance: 0x27A52F4F400
Class: ActorFactoryLight                                       - Instance: 0x27A52F4F000
Class: ActorFactoryPathNode                                    - Instance: 0x27A52F4EC00
Class: ActorFactoryPhysicsAsset                                - Instance: 0x27A52F4E800
Class: ActorFactoryPlayerStart                                 - Instance: 0x27A52F4E400
Class: ActorFactoryPylon                                       - Instance: 0x27A52F4E000
Class: ActorFactorySkeletalMesh                                - Instance: 0x27A52F4DC00
Class: ActorFactoryStaticMesh                                  - Instance: 0x27A52F4D800
Class: ActorFactoryTrigger                                     - Instance: 0x27A52F4D400
Class: AkBank                                                  - Instance: 0x27A52F4D000
Class: AkBaseSoundObject                                       - Instance: 0x27A52F4CC00
Class: AkEvent                                                 - Instance: 0x27A52F4C800
Class: SoundCue                                                - Instance: 0x27A52F4C400
Class: ArchetypePool                                           - Instance: 0x27A52F3FC00
Class: BookMark                                                - Instance: 0x27A52F3F800
Class: BookMark2D                                              - Instance: 0x27A52F3F400
Class: KismetBookMark                                          - Instance: 0x27A52F3F000
Class: Canvas                                                  - Instance: 0x27A52F3EC00
Class: Channel                                                 - Instance: 0x27A52F3E800
Class: ActorChannel                                            - Instance: 0x27A52F3E400
Class: ControlChannel                                          - Instance: 0x27A52F3E000
Class: FileChannel                                             - Instance: 0x27A52F3DC00
Class: VoiceChannel                                            - Instance: 0x27A52F3D800
Class: Controller                                              - Instance: 0x27A52F3CC00
Class: PlayerController                                        - Instance: 0x27A52F3D000
Class: CheatManager                                            - Instance: 0x27A52F3D400
Class: Client                                                  - Instance: 0x27A52F3C800
Class: ClipPadEntry                                            - Instance: 0x27A52F3C400
Class: CloudSaveSystem                                         - Instance: 0x27A52F63C00
Class: CodecMovie                                              - Instance: 0x27A52F63800
Class: CodecMovieBink                                          - Instance: 0x27A52F63400
Class: CodecMovieFallback                                      - Instance: 0x27A52F63000
Class: ControllerLayoutStack                                   - Instance: 0x27A52F62C00
Class: CurveEdPresetCurve                                      - Instance: 0x27A52F62800
Class: CustomPropertyItemHandler                               - Instance: 0x27A52F62400
Class: DateTime                                                - Instance: 0x27A52F62000
Class: DistributionFloatConstant                               - Instance: 0x27A52F61C00
Class: DistributionFloatParameterBase                          - Instance: 0x27A52F61800
Class: DistributionFloatConstantCurve                          - Instance: 0x27A52F61400
Class: DistributionFloatUniform                                - Instance: 0x27A52F61000
Class: DistributionFloatUniformCurve                           - Instance: 0x27A52F60C00
Class: DistributionFloatUniformRange                           - Instance: 0x27A52F60800
Class: DistributionVectorConstant                              - Instance: 0x27A52F60400
Class: DistributionVectorParameterBase                         - Instance: 0x27A52F67C00
Class: DistributionVectorConstantCurveBase                     - Instance: 0x27A52F67800
Class: DistributionVectorConstantCurve                         - Instance: 0x27A52F67400
Class: DistributionVectorUniform                               - Instance: 0x27A52F67000
Class: DistributionVectorUniformCurve                          - Instance: 0x27A52F66C00
Class: DistributionVectorUniformRange                          - Instance: 0x27A52F66800
Class: Download                                                - Instance: 0x27A52F66400
Class: ChannelDownload                                         - Instance: 0x27A52F66000
Class: EdCoordSystem                                           - Instance: 0x27A52F65C00
Class: EditorLinkSelectionInterface                            - Instance: 0x27A52F65800
Class: EngineShare                                             - Instance: 0x27A52F65400
Class: EngineTypes                                             - Instance: 0x27A52F65000
Class: FaceFXAnimSet                                           - Instance: 0x27A52F64C00
Class: FaceFXAsset                                             - Instance: 0x27A52F64800
Class: FeaturePrivilegeErrors                                  - Instance: 0x27A52F64400
Class: Font                                                    - Instance: 0x27A52F5BC00
Class: MultiFont                                               - Instance: 0x27A52F5B800
Class: FontImportOptions                                       - Instance: 0x27A52F5B400
Class: ForceFeedbackManager                                    - Instance: 0x27A52F5B000
Class: ForceFeedbackWaveform                                   - Instance: 0x27A52F5AC00
Class: GameplayEvents                                          - Instance: 0x27A52F5A800
Class: GameplayEventsReader                                    - Instance: 0x27A52F5A400
Class: GameplayEventsWriterBase                                - Instance: 0x27A52F5A000
Class: GameplayEventsUploadAnalytics                           - Instance: 0x27A52F59C00
Class: GameplayEventsWriter                                    - Instance: 0x27A52F59800
Class: GameplayEventsHandler                                   - Instance: 0x27A52F59400
Class: GenericParamListStatEntry                               - Instance: 0x27A52F59000
Class: GuidCache                                               - Instance: 0x27A52F58C00
Class: HttpBaseInterface                                       - Instance: 0x27A52F58800
Class: HttpRequestInterface                                    - Instance: 0x27A52F58400
Class: HttpResponseInterface                                   - Instance: 0x27A52F5FC00
Class: IniLocPatcher                                           - Instance: 0x27A52F5F800
Class: Interface_NavigationHandle                              - Instance: 0x27A52F5F400
Class: Interface_Speaker                                       - Instance: 0x27A52F5F000
Class: InterpCurveEdSetup                                      - Instance: 0x27A52F5EC00
Class: InterpTrack                                             - Instance: 0x27A52F5E800
Class: JsonObject                                              - Instance: 0x27A52F5E400
Class: KMeshProps                                              - Instance: 0x27A52F5E000
Class: LevelBase                                               - Instance: 0x27A52F5DC00
Class: Level                                                   - Instance: 0x27A52F5D800
Class: PendingLevel                                            - Instance: 0x27A52F5D400
Class: DemoPlayPendingLevel                                    - Instance: 0x27A52F5D000
Class: NetPendingLevel                                         - Instance: 0x27A52F5CC00
Class: LevelStreaming                                          - Instance: 0x27A52F5C800
Class: LevelStreamingAlwaysLoaded                              - Instance: 0x27A52F5C400
Class: LevelStreamingDistance                                  - Instance: 0x27A52F53C00
Class: LevelStreamingKismet                                    - Instance: 0x27A52F53800
Class: LevelStreamingPersistent                                - Instance: 0x27A52F53400
Class: LightmappedSurfaceCollection                            - Instance: 0x27A52F53000
Class: LightmassLevelSettings                                  - Instance: 0x27A52F52C00
Class: LightmassPrimitiveSettingsObject                        - Instance: 0x27A52F52800
Class: LinkedAccountDetails                                    - Instance: 0x27A52F52400
Class: MapInfo                                                 - Instance: 0x27A52F52000
Class: Model                                                   - Instance: 0x27A52F51C00
Class: MusicTrackDataStructures                                - Instance: 0x27A52F51800
Class: NavigationMeshBase                                      - Instance: 0x27A52F51400
Class: NetDriver                                               - Instance: 0x27A52F50C00
Class: DemoRecDriver                                           - Instance: 0x27A52F50800
Class: NetworkEncryptionKey                                    - Instance: 0x27A530D3C00
Class: ObjectReferencer                                        - Instance: 0x27A530D3800
Class: OnlineAuthInterface                                     - Instance: 0x27A530D3400
Class: OnlineEventTracker                                      - Instance: 0x27A530D3000
Class: OnlineFriendsInterface                                  - Instance: 0x27A530D2C00
Class: OnlineLobbySettings                                     - Instance: 0x27A530D2800
Class: OnlineMatchmakingStats                                  - Instance: 0x27A530D2400
Class: OnlinePersistentAuthInterface                           - Instance: 0x27A530D2000
Class: OnlinePlayerStorage                                     - Instance: 0x27A530D1C00
Class: OnlineProfileSettings                                   - Instance: 0x27A530D1800
Class: OnlineSessionManager                                    - Instance: 0x27A530D1400
Class: OnlineStats                                             - Instance: 0x27A530D1000
Class: OnlineStatsRead                                         - Instance: 0x27A530D0C00
Class: OnlineStatsWrite                                        - Instance: 0x27A530D0800
Class: OnlineSubsystem                                         - Instance: 0x27A530D0400
Class: ORS                                                     - Instance: 0x27A530C7C00
Class: PackageMapLevel                                         - Instance: 0x27A530C7800
Class: PackageMapSeekFree                                      - Instance: 0x27A530C7400
Class: PatchScriptCommandlet                                   - Instance: 0x27A530C7000
Class: PitchTekSettings                                        - Instance: 0x27A530C6C00
Class: PlatformAccountSettings                                 - Instance: 0x27A530C6800
Class: PlatformBlockListStatus                                 - Instance: 0x27A530C6400
Class: PlatformInterfaceBase                                   - Instance: 0x27A530C5800
Class: MicroTransactionBase                                    - Instance: 0x27A530C5C00
Class: MicroTransactionProxy                                   - Instance: 0x27A530C6000
Class: PlatformURL                                             - Instance: 0x27A530C5400
Class: Player                                                  - Instance: 0x27A530C5000
Class: LocalPlayer                                             - Instance: 0x27A530C4C00
Class: NetConnection                                           - Instance: 0x27A530C4800
Class: ChildConnection                                         - Instance: 0x27A530C4400
Class: DemoRecConnection                                       - Instance: 0x27A530CBC00
Class: Polys                                                   - Instance: 0x27A530CB800
Class: PostProcessChain                                        - Instance: 0x27A530CB400
Class: PostProcessEffect                                       - Instance: 0x27A530CB000
Class: AmbientOcclusionEffect                                  - Instance: 0x27A530CAC00
Class: BlurEffect                                              - Instance: 0x27A530CA800
Class: DOFEffect                                               - Instance: 0x27A530CA400
Class: DOFAndBloomEffect                                       - Instance: 0x27A530CA000
Class: DOFBloomMotionBlurEffect                                - Instance: 0x27A530C9C00
Class: UberPostProcessEffect                                   - Instance: 0x27A530C9800
Class: DwTriovizImplEffect                                     - Instance: 0x27A530C9400
Class: MaterialEffect                                          - Instance: 0x27A530C9000
Class: MotionBlurEffect                                        - Instance: 0x27A530C8C00
Class: PrimitiveComponentFactory                               - Instance: 0x27A530C8800
Class: MeshComponentFactory                                    - Instance: 0x27A530C8400
Class: StaticMeshComponentFactory                              - Instance: 0x27A530BFC00
Class: ProcessReplayCommandlet                                 - Instance: 0x27A530BF800
Class: ReachSpec                                               - Instance: 0x27A530BF400
Class: AdvancedReachSpec                                       - Instance: 0x27A530BF000
Class: CeilingReachSpec                                        - Instance: 0x27A530BEC00
Class: ForcedReachSpec                                         - Instance: 0x27A530BE800
Class: CoverSlipReachSpec                                      - Instance: 0x27A530BE400
Class: FloorToCeilingReachSpec                                 - Instance: 0x27A530BE000
Class: MantleReachSpec                                         - Instance: 0x27A530BDC00
Class: SlotToSlotReachSpec                                     - Instance: 0x27A530BD800
Class: SwatTurnReachSpec                                       - Instance: 0x27A530BD400
Class: WallTransReachSpec                                      - Instance: 0x27A530BD000
Class: ProscribedReachSpec                                     - Instance: 0x27A530BCC00
Class: TeleportReachSpec                                       - Instance: 0x27A530BC800
Class: SavedMove                                               - Instance: 0x27A530BC400
Class: SaveGameSummary                                         - Instance: 0x27A530C3C00
Class: ScriptViewportClient                                    - Instance: 0x27A530C3800
Class: GameViewportClient                                      - Instance: 0x27A530C3400
Class: Selection                                               - Instance: 0x27A530C3000
Class: ServerCommandlet                                        - Instance: 0x27A530C2C00
Class: Settings                                                - Instance: 0x27A530C2800
Class: OnlineGameSearch                                        - Instance: 0x27A530C2400
Class: OnlineGameSettings                                      - Instance: 0x27A530C2000
Class: ShaderCache                                             - Instance: 0x27A530C1C00
Class: ShadowMap1D                                             - Instance: 0x27A530C1800
Class: ShadowMap2D                                             - Instance: 0x27A530C1400
Class: SmokeTestCommandlet                                     - Instance: 0x27A530C1000
Class: SpeechRecognition                                       - Instance: 0x27A530C0C00
Class: StaticMesh                                              - Instance: 0x27A530C0800
Class: Surface                                                 - Instance: 0x27A530B7C00
Class: MaterialInterface                                       - Instance: 0x27A530C0400
Class: RB_BodySetup                                            - Instance: 0x27A530B7800
Class: FracturedStaticMesh                                     - Instance: 0x27A530B7400
Class: ParticleSystem                                          - Instance: 0x27A530B7000
Class: Texture                                                 - Instance: 0x27A530B6400
Class: Texture2D                                               - Instance: 0x27A530B6800
Class: LightMapTexture2D                                       - Instance: 0x27A530B6C00
Class: ShadowMapTexture2D                                      - Instance: 0x27A530B6000
Class: TickEventBase                                           - Instance: 0x27A530B5C00
Class: FrameTick                                               - Instance: 0x27A530B5800
Class: GameTick                                                - Instance: 0x27A530B5400
Class: TranslationContext                                      - Instance: 0x27A530B5000
Class: TranslatorTag                                           - Instance: 0x27A530B4C00
Class: StringsTag                                              - Instance: 0x27A530B4800
Class: UIRoot                                                  - Instance: 0x27A530AF400
Class: Interaction                                             - Instance: 0x27A530AF800
Class: UIInteraction                                           - Instance: 0x27A530AFC00
Class: UIManager                                               - Instance: 0x27A530B4400
Class: WaveFormBase                                            - Instance: 0x27A530AF000
Class: World                                                   - Instance: 0x27A530AEC00
Class: EnvironmentVolume                                       - Instance: 0x27A530AE400
Class: TestSplittingVolume                                     - Instance: 0x27A530AE000
Class: AIController                                            - Instance: 0x27A530ADC00
Class: CrowdAgentBase                                          - Instance: 0x27A530AD800
Class: CrowdPopulationManagerBase                              - Instance: 0x27A530AD400
Class: PathTargetPoint                                         - Instance: 0x27A530AD000
Class: NavMeshObstacle                                         - Instance: 0x27A530ACC00
Class: PylonSeed                                               - Instance: 0x27A530AC800
Class: CoverGroupRenderingComponent                            - Instance: 0x27A530AC400
Class: MeshComponent                                           - Instance: 0x27A530A7400
Class: StaticMeshComponent                                     - Instance: 0x27A530A7800
Class: CoverMeshComponent                                      - Instance: 0x27A530A7C00
Class: NavMeshRenderingComponent                               - Instance: 0x27A530A7000
Class: PathRenderingComponent                                  - Instance: 0x27A530A6C00
Class: RouteRenderingComponent                                 - Instance: 0x27A530A6800
Class: AICommandBase                                           - Instance: 0x27A530A6400
Class: AutoNavMeshPathObstacleUnregister                       - Instance: 0x27A530A6000
Class: Interface_NavMeshPathObject                             - Instance: 0x27A530A5C00
Class: Interface_NavMeshPathSwitch                             - Instance: 0x27A530A5800
Class: Interface_NavMeshPathObstacle                           - Instance: 0x27A530A5400
Class: Interface_PylonGeometryProvider                         - Instance: 0x27A530A5000
Class: Interface_RVO                                           - Instance: 0x27A530A4C00
Class: NavigationHandle                                        - Instance: 0x27A530A4800
Class: NavMeshGoal_Filter                                      - Instance: 0x27A530A4400
Class: NavMeshGoalFilter_MinPathDistance                       - Instance: 0x27A530ABC00
Class: NavMeshGoalFilter_NotNearOtherAI                        - Instance: 0x27A530AB800
Class: NavMeshGoalFilter_OutOfViewFrom                         - Instance: 0x27A530AB400
Class: NavMeshGoalFilter_OutSideOfDotProductWedge              - Instance: 0x27A530AB000
Class: NavMeshGoalFilter_PolyEncompassesAI                     - Instance: 0x27A530AAC00
Class: NavMeshPathConstraint                                   - Instance: 0x27A530AA800
Class: NavMeshPath_AlongLine                                   - Instance: 0x27A530AA400
Class: NavMeshPath_EnforceTwoWayEdges                          - Instance: 0x27A530AA000
Class: NavMeshPath_MinDistBetweenSpecsOfType                   - Instance: 0x27A530A9C00
Class: NavMeshPath_SameCoverLink                               - Instance: 0x27A530A9800
Class: NavMeshPath_Toward                                      - Instance: 0x27A530A9400
Class: NavMeshPath_WithinDistanceEnvelope                      - Instance: 0x27A530A9000
Class: NavMeshPath_WithinTraversalDist                         - Instance: 0x27A530A8C00
Class: NavMeshPathGoalEvaluator                                - Instance: 0x27A530A8800
Class: NavMeshGoal_At                                          - Instance: 0x27A530A8400
Class: NavMeshGoal_ClosestActorInList                          - Instance: 0x27A5309FC00
Class: NavMeshGoal_GenericFilterContainer                      - Instance: 0x27A5309F800
Class: NavMeshGoal_Null                                        - Instance: 0x27A5309F400
Class: NavMeshGoal_PolyEncompassesAI                           - Instance: 0x27A5309F000
Class: NavMeshGoal_Random                                      - Instance: 0x27A5309EC00
Class: NavMeshGoal_WithinDistanceEnvelope                      - Instance: 0x27A5309E800
Class: PathConstraint                                          - Instance: 0x27A5309E400
Class: Path_AlongLine                                          - Instance: 0x27A5309E000
Class: Path_AvoidInEscapableNodes                              - Instance: 0x27A5309DC00
Class: Path_MinDistBetweenSpecsOfType                          - Instance: 0x27A5309D800
Class: Path_TowardGoal                                         - Instance: 0x27A5309D400
Class: Path_TowardPoint                                        - Instance: 0x27A5309D000
Class: Path_WithinDistanceEnvelope                             - Instance: 0x27A5309CC00
Class: Path_WithinTraversalDist                                - Instance: 0x27A5309C800
Class: PathGoalEvaluator                                       - Instance: 0x27A5309C400
Class: Goal_AtActor                                            - Instance: 0x27A530A3C00
Class: Goal_Null                                               - Instance: 0x27A530A3800
Class: SkeletalMeshActor                                       - Instance: 0x27A530A3400
Class: SkeletalMeshActorBasedOnExtremeContent                  - Instance: 0x27A530A3000
Class: SkeletalMeshActorSpawnable                              - Instance: 0x27A530A2C00
Class: SkeletalMeshCinematicActor                              - Instance: 0x27A530A2800
Class: SkeletalMeshActorMAT                                    - Instance: 0x27A530A2400
Class: HeadTrackingComponent                                   - Instance: 0x27A530A2000
Class: AnimationCompressionAlgorithm                           - Instance: 0x27A530A1C00
Class: AnimationCompressionAlgorithm_Automatic                 - Instance: 0x27A530A1800
Class: AnimationCompressionAlgorithm_BitwiseCompressOnly       - Instance: 0x27A530A1400
Class: AnimationCompressionAlgorithm_LeastDestructive          - Instance: 0x27A530A1000
Class: AnimationCompressionAlgorithm_RemoveEverySecondKey      - Instance: 0x27A530A0C00
Class: AnimationCompressionAlgorithm_RemoveLinearKeys          - Instance: 0x27A530A0800
Class: AnimationCompressionAlgorithm_PerTrackCompression       - Instance: 0x27A530A0400
Class: AnimationCompressionAlgorithm_RemoveTrivialKeys         - Instance: 0x27A5309BC00
Class: AnimationCompressionAlgorithm_RevertToRaw               - Instance: 0x27A5309B800
Class: AnimMetaData                                            - Instance: 0x27A5309B400
Class: AnimMetaData_SkelControl                                - Instance: 0x27A5309B000
Class: AnimMetaData_SkelControlKeyFrame                        - Instance: 0x27A5309AC00
Class: AnimNotify                                              - Instance: 0x27A5309A800
Class: AnimNotify_AkEvent                                      - Instance: 0x27A5309A400
Class: AnimNotify_CameraEffect                                 - Instance: 0x27A5309A000
Class: AnimNotify_ClothingMaxDistanceScale                     - Instance: 0x27A53099C00
Class: AnimNotify_Footstep                                     - Instance: 0x27A53099800
Class: AnimNotify_ForceField                                   - Instance: 0x27A53099400
Class: AnimNotify_Kismet                                       - Instance: 0x27A53099000
Class: AnimNotify_PlayParticleEffect                           - Instance: 0x27A53098C00
Class: AnimNotify_Rumble                                       - Instance: 0x27A53098800
Class: AnimNotify_Script                                       - Instance: 0x27A53098400
Class: AnimNotify_Scripted                                     - Instance: 0x27A5308FC00
Class: AnimNotify_PawnMaterialParam                            - Instance: 0x27A5308F800
Class: AnimNotify_ViewShake                                    - Instance: 0x27A5308F400
Class: AnimNotify_Sound                                        - Instance: 0x27A5308F000
Class: AnimNotify_Trails                                       - Instance: 0x27A5308EC00
Class: AnimObject                                              - Instance: 0x27A5308E800
Class: AnimNode                                                - Instance: 0x27A5308E400
Class: AnimNodeBlendBase                                       - Instance: 0x27A5308E000
Class: AnimNode_MultiBlendPerBone                              - Instance: 0x27A5308DC00
Class: AnimNodeAimOffset                                       - Instance: 0x27A5308D800
Class: AnimNodeBlend                                           - Instance: 0x27A5308D400
Class: AnimNodeAdditiveBlending                                - Instance: 0x27A5308D000
Class: AnimNodeBlendPerBone                                    - Instance: 0x27A5308CC00
Class: AnimNodeCrossfader                                      - Instance: 0x27A5308C800
Class: AnimNodePlayCustomAnim                                  - Instance: 0x27A5308C400
Class: AnimNodeBlendDirectional                                - Instance: 0x27A53093C00
Class: AnimNodeBlendList                                       - Instance: 0x27A53093800
Class: AnimNodeBlendByBase                                     - Instance: 0x27A53093400
Class: AnimNodeBlendByPhysics                                  - Instance: 0x27A53093000
Class: AnimNodeBlendByPosture                                  - Instance: 0x27A53092C00
Class: AnimNodeBlendByProperty                                 - Instance: 0x27A53092800
Class: AnimNodeBlendBySpeed                                    - Instance: 0x27A53092400
Class: AnimNodeRandom                                          - Instance: 0x27A53092000
Class: AnimNodeBlendMultiBone                                  - Instance: 0x27A53091C00
Class: AnimNodeMirror                                          - Instance: 0x27A53091800
Class: AnimNodeScalePlayRate                                   - Instance: 0x27A53091400
Class: AnimNodeScaleRateBySpeed                                - Instance: 0x27A53091000
Class: AnimNodeSlot                                            - Instance: 0x27A53090C00
Class: AnimNodeSynch                                           - Instance: 0x27A53090800
Class: AnimTree                                                - Instance: 0x27A53090400
Class: AnimNodeSequence                                        - Instance: 0x27A53087C00
Class: AnimNodeSequenceBlendBase                               - Instance: 0x27A53087800
Class: AnimNodeSequenceBlendByAim                              - Instance: 0x27A53087400
Class: AnimNodeFrame                                           - Instance: 0x27A53087000
Class: MorphNodeBase                                           - Instance: 0x27A53086C00
Class: MorphNodeMultiPose                                      - Instance: 0x27A53086800
Class: MorphNodePose                                           - Instance: 0x27A53086400
Class: MorphNodeWeightBase                                     - Instance: 0x27A53086000
Class: MorphNodeWeight                                         - Instance: 0x27A53085C00
Class: MorphNodeWeightByBoneAngle                              - Instance: 0x27A53085800
Class: MorphNodeWeightByBoneRotation                           - Instance: 0x27A53085400
Class: SkelControlBase                                         - Instance: 0x27A53085000
Class: SkelControl_CCD_IK                                      - Instance: 0x27A53084C00
Class: SkelControl_Multiply                                    - Instance: 0x27A53084800
Class: SkelControl_TwistBone                                   - Instance: 0x27A53084400
Class: SkelControlLimb                                         - Instance: 0x27A5308BC00
Class: SkelControlFootPlacement                                - Instance: 0x27A5308B800
Class: SkelControlLookAt                                       - Instance: 0x27A5308B400
Class: SkelControlSingleBone                                   - Instance: 0x27A5308B000
Class: SkelControlHandlebars                                   - Instance: 0x27A5308AC00
Class: SkelControlWheel                                        - Instance: 0x27A5308A800
Class: SkelControlSpline                                       - Instance: 0x27A5308A400
Class: SkelControlTrail                                        - Instance: 0x27A5308A000
Class: AnimSequence                                            - Instance: 0x27A53089C00
Class: AnimSet                                                 - Instance: 0x27A53089800
Class: MorphTarget                                             - Instance: 0x27A53089400
Class: MorphTargetSet                                          - Instance: 0x27A53089000
Class: MorphWeightSequence                                     - Instance: 0x27A53088C00
Class: DecalActorBase                                          - Instance: 0x27A53088800
Class: DecalActor                                              - Instance: 0x27A53088400
Class: DecalActorMovable                                       - Instance: 0x27A5307FC00
Class: DecalManager                                            - Instance: 0x27A5307F800
Class: DecalComponent                                          - Instance: 0x27A5307F400
Class: ActorFactoryDecal                                       - Instance: 0x27A5307EC00
Class: ActorFactoryDecalMovable                                - Instance: 0x27A5307E800
Class: Material                                                - Instance: 0x27A5307E000
Class: DecalMaterial                                           - Instance: 0x27A5307E400
Class: FogVolumeDensityInfo                                    - Instance: 0x27A5307DC00
Class: FogVolumeConeDensityInfo                                - Instance: 0x27A5307D800
Class: FogVolumeConstantDensityInfo                            - Instance: 0x27A5307D400
Class: FogVolumeLinearHalfspaceDensityInfo                     - Instance: 0x27A5307D000
Class: FogVolumeSphericalDensityInfo                           - Instance: 0x27A5307CC00
Class: ExponentialHeightFogComponent                           - Instance: 0x27A5307C800
Class: FogVolumeDensityComponent                               - Instance: 0x27A5307C400
Class: FogVolumeConeDensityComponent                           - Instance: 0x27A53083C00
Class: FogVolumeConstantDensityComponent                       - Instance: 0x27A53083800
Class: FogVolumeLinearHalfspaceDensityComponent                - Instance: 0x27A53083400
Class: FogVolumeSphericalDensityComponent                      - Instance: 0x27A53083000
Class: ActorFactoryFogVolumeConstantDensityInfo                - Instance: 0x27A53082C00
Class: ActorFactoryFogVolumeLinearHalfspaceDensityInfo         - Instance: 0x27A53082800
Class: ActorFactoryFogVolumeSphericalDensityInfo               - Instance: 0x27A53082400
Class: ApexDestructibleActor                                   - Instance: 0x27A53082000
Class: FracturedStaticMeshActor                                - Instance: 0x27A53081C00
Class: FracturedStaticMeshPart                                 - Instance: 0x27A53081800
Class: FractureManager                                         - Instance: 0x27A53081400
Class: ImageReflection                                         - Instance: 0x27A53081000
Class: ImageReflectionSceneCapture                             - Instance: 0x27A53080C00
Class: ImageReflectionShadowPlane                              - Instance: 0x27A53080800
Class: ImageReflectionComponent                                - Instance: 0x27A53080400
Class: ImageReflectionShadowPlaneComponent                     - Instance: 0x27A53077C00
Class: ApexComponentBase                                       - Instance: 0x27A53077800
Class: ApexDynamicComponent                                    - Instance: 0x27A53077400
Class: ApexStaticComponent                                     - Instance: 0x27A53077000
Class: ApexStaticDestructibleComponent                         - Instance: 0x27A53076C00
Class: FracturedBaseComponent                                  - Instance: 0x27A53076800
Class: FracturedSkinnedMeshComponent                           - Instance: 0x27A53076400
Class: FracturedStaticMeshComponent                            - Instance: 0x27A53076000
Class: ImageBasedReflectionComponent                           - Instance: 0x27A53075C00
Class: InstancedStaticMeshComponent                            - Instance: 0x27A53075800
Class: SplineMeshComponent                                     - Instance: 0x27A53075400
Class: ApexAsset                                               - Instance: 0x27A53075000
Class: ApexClothingAsset                                       - Instance: 0x27A53074C00
Class: ApexDestructibleAsset                                   - Instance: 0x27A53074800
Class: ApexGenericAsset                                        - Instance: 0x27A53074400
Class: InterpFilter                                            - Instance: 0x27A5307BC00
Class: InterpFilter_Classes                                    - Instance: 0x27A5307B800
Class: InterpFilter_Custom                                     - Instance: 0x27A5307B400
Class: InterpGroup                                             - Instance: 0x27A5307B000
Class: InterpGroupAI                                           - Instance: 0x27A5307AC00
Class: InterpGroupCamera                                       - Instance: 0x27A5307A800
Class: InterpGroupDirector                                     - Instance: 0x27A5307A400
Class: InterpGroupInst                                         - Instance: 0x27A5307A000
Class: InterpGroupInstAI                                       - Instance: 0x27A53079C00
Class: InterpGroupInstCamera                                   - Instance: 0x27A53079800
Class: InterpGroupInstDirector                                 - Instance: 0x27A53079400
Class: InterpTrackBoolProp                                     - Instance: 0x27A53079000
Class: InterpTrackDirector                                     - Instance: 0x27A53078C00
Class: InterpTrackEvent                                        - Instance: 0x27A53078800
Class: InterpTrackFaceFX                                       - Instance: 0x27A53078400
Class: InterpTrackFloatBase                                    - Instance: 0x27A5306FC00
Class: InterpTrackAnimControl                                  - Instance: 0x27A5306F800
Class: InterpTrackFade                                         - Instance: 0x27A5306F400
Class: InterpTrackFloatMaterialParam                           - Instance: 0x27A5306F000
Class: InterpTrackFloatParticleParam                           - Instance: 0x27A5306EC00
Class: InterpTrackFloatProp                                    - Instance: 0x27A5306E800
Class: InterpTrackMorphWeight                                  - Instance: 0x27A5306E400
Class: InterpTrackMoveAxis                                     - Instance: 0x27A5306E000
Class: InterpTrackSkelControlScale                             - Instance: 0x27A5306DC00
Class: InterpTrackSkelControlStrength                          - Instance: 0x27A5306D800
Class: InterpTrackSlomo                                        - Instance: 0x27A5306D400
Class: InterpTrackHeadTracking                                 - Instance: 0x27A5306D000
Class: InterpTrackLinearColorBase                              - Instance: 0x27A5306CC00
Class: InterpTrackLinearColorProp                              - Instance: 0x27A5306C800
Class: InterpTrackMove                                         - Instance: 0x27A5306C400
Class: InterpTrackNotify                                       - Instance: 0x27A53073C00
Class: InterpTrackParticleReplay                               - Instance: 0x27A53073800
Class: InterpTrackToggle                                       - Instance: 0x27A53073400
Class: InterpTrackVectorBase                                   - Instance: 0x27A53073000
Class: InterpTrackAudioMaster                                  - Instance: 0x27A53072C00
Class: InterpTrackColorProp                                    - Instance: 0x27A53072800
Class: InterpTrackColorScale                                   - Instance: 0x27A53072400
Class: InterpTrackSound                                        - Instance: 0x27A53072000
Class: InterpTrackVectorMaterialParam                          - Instance: 0x27A53071C00
Class: InterpTrackVectorProp                                   - Instance: 0x27A53071800
Class: InterpTrackVisibility                                   - Instance: 0x27A53071400
Class: InterpTrackInst                                         - Instance: 0x27A53071000
Class: InterpTrackInstAnimControl                              - Instance: 0x27A53070C00
Class: InterpTrackInstAudioMaster                              - Instance: 0x27A53070800
Class: InterpTrackInstColorScale                               - Instance: 0x27A53070400
Class: InterpTrackInstDirector                                 - Instance: 0x27A53067C00
Class: InterpTrackInstEvent                                    - Instance: 0x27A53067800
Class: InterpTrackInstFaceFX                                   - Instance: 0x27A53067400
Class: InterpTrackInstFade                                     - Instance: 0x27A53067000
Class: InterpTrackInstFloatMaterialParam                       - Instance: 0x27A53066C00
Class: InterpTrackInstFloatParticleParam                       - Instance: 0x27A53066800
Class: InterpTrackInstHeadTracking                             - Instance: 0x27A53066400
Class: InterpTrackInstMorphWeight                              - Instance: 0x27A53066000
Class: InterpTrackInstMove                                     - Instance: 0x27A53065C00
Class: InterpTrackInstNotify                                   - Instance: 0x27A53065800
Class: InterpTrackInstParticleReplay                           - Instance: 0x27A53065400
Class: InterpTrackInstProperty                                 - Instance: 0x27A53065000
Class: InterpTrackInstBoolProp                                 - Instance: 0x27A53064C00
Class: InterpTrackInstColorProp                                - Instance: 0x27A53064800
Class: InterpTrackInstFloatProp                                - Instance: 0x27A53064400
Class: InterpTrackInstLinearColorProp                          - Instance: 0x27A5306BC00
Class: InterpTrackInstVectorProp                               - Instance: 0x27A5306B800
Class: InterpTrackInstSkelControlScale                         - Instance: 0x27A5306B400
Class: InterpTrackInstSkelControlStrength                      - Instance: 0x27A5306B000
Class: InterpTrackInstSlomo                                    - Instance: 0x27A5306AC00
Class: InterpTrackInstSound                                    - Instance: 0x27A5306A800
Class: InterpTrackInstToggle                                   - Instance: 0x27A5306A400
Class: InterpTrackInstVectorMaterialParam                      - Instance: 0x27A5306A000
Class: InterpTrackInstVisibility                               - Instance: 0x27A53069C00
Class: MaterialExpression                                      - Instance: 0x27A53069800
Class: MaterialExpressionAbs                                   - Instance: 0x27A53069400
Class: MaterialExpressionActorWorldPosition                    - Instance: 0x27A53069000
Class: MaterialExpressionAdd                                   - Instance: 0x27A53068C00
Class: MaterialExpressionAppendVector                          - Instance: 0x27A53068800
Class: MaterialExpressionAtan                                  - Instance: 0x27A53068400
Class: MaterialExpressionAtan2                                 - Instance: 0x27A5305FC00
Class: MaterialExpressionBumpOffset                            - Instance: 0x27A5305F800
Class: MaterialExpressionCameraVector                          - Instance: 0x27A5305F400
Class: MaterialExpressionCameraWorldPosition                   - Instance: 0x27A5305F000
Class: MaterialExpressionCeil                                  - Instance: 0x27A5305EC00
Class: MaterialExpressionClamp                                 - Instance: 0x27A5305E800
Class: MaterialExpressionComment                               - Instance: 0x27A5305E400
Class: MaterialExpressionComponentMask                         - Instance: 0x27A5305E000
Class: MaterialExpressionConstant                              - Instance: 0x27A5305DC00
Class: MaterialExpressionConstant2Vector                       - Instance: 0x27A5305D800
Class: MaterialExpressionConstant3Vector                       - Instance: 0x27A5305D400
Class: MaterialExpressionConstant4Vector                       - Instance: 0x27A5305D000
Class: MaterialExpressionConstantBiasScale                     - Instance: 0x27A5305CC00
Class: MaterialExpressionConstantClamp                         - Instance: 0x27A5305C800
Class: MaterialExpressionCosine                                - Instance: 0x27A5305C400
Class: MaterialExpressionCrossProduct                          - Instance: 0x27A53063C00
Class: MaterialExpressionCustom                                - Instance: 0x27A53063800
Class: MaterialExpressionCustomTexture                         - Instance: 0x27A53063400
Class: MaterialExpressionDepthBiasedAlpha                      - Instance: 0x27A53063000
Class: MaterialExpressionDepthBiasedBlend                      - Instance: 0x27A53062C00
Class: MaterialExpressionDepthOfFieldFunction                  - Instance: 0x27A53062800
Class: MaterialExpressionDeriveNormalZ                         - Instance: 0x27A53062400
Class: MaterialExpressionDesaturation                          - Instance: 0x27A53062000
Class: MaterialExpressionDestColor                             - Instance: 0x27A53061C00
Class: MaterialExpressionDestDepth                             - Instance: 0x27A53061800
Class: MaterialExpressionDistance                              - Instance: 0x27A53061400
Class: MaterialExpressionDivide                                - Instance: 0x27A53061000
Class: MaterialExpressionDotProduct                            - Instance: 0x27A53060C00
Class: MaterialExpressionDynamicParameter                      - Instance: 0x27A53060800
Class: MaterialExpressionMeshEmitterDynamicParameter           - Instance: 0x27A53060400
Class: MaterialExpressionEffectsIntensity                      - Instance: 0x27A53057C00
Class: MaterialExpressionFloor                                 - Instance: 0x27A53057800
Class: MaterialExpressionFluidNormal                           - Instance: 0x27A53057400
Class: MaterialExpressionFmod                                  - Instance: 0x27A53057000
Class: MaterialExpressionFoliageImpulseDirection               - Instance: 0x27A53056C00
Class: MaterialExpressionFoliageNormalizedRotationAxisAndAngle - Instance: 0x27A53056800
Class: MaterialExpressionFontSample                            - Instance: 0x27A53056400
Class: MaterialExpressionFontSampleParameter                   - Instance: 0x27A53056000
Class: MaterialExpressionFrac                                  - Instance: 0x27A53055C00
Class: MaterialExpressionFresnel                               - Instance: 0x27A53055800
Class: MaterialExpressionFunctionInput                         - Instance: 0x27A53055400
Class: MaterialExpressionFunctionOutput                        - Instance: 0x27A53055000
Class: MaterialExpressionGameObjectParameter                   - Instance: 0x27A53054C00
Class: MaterialExpressionGameParameter                         - Instance: 0x27A53054800
Class: MaterialExpressionIf                                    - Instance: 0x27A53054400
Class: MaterialExpressionLandscapeLayerBlend                   - Instance: 0x27A5304FC00
Class: MaterialExpressionLensFlareIntensity                    - Instance: 0x27A5304F800
Class: MaterialExpressionLensFlareOcclusion                    - Instance: 0x27A5304F400
Class: MaterialExpressionLensFlareRadialDistance               - Instance: 0x27A5304F000
Class: MaterialExpressionLensFlareRayDistance                  - Instance: 0x27A5304EC00
Class: MaterialExpressionLensFlareSourceDistance               - Instance: 0x27A5304E800
Class: MaterialExpressionLightmapUVs                           - Instance: 0x27A5304E400
Class: MaterialExpressionLightmassReplace                      - Instance: 0x27A5304E000
Class: MaterialExpressionLightVector                           - Instance: 0x27A5304DC00
Class: MaterialExpressionLinearInterpolate                     - Instance: 0x27A5304D800
Class: MaterialExpressionMaterialFunctionCall                  - Instance: 0x27A5304D400
Class: MaterialExpressionMax                                   - Instance: 0x27A5304D000
Class: MaterialExpressionMeshEmitterVertexColor                - Instance: 0x27A5304CC00
Class: MaterialExpressionMin                                   - Instance: 0x27A5304C800
Class: MaterialExpressionMultiply                              - Instance: 0x27A5304C400
Class: MaterialExpressionMusicAnalysisParameter                - Instance: 0x27A53053C00
Class: MaterialExpressionNormalize                             - Instance: 0x27A53053800
Class: MaterialExpressionObjectOrientation                     - Instance: 0x27A53053400
Class: MaterialExpressionObjectRadius                          - Instance: 0x27A53053000
Class: MaterialExpressionObjectWorldPosition                   - Instance: 0x27A53052C00
Class: MaterialExpressionOcclusionPercentage                   - Instance: 0x27A53052800
Class: MaterialExpressionOneMinus                              - Instance: 0x27A53052400
Class: MaterialExpressionPanner                                - Instance: 0x27A53052000
Class: MaterialExpressionParameter                             - Instance: 0x27A53051C00
Class: MaterialExpressionScalarParameter                       - Instance: 0x27A53051800
Class: MaterialExpressionStaticBoolParameter                   - Instance: 0x27A53051400
Class: MaterialExpressionStaticSwitchParameter                 - Instance: 0x27A53051000
Class: MaterialExpressionStaticComponentMaskParameter          - Instance: 0x27A53050C00
Class: MaterialExpressionVectorParameter                       - Instance: 0x27A53050800
Class: MaterialExpressionVectorParameterReference              - Instance: 0x27A53050400
Class: MaterialExpressionParticleMacroUV                       - Instance: 0x27A53047C00
Class: MaterialExpressionPerInstanceRandom                     - Instance: 0x27A53047800
Class: MaterialExpressionPitchTekTextureSample                 - Instance: 0x27A53047400
Class: MaterialExpressionPixelDepth                            - Instance: 0x27A53047000
Class: MaterialExpressionPower                                 - Instance: 0x27A53046C00
Class: MaterialExpressionQualitySwitch                         - Instance: 0x27A53046800
Class: MaterialExpressionReflectionVector                      - Instance: 0x27A53046400
Class: MaterialExpressionRotateAboutAxis                       - Instance: 0x27A53046000
Class: MaterialExpressionRotator                               - Instance: 0x27A53045C00
Class: MaterialExpressionSceneDepth                            - Instance: 0x27A53045800
Class: MaterialExpressionSceneTexture                          - Instance: 0x27A53045400
Class: MaterialExpressionScreenPosition                        - Instance: 0x27A53045000
Class: MaterialExpressionScreenSize                            - Instance: 0x27A53044C00
Class: MaterialExpressionSine                                  - Instance: 0x27A53044800
Class: MaterialExpressionSphereMask                            - Instance: 0x27A53044400
Class: MaterialExpressionSquareRoot                            - Instance: 0x27A53043C00
Class: MaterialExpressionStaticBool                            - Instance: 0x27A53043800
Class: MaterialExpressionStaticSwitch                          - Instance: 0x27A53043400
Class: MaterialExpressionSubtract                              - Instance: 0x27A53043000
Class: MaterialExpressionTerrainLayerCoords                    - Instance: 0x27A53042C00
Class: MaterialExpressionTerrainLayerSwitch                    - Instance: 0x27A53042800
Class: MaterialExpressionTerrainLayerWeight                    - Instance: 0x27A53042400
Class: MaterialExpressionTexelSize                             - Instance: 0x27A53042000
Class: MaterialExpressionTextureCoordinate                     - Instance: 0x27A53041C00
Class: MaterialExpressionTextureObject                         - Instance: 0x27A53041800
Class: MaterialExpressionTextureSample                         - Instance: 0x27A53041400
Class: MaterialExpressionDepthBiasBlend                        - Instance: 0x27A53041000
Class: MaterialExpressionFlipBookSample                        - Instance: 0x27A53040C00
Class: MaterialExpressionMeshSubUV                             - Instance: 0x27A53040800
Class: MaterialExpressionMeshSubUVBlend                        - Instance: 0x27A53040400
Class: MaterialExpressionParticleSubUV                         - Instance: 0x27A53037C00
Class: MaterialExpressionTextureSampleParameter                - Instance: 0x27A53037800
Class: MaterialExpressionTextureObjectParameter                - Instance: 0x27A53037400
Class: MaterialExpressionTextureSampleParameter2D              - Instance: 0x27A53037000
Class: MaterialExpressionAntialiasedTextureMask                - Instance: 0x27A53036C00
Class: MaterialExpressionTextureSampleParameterFlipbook        - Instance: 0x27A53036800
Class: MaterialExpressionTextureSampleParameterMeshSubUV       - Instance: 0x27A53036400
Class: MaterialExpressionTextureSampleParameterMeshSubUVBlend  - Instance: 0x27A53036000
Class: MaterialExpressionTextureSampleParameterSubUV           - Instance: 0x27A53035C00
Class: MaterialExpressionTextureSampleParameterCube            - Instance: 0x27A53035800
Class: MaterialExpressionTextureSampleParameterMovie           - Instance: 0x27A53035400
Class: MaterialExpressionTextureSampleParameterNormal          - Instance: 0x27A53035000
Class: MaterialExpressionTime                                  - Instance: 0x27A53034C00
Class: MaterialExpressionTransform                             - Instance: 0x27A53034800
Class: MaterialExpressionTransformPosition                     - Instance: 0x27A53034400
Class: MaterialExpressionTwoSidedSign                          - Instance: 0x27A5303BC00
Class: MaterialExpressionVertexColor                           - Instance: 0x27A5303B800
Class: MaterialExpressionWindDirectionAndSpeed                 - Instance: 0x27A5303B400
Class: MaterialExpressionWorldNormal                           - Instance: 0x27A5303B000
Class: MaterialExpressionWorldPosition                         - Instance: 0x27A5303AC00
Class: MaterialFunction                                        - Instance: 0x27A5303A800
Class: MaterialInstance                                        - Instance: 0x27A5303A400
Class: MaterialInstanceConstant                                - Instance: 0x27A5303A000
Class: LandscapeMaterialInstanceConstant                       - Instance: 0x27A53039C00
Class: MaterialInstanceTimeVarying                             - Instance: 0x27A53039800
Class: EmitterCameraLensEffectBase                             - Instance: 0x27A53039400
Class: ParticleEventManager                                    - Instance: 0x27A53039000
Class: ParticleSystemComponent                                 - Instance: 0x27A53038C00
Class: DistributionFloatParticleParameter                      - Instance: 0x27A53038400
Class: DistributionVectorParticleParameter                     - Instance: 0x27A5302FC00
Class: DistributionVectorConstantCurveParticleParameter        - Instance: 0x27A5302F800
Class: ParticleEmitter                                         - Instance: 0x27A5302F400
Class: ParticleSpriteEmitter                                   - Instance: 0x27A5302F000
Class: ParticleLODLevel                                        - Instance: 0x27A5302EC00
Class: ParticleModule                                          - Instance: 0x27A5302E800
Class: ParticleModuleAccelerationBase                          - Instance: 0x27A5302E400
Class: ParticleModuleAcceleration                              - Instance: 0x27A5302E000
Class: ParticleModuleAccelerationOverLifetime                  - Instance: 0x27A5302DC00
Class: ParticleModuleAttractorBase                             - Instance: 0x27A5302D800
Class: ParticleModuleAttractorBoneSocket                       - Instance: 0x27A5302D400
Class: ParticleModuleAttractorLine                             - Instance: 0x27A5302D000
Class: ParticleModuleAttractorParticle                         - Instance: 0x27A5302CC00
Class: ParticleModuleAttractorPoint                            - Instance: 0x27A5302C800
Class: ParticleModuleAttractorSkelVertSurface                  - Instance: 0x27A5302C400
Class: ParticleModuleBeamBase                                  - Instance: 0x27A53033C00
Class: ParticleModuleBeamModifier                              - Instance: 0x27A53033800
Class: ParticleModuleBeamNoise                                 - Instance: 0x27A53033400
Class: ParticleModuleBeamSource                                - Instance: 0x27A53033000
Class: ParticleModuleBeamTarget                                - Instance: 0x27A53032C00
Class: ParticleModuleCameraBase                                - Instance: 0x27A53032800
Class: ParticleModuleCameraOffset                              - Instance: 0x27A53032400
Class: ParticleModuleCollisionBase                             - Instance: 0x27A53032000
Class: ParticleModuleCollision                                 - Instance: 0x27A53031C00
Class: ParticleModuleCollisionActor                            - Instance: 0x27A53031800
Class: ParticleModuleColorBase                                 - Instance: 0x27A53031400
Class: ParticleModuleColor                                     - Instance: 0x27A53031000
Class: ParticleModuleColor_Seeded                              - Instance: 0x27A53030C00
Class: ParticleModuleColorByParameter                          - Instance: 0x27A53030800
Class: ParticleModuleColorOverLife                             - Instance: 0x27A53030400
Class: ParticleModuleColorScaleOverDensity                     - Instance: 0x27A5302BC00
Class: ParticleModuleColorScaleOverLife                        - Instance: 0x27A5302B800
Class: ParticleModuleEventBase                                 - Instance: 0x27A5302B400
Class: ParticleModuleEventGenerator                            - Instance: 0x27A5302B000
Class: ParticleModuleEventReceiverBase                         - Instance: 0x27A5302AC00
Class: ParticleModuleEventReceiverKillParticles                - Instance: 0x27A5302A800
Class: ParticleModuleEventReceiverSpawn                        - Instance: 0x27A5302A400
Class: ParticleModuleKillBase                                  - Instance: 0x27A5302A000
Class: ParticleModuleKillBox                                   - Instance: 0x27A53029C00
Class: ParticleModuleKillHeight                                - Instance: 0x27A53029800
Class: ParticleModuleLifetimeBase                              - Instance: 0x27A53029400
Class: ParticleModuleLifetime                                  - Instance: 0x27A53029000
Class: ParticleModuleLifetime_Seeded                           - Instance: 0x27A53028C00
Class: ParticleModuleLocationBase                              - Instance: 0x27A53028800
Class: ParticleModuleLocation                                  - Instance: 0x27A53028400
Class: ParticleModuleLocation_Seeded                           - Instance: 0x27A5301FC00
Class: ParticleModuleLocationWorldOffset                       - Instance: 0x27A5301F800
Class: ParticleModuleLocationWorldOffset_Seeded                - Instance: 0x27A5301F400
Class: ParticleModuleLocationBoneSocket                        - Instance: 0x27A5301F000
Class: ParticleModuleLocationDirect                            - Instance: 0x27A5301EC00
Class: ParticleModuleLocationEmitter                           - Instance: 0x27A5301E800
Class: ParticleModuleLocationEmitterDirect                     - Instance: 0x27A5301E400
Class: ParticleModuleLocationPrimitiveBase                     - Instance: 0x27A5301E000
Class: ParticleModuleLocationPrimitiveCylinder                 - Instance: 0x27A5301DC00
Class: ParticleModuleLocationPrimitiveCylinder_Seeded          - Instance: 0x27A5301D800
Class: ParticleModuleLocationPrimitiveSphere                   - Instance: 0x27A5301D400
Class: ParticleModuleLocationPrimitiveSphere_Seeded            - Instance: 0x27A5301D000
Class: ParticleModuleLocationSkelVertSurface                   - Instance: 0x27A5301CC00
Class: ParticleModuleLocationStaticVertSurface                 - Instance: 0x27A5301C800
Class: ParticleModuleSourceMovement                            - Instance: 0x27A5301C400
Class: ParticleModuleMaterialBase                              - Instance: 0x27A53023C00
Class: ParticleModuleMaterialByParameter                       - Instance: 0x27A53023800
Class: ParticleModuleMeshMaterial                              - Instance: 0x27A53023400
Class: ParticleModuleOrbitBase                                 - Instance: 0x27A53023000
Class: ParticleModuleOrbit                                     - Instance: 0x27A53022C00
Class: ParticleModuleOrientationBase                           - Instance: 0x27A53022800
Class: ParticleModuleOrientationAxisLock                       - Instance: 0x27A53022400
Class: ParticleModuleParameterBase                             - Instance: 0x27A53022000
Class: ParticleModuleParameterDynamic                          - Instance: 0x27A53021C00
Class: ParticleModuleParameterDynamic_Seeded                   - Instance: 0x27A53021800
Class: ParticleModuleRequired                                  - Instance: 0x27A53021400
Class: ParticleModuleRotationBase                              - Instance: 0x27A53021000
Class: ParticleModuleMeshRotation                              - Instance: 0x27A53020C00
Class: ParticleModuleMeshRotation_Seeded                       - Instance: 0x27A53020800
Class: ParticleModuleRotation                                  - Instance: 0x27A53020400
Class: ParticleModuleRotation_Seeded                           - Instance: 0x27A53017C00
Class: ParticleModuleRotationOverLifetime                      - Instance: 0x27A53017800
Class: ParticleModuleRotationRateBase                          - Instance: 0x27A53017400
Class: ParticleModuleMeshRotationRate                          - Instance: 0x27A53017000
Class: ParticleModuleMeshRotationRate_Seeded                   - Instance: 0x27A53016C00
Class: ParticleModuleMeshRotationRateMultiplyLife              - Instance: 0x27A53016800
Class: ParticleModuleMeshRotationRateOverLife                  - Instance: 0x27A53016400
Class: ParticleModuleRotationRate                              - Instance: 0x27A53016000
Class: ParticleModuleRotationRate_Seeded                       - Instance: 0x27A53015C00
Class: ParticleModuleRotationRateMultiplyLife                  - Instance: 0x27A53015800
Class: ParticleModuleSizeBase                                  - Instance: 0x27A53015400
Class: ParticleModuleSize                                      - Instance: 0x27A53015000
Class: ParticleModuleSize_Seeded                               - Instance: 0x27A53014C00
Class: ParticleModuleSizeMultiplyLife                          - Instance: 0x27A53014800
Class: ParticleModuleSizeMultiplyVelocity                      - Instance: 0x27A53014400
Class: ParticleModuleSizeScale                                 - Instance: 0x27A5301BC00
Class: ParticleModuleSizeScaleByTime                           - Instance: 0x27A5301B800
Class: ParticleModuleSizeScaleOverDensity                      - Instance: 0x27A5301B400
Class: ParticleModuleSpawnBase                                 - Instance: 0x27A5301B000
Class: ParticleModuleSpawn                                     - Instance: 0x27A5301AC00
Class: ParticleModuleSpawnPerUnit                              - Instance: 0x27A5301A800
Class: ParticleModuleStoreSpawnTimeBase                        - Instance: 0x27A5301A400
Class: ParticleModuleStoreSpawnTime                            - Instance: 0x27A5301A000
Class: ParticleModuleSubUVBase                                 - Instance: 0x27A53019C00
Class: ParticleModuleSubUV                                     - Instance: 0x27A53019800
Class: ParticleModuleSubUVMovie                                - Instance: 0x27A53019400
Class: ParticleModuleSubUVDirect                               - Instance: 0x27A53019000
Class: ParticleModuleSubUVSelect                               - Instance: 0x27A53018C00
Class: ParticleModuleTrailBase                                 - Instance: 0x27A53018800
Class: ParticleModuleTrailSource                               - Instance: 0x27A53018400
Class: ParticleModuleTrailSpawn                                - Instance: 0x27A5300FC00
Class: ParticleModuleTrailTaper                                - Instance: 0x27A5300F800
Class: ParticleModuleTypeDataBase                              - Instance: 0x27A5300F400
Class: ParticleModuleTypeDataAnimTrail                         - Instance: 0x27A5300F000
Class: ParticleModuleTypeDataApex                              - Instance: 0x27A5300EC00
Class: ParticleModuleTypeDataBeam                              - Instance: 0x27A5300E800
Class: ParticleModuleTypeDataBeam2                             - Instance: 0x27A5300E400
Class: ParticleModuleTypeDataMesh                              - Instance: 0x27A5300E000
Class: ParticleModuleTypeDataMeshPhysX                         - Instance: 0x27A5300DC00
Class: ParticleModuleTypeDataPhysX                             - Instance: 0x27A5300D800
Class: ParticleModuleTypeDataRibbon                            - Instance: 0x27A5300D400
Class: ParticleModuleTypeDataTrail                             - Instance: 0x27A5300D000
Class: ParticleModuleTypeDataTrail2                            - Instance: 0x27A5300CC00
Class: ParticleModuleUberBase                                  - Instance: 0x27A5300C800
Class: ParticleModuleUberLTISIVCL                              - Instance: 0x27A5300C400
Class: ParticleModuleUberLTISIVCLIL                            - Instance: 0x27A53013C00
Class: ParticleModuleUberLTISIVCLILIRSSBLIRR                   - Instance: 0x27A53013800
Class: ParticleModuleUberRainDrops                             - Instance: 0x27A53013400
Class: ParticleModuleUberRainImpacts                           - Instance: 0x27A53013000
Class: ParticleModuleUberRainSplashA                           - Instance: 0x27A53012C00
Class: ParticleModuleUberRainSplashB                           - Instance: 0x27A53012800
Class: ParticleModuleVelocityBase                              - Instance: 0x27A53012400
Class: ParticleModuleVelocity                                  - Instance: 0x27A53012000
Class: ParticleModuleVelocity_Seeded                           - Instance: 0x27A53011C00
Class: ParticleModuleVelocityCone                              - Instance: 0x27A53011800
Class: ParticleModuleVelocityInheritParent                     - Instance: 0x27A53011400
Class: ParticleModuleVelocityOverLifetime                      - Instance: 0x27A53011000
Class: ParticleModuleWorldForcesBase                           - Instance: 0x27A53010C00
Class: ParticleModulePhysicsVolumes                            - Instance: 0x27A53010800
Class: ParticleModuleWorldAttractor                            - Instance: 0x27A53010400
Class: ParticleModuleEventSendToGame                           - Instance: 0x27A5300BC00
Class: ParticleSystemReplay                                    - Instance: 0x27A5300B800
Class: PhysXParticleSystem                                     - Instance: 0x27A5300B400
Class: KActor                                                  - Instance: 0x27A5300B000
Class: KActorFromStatic                                        - Instance: 0x27A5300A800
Class: KActorSpawnable                                         - Instance: 0x27A5300A000
Class: KAsset                                                  - Instance: 0x27A53009800
Class: RB_ConstraintActor                                      - Instance: 0x27A53009400
Class: RB_LineImpulseActor                                     - Instance: 0x27A53009000
Class: RB_RadialImpulseActor                                   - Instance: 0x27A53008C00
Class: RB_Thruster                                             - Instance: 0x27A53008800
Class: WorldAttractor                                          - Instance: 0x27A53008400
Class: RB_ConstraintDrawComponent                              - Instance: 0x27A52FFFC00
Class: RB_RadialImpulseComponent                               - Instance: 0x27A52FFF800
Class: RB_Handle                                               - Instance: 0x27A52FFF400
Class: RB_Spring                                               - Instance: 0x27A52FFF000
Class: ActorFactoryApexClothing                                - Instance: 0x27A52FFEC00
Class: ApexDestructibleDamageParameters                        - Instance: 0x27A52FFE800
Class: FractureMaterial                                        - Instance: 0x27A52FFE400
Class: PhysicalMaterial                                        - Instance: 0x27A52FFE000
Class: PhysicalMaterialPropertyBase                            - Instance: 0x27A52FFDC00
Class: PhysicsAsset                                            - Instance: 0x27A52FFD800
Class: PhysicsAssetInstance                                    - Instance: 0x27A52FFD400
Class: PhysicsLODVerticalEmitter                               - Instance: 0x27A52FFD000
Class: RB_BodyInstance                                         - Instance: 0x27A52FFCC00
Class: RB_ConstraintInstance                                   - Instance: 0x27A52FFC800
Class: RB_ConstraintSetup                                      - Instance: 0x27A52FFC400
Class: RB_BSJointSetup                                         - Instance: 0x27A52FF7C00
Class: RB_DistanceJointSetup                                   - Instance: 0x27A52FF7800
Class: RB_HingeSetup                                           - Instance: 0x27A52FF7400
Class: RB_PrismaticSetup                                       - Instance: 0x27A52FF7000
Class: RB_PulleyJointSetup                                     - Instance: 0x27A52FF6C00
Class: RB_SkelJointSetup                                       - Instance: 0x27A52FF6800
Class: RB_StayUprightSetup                                     - Instance: 0x27A52FF6400
Class: NxGenericForceFieldBrush                                - Instance: 0x27A52FF6000
Class: RB_ForceFieldExcludeVolume                              - Instance: 0x27A52FF5800
Class: NxForceField                                            - Instance: 0x27A52FF5400
Class: NxCylindricalForceField                                 - Instance: 0x27A52FF5000
Class: NxCylindricalForceFieldCapsule                          - Instance: 0x27A52FF4C00
Class: NxForceFieldGeneric                                     - Instance: 0x27A52FF4800
Class: NxForceFieldRadial                                      - Instance: 0x27A52FF4400
Class: NxForceFieldTornado                                     - Instance: 0x27A52FFBC00
Class: NxGenericForceField                                     - Instance: 0x27A52FFB800
Class: NxGenericForceFieldBox                                  - Instance: 0x27A52FFB400
Class: NxGenericForceFieldCapsule                              - Instance: 0x27A52FFB000
Class: NxRadialForceField                                      - Instance: 0x27A52FFAC00
Class: NxRadialCustomForceField                                - Instance: 0x27A52FFA800
Class: NxTornadoAngularForceField                              - Instance: 0x27A52FFA400
Class: NxTornadoAngularForceFieldCapsule                       - Instance: 0x27A52FFA000
Class: NxTornadoForceField                                     - Instance: 0x27A52FF9C00
Class: NxTornadoForceFieldCapsule                              - Instance: 0x27A52FF9800
Class: NxForceFieldSpawnable                                   - Instance: 0x27A52FF9400
Class: RB_CylindricalForceActor                                - Instance: 0x27A52FF9000
Class: RB_RadialForceActor                                     - Instance: 0x27A52FF8C00
Class: NxForceFieldComponent                                   - Instance: 0x27A52FF8800
Class: NxForceFieldCylindricalComponent                        - Instance: 0x27A52FF8400
Class: NxForceFieldGenericComponent                            - Instance: 0x27A52FE7C00
Class: NxForceFieldRadialComponent                             - Instance: 0x27A52FE7800
Class: NxForceFieldTornadoComponent                            - Instance: 0x27A52FE7400
Class: ForceFieldShape                                         - Instance: 0x27A52FE7000
Class: ForceFieldShapeBox                                      - Instance: 0x27A52FE6C00
Class: ForceFieldShapeCapsule                                  - Instance: 0x27A52FE6800
Class: ForceFieldShapeSphere                                   - Instance: 0x27A52FE6400
Class: PrefabInstance                                          - Instance: 0x27A52FE6000
Class: Prefab                                                  - Instance: 0x27A52FE5C00
Class: SequenceObject                                          - Instance: 0x27A52FE5800
Class: SequenceFrame                                           - Instance: 0x27A52FE5400
Class: SequenceFrameWrapped                                    - Instance: 0x27A52FE5000
Class: SequenceOp                                              - Instance: 0x27A52FE4C00
Class: Sequence                                                - Instance: 0x27A52FE4800
Class: PrefabSequence                                          - Instance: 0x27A52FE4400
Class: PrefabSequenceContainer                                 - Instance: 0x27A52FEBC00
Class: SequenceAction                                          - Instance: 0x27A52FEB800
Class: SeqAct_ActivateRemoteEvent                              - Instance: 0x27A52FEB400
Class: SeqAct_AndGate                                          - Instance: 0x27A52FEB000
Class: SeqAct_ApplySoundNode                                   - Instance: 0x27A52FEAC00
Class: SeqAct_AttachToEvent                                    - Instance: 0x27A52FEA800
Class: SeqAct_CameraFade                                       - Instance: 0x27A52FEA400
Class: SeqAct_CameraLookAt                                     - Instance: 0x27A52FEA000
Class: SeqAct_CameraShake                                      - Instance: 0x27A52FE9C00
Class: SeqAct_ChangeCollision                                  - Instance: 0x27A52FE9800
Class: SeqAct_CommitMapChange                                  - Instance: 0x27A52FE9400
Class: SeqAct_ConvertToString                                  - Instance: 0x27A52FE9000
Class: SeqAct_DrawText                                         - Instance: 0x27A52FE8C00
Class: SeqAct_FinishSequence                                   - Instance: 0x27A52FE8800
Class: SeqAct_Gate                                             - Instance: 0x27A52FE8400
Class: SeqAct_GetDistance                                      - Instance: 0x27A52FDFC00
Class: SeqAct_GetLocationAndRotation                           - Instance: 0x27A52FDF800
Class: SeqAct_GetProperty                                      - Instance: 0x27A52FDF400
Class: SeqAct_GetVectorComponents                              - Instance: 0x27A52FDF000
Class: SeqAct_GetVelocity                                      - Instance: 0x27A52FDEC00
Class: SeqAct_HeadTrackingControl                              - Instance: 0x27A52FDE800
Class: SeqAct_IsInObjectList                                   - Instance: 0x27A52FDE400
Class: SeqAct_Latent                                           - Instance: 0x27A52FDE000
Class: SeqAct_ActorFactory                                     - Instance: 0x27A52FDDC00
Class: SeqAct_ActorFactoryEx                                   - Instance: 0x27A52FDD800
Class: SeqAct_AIMoveToActor                                    - Instance: 0x27A52FDD400
Class: SeqAct_Delay                                            - Instance: 0x27A52FDD000
Class: SeqAct_DelaySwitch                                      - Instance: 0x27A52FDCC00
Class: SeqAct_ForceGarbageCollection                           - Instance: 0x27A52FDC800
Class: SeqAct_Interp                                           - Instance: 0x27A52FDC400
Class: SeqAct_LevelStreamingBase                               - Instance: 0x27A52FE3C00
Class: SeqAct_LevelStreaming                                   - Instance: 0x27A52FE3800
Class: SeqAct_MultiLevelStreaming                              - Instance: 0x27A52FE3400
Class: SeqAct_LevelVisibility                                  - Instance: 0x27A52FE3000
Class: SeqAct_PlaySound                                        - Instance: 0x27A52FE2C00
Class: SeqAct_PrepareMapChange                                 - Instance: 0x27A52FE2800
Class: SeqAct_SetDOFParams                                     - Instance: 0x27A52FE2400
Class: SeqAct_SetMotionBlurParams                              - Instance: 0x27A52FE2000
Class: SeqAct_StreamInTextures                                 - Instance: 0x27A52FE1C00
Class: SeqAct_WaitForLevelsVisible                             - Instance: 0x27A52FE1800
Class: SeqAct_Log                                              - Instance: 0x27A52FE1400
Class: SeqAct_FeatureTest                                      - Instance: 0x27A52FE1000
Class: SeqAct_ModifyCover                                      - Instance: 0x27A52FE0C00
Class: SeqAct_ParticleEventGenerator                           - Instance: 0x27A52FE0800
Class: SeqAct_PlayCameraAnim                                   - Instance: 0x27A52FE0400
Class: SeqAct_PlayFaceFXAnim                                   - Instance: 0x27A52FD7C00
Class: SeqAct_PlayMusicTrack                                   - Instance: 0x27A52FD7800
Class: SeqAct_Possess                                          - Instance: 0x27A52FD7400
Class: SeqAct_RangeSwitch                                      - Instance: 0x27A52FD7000
Class: SeqAct_SetActiveAnimChild                               - Instance: 0x27A52FD6C00
Class: SeqAct_SetApexClothingParam                             - Instance: 0x27A52FD6800
Class: SeqAct_SetBlockRigidBody                                - Instance: 0x27A52FD6400
Class: SeqAct_SetCameraTarget                                  - Instance: 0x27A52FD6000
Class: SeqAct_SetMaterial                                      - Instance: 0x27A52FD5C00
Class: SeqAct_SetMatInstScalarParam                            - Instance: 0x27A52FD5800
Class: SeqAct_SetMesh                                          - Instance: 0x27A52FD5400
Class: SeqAct_SetPhysics                                       - Instance: 0x27A52FD5000
Class: SeqAct_SetRigidBodyIgnoreVehicles                       - Instance: 0x27A52FD4C00
Class: SeqAct_SetSequenceVariable                              - Instance: 0x27A52FD4800
Class: SeqAct_AccessObjectList                                 - Instance: 0x27A52FD4400
Class: SeqAct_AddFloat                                         - Instance: 0x27A52FCFC00
Class: SeqAct_AddInt                                           - Instance: 0x27A52FCF800
Class: SeqAct_CastToFloat                                      - Instance: 0x27A52FCF400
Class: SeqAct_CastToInt                                        - Instance: 0x27A52FCF000
Class: SeqAct_DivideFloat                                      - Instance: 0x27A52FCEC00
Class: SeqAct_DivideInt                                        - Instance: 0x27A52FCE800
Class: SeqAct_ModifyObjectList                                 - Instance: 0x27A52FCE400
Class: SeqAct_MultiplyFloat                                    - Instance: 0x27A52FCE000
Class: SeqAct_MultiplyInt                                      - Instance: 0x27A52FCDC00
Class: SeqAct_SetBool                                          - Instance: 0x27A52FCD800
Class: SeqAct_SetFloat                                         - Instance: 0x27A52FCD400
Class: SeqAct_SetInt                                           - Instance: 0x27A52FCD000
Class: SeqAct_SetLocation                                      - Instance: 0x27A52FCCC00
Class: SeqAct_SetObject                                        - Instance: 0x27A52FCC800
Class: SeqAct_SetString                                        - Instance: 0x27A52FCC400
Class: SeqAct_SubtractFloat                                    - Instance: 0x27A52FD3C00
Class: SeqAct_SubtractInt                                      - Instance: 0x27A52FD3800
Class: SeqAct_SetVectorComponents                              - Instance: 0x27A52FD3400
Class: SeqAct_SetWorldAttractorParam                           - Instance: 0x27A52FD3000
Class: SeqAct_Switch                                           - Instance: 0x27A52FD2C00
Class: SeqAct_RandomSwitch                                     - Instance: 0x27A52FD2800
Class: SeqAct_Timer                                            - Instance: 0x27A52FD2400
Class: SeqAct_Toggle                                           - Instance: 0x27A52FD2000
Class: SeqAct_Trace                                            - Instance: 0x27A52FD1C00
Class: SequenceCondition                                       - Instance: 0x27A52FD1800
Class: SeqCond_CompareBool                                     - Instance: 0x27A52FD1400
Class: SeqCond_CompareFloat                                    - Instance: 0x27A52FD1000
Class: SeqCond_CompareInt                                      - Instance: 0x27A52FD0C00
Class: SeqCond_CompareObject                                   - Instance: 0x27A52FD0800
Class: SeqCond_GetServerType                                   - Instance: 0x27A52FD0400
Class: SeqCond_Increment                                       - Instance: 0x27A52FC7C00
Class: SeqCond_IncrementFloat                                  - Instance: 0x27A52FC7800
Class: SeqCond_IsAlive                                         - Instance: 0x27A52FC7400
Class: SeqCond_IsBenchmarking                                  - Instance: 0x27A52FC7000
Class: SeqCond_IsConsole                                       - Instance: 0x27A52FC6C00
Class: SeqCond_IsInCombat                                      - Instance: 0x27A52FC6800
Class: SeqCond_IsLoggedIn                                      - Instance: 0x27A52FC6400
Class: SeqCond_IsPIE                                           - Instance: 0x27A52FC6000
Class: SeqCond_IsSameTeam                                      - Instance: 0x27A52FC5C00
Class: SeqCond_MatureLanguage                                  - Instance: 0x27A52FC5800
Class: SeqCond_ShowGore                                        - Instance: 0x27A52FC5400
Class: SeqCond_SwitchBase                                      - Instance: 0x27A52FC5000
Class: SeqCond_SwitchClass                                     - Instance: 0x27A52FC4C00
Class: SeqCond_SwitchObject                                    - Instance: 0x27A52FC4800
Class: SeqCond_SwitchPlatform                                  - Instance: 0x27A52FC4400
Class: SequenceEvent                                           - Instance: 0x27A52FCBC00
Class: SeqEvent_AISeeEnemy                                     - Instance: 0x27A52FCB800
Class: SeqEvent_AnalogInput                                    - Instance: 0x27A52FCB400
Class: SeqEvent_AnimNotify                                     - Instance: 0x27A52FCB000
Class: SeqEvent_Console                                        - Instance: 0x27A52FCAC00
Class: SeqEvent_ConstraintBroken                               - Instance: 0x27A52FCA800
Class: SeqEvent_Destroyed                                      - Instance: 0x27A52FCA400
Class: SeqEvent_Input                                          - Instance: 0x27A52FCA000
Class: SeqEvent_LevelBeginning                                 - Instance: 0x27A52FC9C00
Class: SeqEvent_LevelLoaded                                    - Instance: 0x27A52FC9800
Class: SeqEvent_LevelStartup                                   - Instance: 0x27A52FC9400
Class: SeqEvent_Mover                                          - Instance: 0x27A52FC9000
Class: SeqEvent_ParticleEvent                                  - Instance: 0x27A52FC8C00
Class: SeqEvent_RemoteEvent                                    - Instance: 0x27A52FC8800
Class: SeqEvent_RigidBodyCollision                             - Instance: 0x27A52FC8400
Class: SeqEvent_SeeDeath                                       - Instance: 0x27A52FB7C00
Class: SeqEvent_SequenceActivated                              - Instance: 0x27A52FB7800
Class: SeqEvent_Touch                                          - Instance: 0x27A52FB7400
Class: SeqEvent_TouchInput                                     - Instance: 0x27A52FB7000
Class: SeqEvent_Used                                           - Instance: 0x27A52FB6C00
Class: SequenceVariable                                        - Instance: 0x27A52FB6800
Class: InterpData                                              - Instance: 0x27A52FB6400
Class: SeqVar_Bool                                             - Instance: 0x27A52FB6000
Class: SeqVar_External                                         - Instance: 0x27A52FB5C00
Class: SeqVar_Float                                            - Instance: 0x27A52FB5800
Class: SeqVar_RandomFloat                                      - Instance: 0x27A52FB5400
Class: SeqVar_Int                                              - Instance: 0x27A52FB5000
Class: SeqVar_RandomInt                                        - Instance: 0x27A52FB4C00
Class: SeqVar_Named                                            - Instance: 0x27A52FB4800
Class: SeqVar_Object                                           - Instance: 0x27A52FB4400
Class: SeqVar_Character                                        - Instance: 0x27A52FAFC00
Class: SeqVar_Group                                            - Instance: 0x27A52FAF800
Class: SeqVar_ObjectList                                       - Instance: 0x27A52FAF400
Class: SeqVar_ObjectVolume                                     - Instance: 0x27A52FAF000
Class: SeqVar_Player                                           - Instance: 0x27A52FAEC00
Class: SeqVar_String                                           - Instance: 0x27A52FAE800
Class: SeqVar_Vector                                           - Instance: 0x27A52FAE400
Class: AmbientSound                                            - Instance: 0x27A52FAE000
Class: AmbientSoundMovable                                     - Instance: 0x27A52FADC00
Class: AmbientSoundSimple                                      - Instance: 0x27A52FAD800
Class: AmbientSoundNonLoop                                     - Instance: 0x27A52FAD400
Class: AmbientSoundSimpleToggleable                            - Instance: 0x27A52FAD000
Class: AmbientSoundNonLoopingToggleable                        - Instance: 0x27A52FACC00
Class: AmbientSoundSpline                                      - Instance: 0x27A52FAC800
Class: AmbientSoundSimpleSpline                                - Instance: 0x27A52FAC400
Class: AmbientSoundSplineMultiCue                              - Instance: 0x27A52FB3C00
Class: DistributionFloatSoundParameter                         - Instance: 0x27A52FB3800
Class: SoundNode                                               - Instance: 0x27A52FB3400
Class: ForcedLoopSoundNode                                     - Instance: 0x27A52FB3000
Class: SoundNodeAmbient                                        - Instance: 0x27A52FB2C00
Class: SoundNodeAmbientNonLoop                                 - Instance: 0x27A52FB2800
Class: SoundNodeAmbientNonLoopToggle                           - Instance: 0x27A52FB2400
Class: SoundNodeAttenuation                                    - Instance: 0x27A52FB2000
Class: SoundNodeAttenuationAndGain                             - Instance: 0x27A52FB1C00
Class: SoundNodeConcatenator                                   - Instance: 0x27A52FB1800
Class: SoundNodeConcatenatorRadio                              - Instance: 0x27A52FB1400
Class: SoundNodeDelay                                          - Instance: 0x27A52FB1000
Class: SoundNodeDistanceCrossFade                              - Instance: 0x27A52FB0C00
Class: SoundNodeDoppler                                        - Instance: 0x27A52FB0800
Class: SoundNodeEnveloper                                      - Instance: 0x27A52FB0400
Class: SoundNodeLooping                                        - Instance: 0x27A52FA7C00
Class: SoundNodeMature                                         - Instance: 0x27A52FA7800
Class: SoundNodeMixer                                          - Instance: 0x27A52FA7400
Class: SoundNodeModulator                                      - Instance: 0x27A52FA7000
Class: SoundNodeModulatorContinuous                            - Instance: 0x27A52FA6C00
Class: SoundNodeOscillator                                     - Instance: 0x27A52FA6800
Class: SoundNodeRandom                                         - Instance: 0x27A52FA6400
Class: SoundNodeWave                                           - Instance: 0x27A52FA6000
Class: SoundNodeWaveStreaming                                  - Instance: 0x27A52FA5C00
Class: SoundNodeWaveParam                                      - Instance: 0x27A52FA5800
Class: LandscapeProxy                                          - Instance: 0x27A52FA5400
Class: Landscape                                               - Instance: 0x27A52FA4C00
Class: Terrain                                                 - Instance: 0x27A52FA4400
Class: LandscapeGizmoActor                                     - Instance: 0x27A52FAB800
Class: LandscapeGizmoActiveActor                               - Instance: 0x27A52FAB400
Class: LandscapeComponent                                      - Instance: 0x27A52FAAC00
Class: LandscapeGizmoRenderComponent                           - Instance: 0x27A52FAA800
Class: LandscapeHeightfieldCollisionComponent                  - Instance: 0x27A52FAA400
Class: TerrainComponent                                        - Instance: 0x27A52FAA000
Class: LandscapeInfo                                           - Instance: 0x27A52FA9C00
Class: LandscapeLayerInfoObject                                - Instance: 0x27A52FA9800
Class: TerrainWeightMapTexture                                 - Instance: 0x27A52FA9400
Class: TerrainLayerSetup                                       - Instance: 0x27A52FA9000
Class: TerrainMaterial                                         - Instance: 0x27A52FA8C00
Class: DataStoreClient                                         - Instance: 0x27A52FA8800
Class: Console                                                 - Instance: 0x27A52FA8400
Class: Input                                                   - Instance: 0x27A52F97C00
Class: PlayerInput                                             - Instance: 0x27A52F97800
Class: PlayerManagerInteraction                                - Instance: 0x27A52F97400
Class: UISceneClient                                           - Instance: 0x27A52F97000
Class: UISoundTheme                                            - Instance: 0x27A52F96C00
Class: UIDataStoreSubscriber                                   - Instance: 0x27A52F96800
Class: UIDataStorePublisher                                    - Instance: 0x27A52F96400
Class: UIDataProvider                                          - Instance: 0x27A52F96000
Class: UIDataProvider_OnlinePlayerDataBase                     - Instance: 0x27A52F95C00
Class: UIDataProvider_OnlineFriendMessages                     - Instance: 0x27A52F95800
Class: UIDataProvider_OnlineFriends                            - Instance: 0x27A52F95400
Class: UIDataProvider_OnlinePartyChatList                      - Instance: 0x27A52F95000
Class: UIDataProvider_OnlinePlayerStorage                      - Instance: 0x27A52F94C00
Class: UIDataProvider_OnlineProfileSettings                    - Instance: 0x27A52F94800
Class: UIDataProvider_PlayerAchievements                       - Instance: 0x27A52F94400
Class: UIDataProvider_OnlinePlayerStorageArray                 - Instance: 0x27A52F9BC00
Class: UIDataProvider_SettingsArray                            - Instance: 0x27A52F9B800
Class: UIDataStore                                             - Instance: 0x27A52F9B400
Class: UIDataStore_DynamicResource                             - Instance: 0x27A52F9B000
Class: UIDataStore_Fonts                                       - Instance: 0x27A52F9AC00
Class: UIDataStore_GameResource                                - Instance: 0x27A52F9A800
Class: UIDataStore_MenuItems                                   - Instance: 0x27A52F9A400
Class: UIDataStore_GameState                                   - Instance: 0x27A52F9A000
Class: UIDataStore_Registry                                    - Instance: 0x27A52F99C00
Class: UIDataStore_Remote                                      - Instance: 0x27A52F99800
Class: UIDataStore_OnlineGameSearch                            - Instance: 0x27A52F99400
Class: UIDataStore_OnlinePlayerData                            - Instance: 0x27A52F99000
Class: UIDataStore_OnlineStats                                 - Instance: 0x27A52F98C00
Class: UIDataStore_Settings                                    - Instance: 0x27A52F98800
Class: UIDataStore_OnlineGameSettings                          - Instance: 0x27A52F98400
Class: UIDataStore_StringBase                                  - Instance: 0x27A52F8FC00
Class: UIDataStore_InputAlias                                  - Instance: 0x27A52F8F800
Class: UIDataStore_StringAliasMap                              - Instance: 0x27A52F8F400
Class: UIPropertyDataProvider                                  - Instance: 0x27A52F8F000
Class: UIDataProvider_Settings                                 - Instance: 0x27A52F8EC00
Class: UIResourceDataProvider                                  - Instance: 0x27A52F8E800
Class: UIDataProvider_MenuItem                                 - Instance: 0x27A52F8E400
Class: UIResourceCombinationProvider                           - Instance: 0x27A52F8E000
Class: GameUISceneClient                                       - Instance: 0x27A52F8DC00
Class: Scene                                                   - Instance: 0x27A52F8D800
Class: InstancedFoliageActor                                   - Instance: 0x27A52F8D400
Class: InteractiveFoliageActor                                 - Instance: 0x27A52F8D000
Class: InteractiveFoliageComponent                             - Instance: 0x27A52F8CC00
Class: ActorFactoryInteractiveFoliage                          - Instance: 0x27A52F8C800
Class: InstancedFoliageSettings                                - Instance: 0x27A52F8C400
Class: FluidInfluenceActor                                     - Instance: 0x27A52F87C00
Class: FluidSurfaceActor                                       - Instance: 0x27A52F87800
Class: FluidSurfaceActorMovable                                - Instance: 0x27A52F87400
Class: FluidInfluenceComponent                                 - Instance: 0x27A52F87000
Class: FluidSurfaceComponent                                   - Instance: 0x27A52F86C00
Class: SpeedTreeActor                                          - Instance: 0x27A52F86800
Class: SpeedTreeComponent                                      - Instance: 0x27A52F86400
Class: SpeedTreeActorFactory                                   - Instance: 0x27A52F86000
Class: SpeedTreeComponentFactory                               - Instance: 0x27A52F85C00
Class: SpeedTree                                               - Instance: 0x27A52F85800
Class: LensFlareSource                                         - Instance: 0x27A52F85400
Class: LensFlareComponent                                      - Instance: 0x27A52F85000
Class: LensFlare                                               - Instance: 0x27A52F84C00
Class: TextureFlipBook                                         - Instance: 0x27A52F84800
Class: Texture2DComposite                                      - Instance: 0x27A52F84400
Class: Texture2DDynamic                                        - Instance: 0x27A52F8BC00
Class: TextureCube                                             - Instance: 0x27A52F8B800
Class: TextureMovie                                            - Instance: 0x27A52F8B400
Class: TextureRenderTarget                                     - Instance: 0x27A52F8B000
Class: TextureRenderTarget2D                                   - Instance: 0x27A52F8AC00
Class: ScriptedTexture                                         - Instance: 0x27A52F8A800
Class: TextureRenderTargetCube                                 - Instance: 0x27A52F8A400
Class: AudioDevice                                             - Instance: 0x27A52F8A000
Class: SoundClass                                              - Instance: 0x27A52F89800
Class: SoundMode                                               - Instance: 0x27A52F89400
Class: Pawn                                                    - Instance: 0x27A52F89000
Class: MatineePawn                                             - Instance: 0x27A52F88C00
Class: Scout                                                   - Instance: 0x27A52F88800
Class: Light                                                   - Instance: 0x27A52F88400
Class: DirectionalLight                                        - Instance: 0x27A52F7FC00
Class: DirectionalLightToggleable                              - Instance: 0x27A52F7F800
Class: DominantDirectionalLight                                - Instance: 0x27A52F7F400
Class: DominantDirectionalLightMovable                         - Instance: 0x27A52F7F000
Class: PointLight                                              - Instance: 0x27A52F7EC00
Class: DominantPointLight                                      - Instance: 0x27A52F7E800
Class: PointLightMovable                                       - Instance: 0x27A52F7E400
Class: PointLightToggleable                                    - Instance: 0x27A52F7E000
Class: SkyLight                                                - Instance: 0x27A52F7DC00
Class: SkyLightToggleable                                      - Instance: 0x27A52F7D800
Class: SpotLight                                               - Instance: 0x27A52F7D400
Class: DominantSpotLight                                       - Instance: 0x27A52F7D000
Class: GeneratedMeshAreaLight                                  - Instance: 0x27A52F7CC00
Class: SpotLightMovable                                        - Instance: 0x27A52F7C800
Class: SpotLightToggleable                                     - Instance: 0x27A52F7C400
Class: StaticLightCollectionActor                              - Instance: 0x27A52F77C00
Class: LightComponent                                          - Instance: 0x27A52F77800
Class: DirectionalLightComponent                               - Instance: 0x27A52F77400
Class: DominantDirectionalLightComponent                       - Instance: 0x27A52F77000
Class: PointLightComponent                                     - Instance: 0x27A52F76C00
Class: DominantPointLightComponent                             - Instance: 0x27A52F76800
Class: SpotLightComponent                                      - Instance: 0x27A52F76400
Class: DominantSpotLightComponent                              - Instance: 0x27A52F76000
Class: SkyLightComponent                                       - Instance: 0x27A52F75C00
Class: SphericalHarmonicLightComponent                         - Instance: 0x27A52F75800
Class: LightEnvironmentComponent                               - Instance: 0x27A52F75400
Class: DynamicLightEnvironmentComponent                        - Instance: 0x27A52F75000
Class: ParticleLightEnvironmentComponent                       - Instance: 0x27A52F74C00
Class: DrawLightConeComponent                                  - Instance: 0x27A52F74800
Class: DrawLightRadiusComponent                                - Instance: 0x27A52F74400
Class: LightFunction                                           - Instance: 0x27A52F7BC00
Class: SkeletalMeshComponent                                   - Instance: 0x27A52F7B800
Class: SkeletalMesh                                            - Instance: 0x27A52F7B400
Class: SkeletalMeshSocket                                      - Instance: 0x27A52F7B000
Class: SplineActor                                             - Instance: 0x27A52F7AC00
Class: SplineLoftActor                                         - Instance: 0x27A52F7A800
Class: SplineLoftActorMovable                                  - Instance: 0x27A52F7A400
Class: SplineComponent                                         - Instance: 0x27A52F7A000
Class: ProcBuilding                                            - Instance: 0x27A52F79C00
Class: ProcBuilding_SimpleLODActor                             - Instance: 0x27A52F79400
Class: PBRuleNodeBase                                          - Instance: 0x27A52F79000
Class: PBRuleNodeAlternate                                     - Instance: 0x27A52F78C00
Class: PBRuleNodeComment                                       - Instance: 0x27A52F78800
Class: PBRuleNodeCorner                                        - Instance: 0x27A52F78400
Class: PBRuleNodeCycle                                         - Instance: 0x27A52F6FC00
Class: PBRuleNodeEdgeAngle                                     - Instance: 0x27A52F6F800
Class: PBRuleNodeEdgeMesh                                      - Instance: 0x27A52F6F400
Class: PBRuleNodeExtractTopBottom                              - Instance: 0x27A52F6F000
Class: PBRuleNodeLODQuad                                       - Instance: 0x27A52F6EC00
Class: PBRuleNodeMesh                                          - Instance: 0x27A52F6E800
Class: PBRuleNodeOcclusion                                     - Instance: 0x27A52F6E400
Class: PBRuleNodeQuad                                          - Instance: 0x27A52F6E000
Class: PBRuleNodeRandom                                        - Instance: 0x27A52F6DC00
Class: PBRuleNodeRepeat                                        - Instance: 0x27A52F6D800
Class: PBRuleNodeSize                                          - Instance: 0x27A52F6D400
Class: PBRuleNodeSplit                                         - Instance: 0x27A52F6D000
Class: PBRuleNodeSubRuleset                                    - Instance: 0x27A52F6CC00
Class: PBRuleNodeTransform                                     - Instance: 0x27A52F6C800
Class: PBRuleNodeVariation                                     - Instance: 0x27A52F6C400
Class: PBRuleNodeWindowWall                                    - Instance: 0x27A52F73C00
Class: ProcBuildingRuleset                                     - Instance: 0x27A52F73800
Class: ReplicationInfo                                         - Instance: 0x27A52F73400
Class: GameReplicationInfo                                     - Instance: 0x27A52F73000
Class: PlayerReplicationInfo                                   - Instance: 0x27A52F72C00
Class: TeamInfo                                                - Instance: 0x27A52F72800
Class: Camera                                                  - Instance: 0x27A52F72400
Class: CameraActor                                             - Instance: 0x27A52F72000
Class: DynamicCameraActor                                      - Instance: 0x27A52F71800
Class: CameraAnim                                              - Instance: 0x27A52F71000
Class: CameraAnimInst                                          - Instance: 0x27A52F70C00
Class: CameraModifier                                          - Instance: 0x27A52F70800
Class: CameraModifier_CameraShake                              - Instance: 0x27A52F70400
Class: CameraShake                                             - Instance: 0x27A53C6BC00
Class: CloudStorageUpgradeHelper                               - Instance: 0x27A53C6B800
Class: AnalyticEventsBase                                      - Instance: 0x27A53C6B400
Class: MultiProviderAnalytics                                  - Instance: 0x27A53C6B000
Class: AppNotificationsBase                                    - Instance: 0x27A53C6AC00
Class: CloudStorageBase                                        - Instance: 0x27A53C6A800
Class: FacebookIntegration                                     - Instance: 0x27A53C6A400
Class: InAppMessageBase                                        - Instance: 0x27A53C69C00
Class: InGameAdManager                                         - Instance: 0x27A53C69800
Class: TwitterIntegrationBase                                  - Instance: 0x27A53C69400
Class: PlatformInterfaceWebResponse                            - Instance: 0x27A53C69000
Class: NetDriverSecurity                                       - Instance: 0x27A53C68C00
Class: NetConnectionEncryptor                                  - Instance: 0x27A53C68800
Class: __GameInfo__Login_0x1                                   - Instance: 0x27A538F4800
Class: __ScriptGroup_ORS__CreateObjects_0x1                    - Instance: 0x27A538F4400
Class: SeqEvent_HitWall                                        - Instance: 0x27A53627C00
Class: SeqAct_Destroy                                          - Instance: 0x27A53627800
Class: SeqAct_Teleport                                         - Instance: 0x27A53627400
Class: SeqAct_SetVelocity                                      - Instance: 0x27A53627000
Class: SeqAct_ToggleHidden                                     - Instance: 0x27A53626C00
Class: SeqAct_AttachToActor                                    - Instance: 0x27A53626800
Class: SeqEvent_MobileTouch                                    - Instance: 0x27A53626400
Class: ApexDestructibleActorSpawnable                          - Instance: 0x27A53625800
Class: EmitterSpawnable                                        - Instance: 0x27A53625400
Class: KAssetSpawnable                                         - Instance: 0x27A53625000
Class: ActorFactorySkeletalMeshCinematic                       - Instance: 0x27A53624C00
Class: ActorFactorySkeletalMeshMAT                             - Instance: 0x27A53624800
Class: SeqAct_ToggleGodMode                                    - Instance: 0x27A535A3C00
Class: SplineComponentSimplified                               - Instance: 0x27A535A3800
Class: AmbientSoundSimpleSplineNonLoop                         - Instance: 0x27A535A3400
Class: AnimNotify_PlayFaceFXAnim                               - Instance: 0x27A535A3000
Class: OnlineTitleFileCacheInterface                           - Instance: 0x27A535A2000
Class: OnlineTitleFileInterface                                - Instance: 0x27A535A1C00
Class: UserCloudFileInterface                                  - Instance: 0x27A535A1800
Class: HttpFactory                                             - Instance: 0x27A535A1400
Class: CloudSaveSystemKVSInterface                             - Instance: 0x27A535A1000
Class: CloudSaveSystemDataBlobStoreInterface                   - Instance: 0x27A535A0C00
Class: CloudStorageBaseCloudSaveSystemKVS                      - Instance: 0x27A53417C00
Class: ColorScaleVolume                                        - Instance: 0x27A53417800
Class: OnlineGameInterface                                     - Instance: 0x27A53417400
Class: OnlinePlayerInterface                                   - Instance: 0x27A53417000
Class: OnlinePlayerInterfaceEx                                 - Instance: 0x27A53416C00
Class: CoverReplicator                                         - Instance: 0x27A53416800
Class: OnlineCommunityContentInterface                         - Instance: 0x27A5337FC00
Class: OnlineGameDVRInterface                                  - Instance: 0x27A5337F800
Class: SharedCloudFileInterface                                - Instance: 0x27A5337F400
Class: OnlineSocialInterface                                   - Instance: 0x27A5337F000
Class: OnlinePartyChatInterface                                - Instance: 0x27A5337EC00
Class: OnlineNewsInterface                                     - Instance: 0x27A5337E800
Class: OnlineStatsInterface                                    - Instance: 0x27A5337E400
Class: OnlineGameClipsInterface                                - Instance: 0x27A5337E000
Class: OnlineVoiceInterface                                    - Instance: 0x27A5337DC00
Class: OnlineContentInterface                                  - Instance: 0x27A5337D800
Class: OnlineLobbyInterface                                    - Instance: 0x27A5337D400
Class: OnlinePurchaseInterface                                 - Instance: 0x27A5337D000
Class: OnlineSystemInterface                                   - Instance: 0x27A5337CC00
Class: OnlineMarketplaceInterface                              - Instance: 0x27A5337C800
Class: OnlineAccountInterface                                  - Instance: 0x27A5337C400
Class: DynamicPhysicsVolume                                    - Instance: 0x27A5334BC00
Class: DynamicSMActor_Spawnable                                - Instance: 0x27A5334B800
Class: DynamicTriggerVolume                                    - Instance: 0x27A5334B400
Class: SeqAct_SetParticleSysParam                              - Instance: 0x27A5334B000
Class: EngineContent                                           - Instance: 0x27A53349C00
Class: EpochNow_RealTime                                       - Instance: 0x27A53349800
Class: IEpochNow                                               - Instance: 0x27A53349400
Class: ExponentialHeightFog                                    - Instance: 0x27A53349000
Class: FracturedSMActorSpawnable                               - Instance: 0x27A53348C00
Class: FracturedStaticMeshActor_Spawnable                      - Instance: 0x27A53348800
Class: SeqEvent_PlayerSpawned                                  - Instance: 0x27A53348400
Class: SeqAct_ControlMovieTexture                              - Instance: 0x27A66FA6800
Class: PrimaryPlayer                                           - Instance: 0x27A66FA6400
Class: SeqAct_ToggleInput                                      - Instance: 0x27A66FA5400
Class: SeqAct_ToggleHUD                                        - Instance: 0x27A66FA5000
Class: SeqAct_ForceFeedback                                    - Instance: 0x27A66FA4C00
Class: SeqAct_ToggleCinematicMode                              - Instance: 0x27A66FA4800
Class: SeqAct_ConsoleCommand                                   - Instance: 0x27A66FA4400
Class: SeqAct_FlyThroughHasEnded                               - Instance: 0x27A66EDB800
Class: SeqAct_SetSoundMode                                     - Instance: 0x27A66EDB400
Class: HeightFog                                               - Instance: 0x27A66EDA000
Class: InterpActor_ForCinematic                                - Instance: 0x27A66ED9400
Class: IPoolable                                               - Instance: 0x27A66ED9000
Class: MaterialInstanceTimeVaryingActor                        - Instance: 0x27A66ED8400
Class: SeqAct_AssignController                                 - Instance: 0x27A66DC3C00
Class: NavMeshBoundsVolume                                     - Instance: 0x27A66DC3800
Class: OnlineEventsInterface                                   - Instance: 0x27A66DC3400
Class: OnlinePlaylistGameTypeProvider                          - Instance: 0x27A66DC2C00
Class: OnlineRecentPlayersList                                 - Instance: 0x27A66DC2800
Class: OnlineStatsWrite_TA                                     - Instance: 0x27A66DC2400
Class: OnlineSuppliedUIInterface                               - Instance: 0x27A66DC2000
Class: OwnerReplicatedActor_ORS                                - Instance: 0x27A66DC1C00
Class: PathNode_Dynamic                                        - Instance: 0x27A66DC1800
Class: SeqEvent_AIReachedRouteActor                            - Instance: 0x27A66DC1000
Class: RadialBlurActor                                         - Instance: 0x27A66DC0C00
Class: SeqAct_ToggleConstraintDrive                            - Instance: 0x27A66DC0800
Class: RB_BSJointActor                                         - Instance: 0x27A66DC0400
Class: RB_ConstraintActorSpawnable                             - Instance: 0x27A67BD7C00
Class: RB_HingeActor                                           - Instance: 0x27A67BD7800
Class: RB_PrismaticActor                                       - Instance: 0x27A67BD7400
Class: RB_PulleyJointActor                                     - Instance: 0x27A67BD7000
Class: ReplicatedActor_ORS                                     - Instance: 0x27A67BD6C00
Class: ReverbVolumeToggleable                                  - Instance: 0x27A67BD6800
Class: SeqAct_AddRemoveFaceFXAnimSet                           - Instance: 0x27A67BD6000
Class: SeqAct_AIAbortMoveToActor                               - Instance: 0x27A67BD5C00
Class: SeqAct_MITV_Activate                                    - Instance: 0x27A67BD5800
Class: SeqAct_SetMatInstTexParam                               - Instance: 0x27A67BD5400
Class: SeqAct_SetMatInstVectorParam                            - Instance: 0x27A67BD5000
Class: SeqAct_SetSkelControlTarget                             - Instance: 0x27A67BD4C00
Class: SeqAct_SetVector                                        - Instance: 0x27A67BD4800
Class: SeqAct_ToggleAffectedByHitEffects                       - Instance: 0x27A67BD4400
Class: SeqAct_ToggleHiddenGame                                 - Instance: 0x27A67B83C00
Class: SeqAct_UpdatePhysBonesFromAnim                          - Instance: 0x27A67B83800
Class: SeqEvent_Death                                          - Instance: 0x27A67B83400
Class: SeqEvent_LOS                                            - Instance: 0x27A67B83000
Class: SeqEvent_PickupStatusChange                             - Instance: 0x27A67B82C00
Class: SeqVar_Byte                                             - Instance: 0x27A67B82800
Class: SeqVar_Name                                             - Instance: 0x27A67B82400
Class: SeqVar_Union                                            - Instance: 0x27A67B82000
Class: SkeletalMeshActorMATSpawnable                           - Instance: 0x27A67B81C00
Class: SkeletalMeshActorMATWalkable                            - Instance: 0x27A67B81800
Class: StaticCameraActor                                       - Instance: 0x27A67B81400
Class: StaticLensFlareSource                                   - Instance: 0x27A67B80800
Class: TimeWindow                                              - Instance: 0x27A67B80400
Class: Trigger_Dynamic                                         - Instance: 0x27A67AEFC00
Class: Trigger_LOS                                             - Instance: 0x27A67AEF800
Class: TriggeredPath                                           - Instance: 0x27A67AEF000
Class: TriggerStreamingLevel                                   - Instance: 0x27A67AEE800
Class: UICharacterSummary                                      - Instance: 0x27A67AEE400
Class: UIGameInfoSummary                                       - Instance: 0x27A67AEE000
Class: UIMapSummary                                            - Instance: 0x27A67AEDC00
Class: UIWeaponSummary                                         - Instance: 0x27A67AED800
Class: UserCloudFileCloudSaveSystemDataBlobStore               - Instance: 0x27A67AED400
Class: WindDirectionalSource                                   - Instance: 0x27A67AED000
Class: WindDirectionalSourceDynamic                            - Instance: 0x27A67AECC00

Processing Package: IpDrv

ScriptStruct: AdHocAccessPointInfo                             - Instance: 0x27B6A917880
ScriptStruct: AdHocStationInfo                                 - Instance: 0x27B6A917700
ScriptStruct: AvatarKey                                        - Instance: 0x27B6A916680
ScriptStruct: OnlineImageDownload                              - Instance: 0x27B6A913D00
ScriptStruct: DecodeImageRequest                               - Instance: 0x27B6A8FCA00
ScriptStruct: DecodeImageTask                                  - Instance: 0x27B6A8FC700
ScriptStruct: McpClashMobChallengeFile                         - Instance: 0x27B6A8EE680
ScriptStruct: McpClashMobPushNotificationParams                - Instance: 0x27B6A8EE500
ScriptStruct: McpClashMobPushNotification                      - Instance: 0x27B6A8EE380
ScriptStruct: McpClashMobChallengeEvent                        - Instance: 0x27B6A8EE200
ScriptStruct: McpClashMobChallengeUserStatus                   - Instance: 0x27B6A8EE080
ScriptStruct: FileNameToURLMapping                             - Instance: 0x27B6A8EBD00
ScriptStruct: TitleFileWeb                                     - Instance: 0x27B6A8EBB80
ScriptStruct: McpChallengeRequest                              - Instance: 0x27B6A8E9600
ScriptStruct: McpChallengeUserRequest                          - Instance: 0x27B6A8E9780
ScriptStruct: McpGroupMember                                   - Instance: 0x27B6A8DB280
ScriptStruct: McpGroup                                         - Instance: 0x27B6A8DB100
ScriptStruct: McpGroupList                                     - Instance: 0x27B6A8DAF80
ScriptStruct: McpIdMapping                                     - Instance: 0x27B6A8B6800
ScriptStruct: AddMappingRequest                                - Instance: 0x27B6A8B6080
ScriptStruct: QueryMappingRequest                              - Instance: 0x27B6A8B5F00
ScriptStruct: ManagedValue                                     - Instance: 0x27B6A8B5000
ScriptStruct: ManagedValueSaveSlot                             - Instance: 0x27B6A8B4E80
ScriptStruct: SaveSlotRequestState                             - Instance: 0x27B6A8B4280
ScriptStruct: ValueRequestState                                - Instance: 0x27B6A8B4100
ScriptStruct: McpMessage                                       - Instance: 0x27B6A89EB00
ScriptStruct: McpMessageList                                   - Instance: 0x27B6A89E980
ScriptStruct: McpMessageContents                               - Instance: 0x27B6A89E800
ScriptStruct: McpCompressMessageRequest                        - Instance: 0x27B6A89D300
ScriptStruct: McpUncompressMessageRequest                      - Instance: 0x27B6A89D180
ScriptStruct: McpUserCloudFileInfo                             - Instance: 0x27B6A88E380
ScriptStruct: McpUserCloudFilesEntry                           - Instance: 0x27B6A88EB00
ScriptStruct: McpInventoryItemAttribute                        - Instance: 0x27B6A87E800
ScriptStruct: McpInventoryItem                                 - Instance: 0x27B6A87E680
ScriptStruct: McpInventoryItemContainer                        - Instance: 0x27B6A87E500
ScriptStruct: McpInventorySaveSlot                             - Instance: 0x27B6A87E380
ScriptStruct: SaveSlotRequestState                             - Instance: 0x27B6A87CB80
ScriptStruct: InventoryItemRequestState                        - Instance: 0x27B6A87CA00
ScriptStruct: McpUserStatus                                    - Instance: 0x27B6A869780
ScriptStruct: UserRequest                                      - Instance: 0x27B6A868580
ScriptStruct: ConnectionBandwidthStats                         - Instance: 0x27B6A83E980
ScriptStruct: PlayerMember                                     - Instance: 0x27B6A83E800
ScriptStruct: ClientBandwidthTestData                          - Instance: 0x27B6A83DD80
ScriptStruct: ClientConnectionRequest                          - Instance: 0x27B6A83DC00
ScriptStruct: ClientConnectionBandwidthTestData                - Instance: 0x27B6A83D300
ScriptStruct: ClientMeshBeaconConnection                       - Instance: 0x27B6A83D480
ScriptStruct: AuthCodeRequest                                  - Instance: 0x27B6A83B580
ScriptStruct: EventUploadConfig                                - Instance: 0x27B6A824A00
ScriptStruct: NewsCacheEntry                                   - Instance: 0x27B6A7F8D00
ScriptStruct: ConfiguredGameSetting                            - Instance: 0x27B6A7EA380
ScriptStruct: Playlist                                         - Instance: 0x27B6A7EA980
ScriptStruct: PlaylistPopulation                               - Instance: 0x27B6A7EA800
ScriptStruct: SanitizeCallbackData                             - Instance: 0x27B6A7D7100
ScriptStruct: TitleFileMcp                                     - Instance: 0x27B6A7D6980
ScriptStruct: PlayerReservation                                - Instance: 0x27B6A7D5F00
ScriptStruct: PartyReservation                                 - Instance: 0x27B6A7D5D80
ScriptStruct: ClientBeaconConnection                           - Instance: 0x27B6A7D4D00
ScriptStruct: TitleFileCacheEntry                              - Instance: 0x27B6A7D1300
Const: PLAYER_MATCH                                            - Instance: 0x27B6A9A1380
Const: RANKED_MATCH                                            - Instance: 0x27B6A9A1300
Const: REC_MATCH                                               - Instance: 0x27B6A9A1280
Const: PRIVATE_MATCH                                           - Instance: 0x27B6A9A1200
Const: RANKEDPROVIDERTAG                                       - Instance: 0x27B6A9A0880
Const: UNRANKEDPROVIDERTAG                                     - Instance: 0x27B6A9A0800
Const: RECMODEPROVIDERTAG                                      - Instance: 0x27B6A9A0780
Const: PRIVATEPROVIDERTAG                                      - Instance: 0x27B6A9A0700
Enum: EAdHocDesiredState                                       - Instance: 0x27B6A9A2680
Enum: EAdHocCurrentState                                       - Instance: 0x27B6A9A2600
Enum: EOnlineImageDownloadState                                - Instance: 0x27B6A9A2500
Enum: ELinkMode                                                - Instance: 0x27B6A9A2280
Enum: EReceiveMode                                             - Instance: 0x27B6A9A2200
Enum: ELineMode                                                - Instance: 0x27B6A9A2180
Enum: EMcpChallengeFileStatus                                  - Instance: 0x27B6A9A2100
Enum: EMcpFileCompressionType                                  - Instance: 0x27B6A9A2000
Enum: EMcpGroupAccessLevel                                     - Instance: 0x27B6A9A1E80
Enum: EMcpGroupAcceptState                                     - Instance: 0x27B6A9A1E00
Enum: EMcpMessageCompressionType                               - Instance: 0x27B6A9A1B80
Enum: EMeshBeaconPacketType                                    - Instance: 0x27B6A9A1980
Enum: EMeshBeaconConnectionResult                              - Instance: 0x27B6A9A1A00
Enum: EMeshBeaconBandwidthTestState                            - Instance: 0x27B6A9A1900
Enum: EMeshBeaconBandwidthTestResult                           - Instance: 0x27B6A9A1880
Enum: EMeshBeaconBandwidthTestType                             - Instance: 0x27B6A9A1800
Enum: EMeshBeaconClientState                                   - Instance: 0x27B6A9A1780
Enum: EEventUploadType                                         - Instance: 0x27B6A9A1680
Enum: EReservationPacketType                                   - Instance: 0x27B6A9A0C00
Enum: EPartyReservationResult                                  - Instance: 0x27B6A9A0C80
Enum: EPartyBeaconClientRequest                                - Instance: 0x27B6A9A0B80
Enum: EPartyBeaconClientState                                  - Instance: 0x27B6A9A0B00
Enum: EPartyBeaconHostState                                    - Instance: 0x27B6A9A0A80
Enum: ELinkState                                               - Instance: 0x27B6A9A0980
Enum: ETitleFileFileOp                                         - Instance: 0x27B6A9A0900
Enum: ERequestType                                             - Instance: 0x27B6A9A0580
Class: AdHocDelegates                                          - Instance: 0x27A53C68400
Class: AdHocErrors                                             - Instance: 0x27A53C5FC00
Class: AvatarDownload                                          - Instance: 0x27A53C5F800
Class: OnlineSubsystemCommonImpl                               - Instance: 0x27A53C5F000
Class: AvatarDownloadComponent                                 - Instance: 0x27A53C5F400
Class: AvatarDownloadMap                                       - Instance: 0x27A53C5E800
Class: ClientBeaconAddressResolver                             - Instance: 0x27A53C5E400
Class: HTTPDownload                                            - Instance: 0x27A53C5E000
Class: HttpRequestCurl                                         - Instance: 0x27A53C5DC00
Class: HttpResponseCurl                                        - Instance: 0x27A53C5D800
Class: ImageDecoder                                            - Instance: 0x27A53C5D400
Class: InternetLink                                            - Instance: 0x27A53C5D000
Class: TcpLink                                                 - Instance: 0x27A53C5CC00
Class: McpServiceBase                                          - Instance: 0x27A53C5C800
Class: MCPBase                                                 - Instance: 0x27A53C5C400
Class: OnlineEventsInterfaceMcp                                - Instance: 0x27A53C63C00
Class: OnlineNewsInterfaceMcp                                  - Instance: 0x27A53C63800
Class: OnlineTitleFileDownloadBase                             - Instance: 0x27A53C63400
Class: OnlineTitleFileDownloadMcp                              - Instance: 0x27A53C63000
Class: OnlineTitleFileDownloadWeb                              - Instance: 0x27A53C62C00
Class: TitleFileDownloadCache                                  - Instance: 0x27A53C62800
Class: McpMessageBase                                          - Instance: 0x27A53C62400
Class: McpMessageManager                                       - Instance: 0x27A53C62000
Class: McpUserCloudFileDownload                                - Instance: 0x27A53C61C00
Class: MeshBeacon                                              - Instance: 0x27A53C61800
Class: MeshBeaconClient                                        - Instance: 0x27A53C61400
Class: MeshBeaconHost                                          - Instance: 0x27A53C61000
Class: OnlineAuthInterfaceImpl                                 - Instance: 0x27A53C60C00
Class: OnlineFriendsInterfaceImpl                              - Instance: 0x27A53C60400
Class: OnlineGameInterfaceImpl                                 - Instance: 0x27A53C57C00
Class: OnlineImageDownloaderWeb                                - Instance: 0x27A53C57800
Class: OnlineLobbyInterfaceImpl                                - Instance: 0x27A53C57400
Class: OnlinePersistentAuthInterfaceImpl                       - Instance: 0x27A53C57000
Class: OnlinePlaylistManager                                   - Instance: 0x27A53C56C00
Class: OnlinePurchaseInterfaceImpl                             - Instance: 0x27A53C56800
Class: PartyBeacon                                             - Instance: 0x27A53C56400
Class: PartyBeaconClient                                       - Instance: 0x27A53C56000
Class: PartyBeaconHost                                         - Instance: 0x27A53C55C00
Class: TargetUserChatPermChangedEvent                          - Instance: 0x27A53C55800
Class: TcpipConnection                                         - Instance: 0x27A53C55400
Class: TcpNetDriver                                            - Instance: 0x27A53C55000
Class: WebRequest                                              - Instance: 0x27A53C54C00
Class: WebResponse                                             - Instance: 0x27A53C54800
Class: OnlinePlaylistProvider                                  - Instance: 0x27A53C54400
Class: UIDataStore_OnlinePlaylists                             - Instance: 0x27A53C4FC00
Class: WebApplication                                          - Instance: 0x27B6AB4C800
Class: WebServer                                               - Instance: 0x27B6AB4C400
Class: HelloWeb                                                - Instance: 0x27B6A8F7C00
Class: ImageServer                                             - Instance: 0x27B6A8F7800
Class: McpServiceConfig                                        - Instance: 0x27B6A8F7400
Class: McpClashMobBase                                         - Instance: 0x27B6A8F7000
Class: McpClashMobFileDownload                                 - Instance: 0x27B6A8F6C00
Class: McpClashMobManager                                      - Instance: 0x27B6A8F6800
Class: McpGroupsBase                                           - Instance: 0x27B6A8F6000
Class: McpGroupsManager                                        - Instance: 0x27B6A8F5C00
Class: McpIdMappingBase                                        - Instance: 0x27B6A8F5000
Class: McpIdMappingManager                                     - Instance: 0x27B6A8F4C00
Class: McpManagedValueManagerBase                              - Instance: 0x27B6A8A7C00
Class: McpManagedValueManager                                  - Instance: 0x27B6A8A7800
Class: McpServerTimeBase                                       - Instance: 0x27B6A8A6C00
Class: McpServerTimeManager                                    - Instance: 0x27B6A8A6800
Class: McpUserInventoryBase                                    - Instance: 0x27B6A8A6400
Class: McpUserInventoryManager                                 - Instance: 0x27B6A8A6000
Class: McpUserManagerBase                                      - Instance: 0x27B6A8A4400
Class: McpUserManager                                          - Instance: 0x27B6A847C00
Class: WebConnection                                           - Instance: 0x27B6A847800

Processing Package: XAudio2

Class: XAudio2Device                                           - Instance: 0x27A53C4F800

Processing Package: GFxUI

ScriptStruct: SoundThemeBinding                                - Instance: 0x27B6ABC8700
ScriptStruct: ASValue                                          - Instance: 0x27B6A952980
ScriptStruct: GFxWidgetBinding                                 - Instance: 0x27B6A952800
ScriptStruct: ExternalTexture                                  - Instance: 0x27B6A93D780
ScriptStruct: ASDisplayInfo                                    - Instance: 0x27B6A93D180
ScriptStruct: ASColorTransform                                 - Instance: 0x27B6A93D000
ScriptStruct: EventData                                        - Instance: 0x27B6A925C00
ScriptStruct: GCReference                                      - Instance: 0x27B6A924D00
ScriptStruct: LoadingMovieMapInfo                              - Instance: 0x27B6A924B80
Enum: EEdition                                                 - Instance: 0x27B6A9A2B80
Enum: EFlashTextureRescale                                     - Instance: 0x27B6A9A2B00
Enum: EASType                                                  - Instance: 0x27B6A9A2A80
Enum: EGFxAlign                                                - Instance: 0x27B6A9A2A00
Enum: EGFxScaleMode                                            - Instance: 0x27B6A9A2980
Enum: EGFxCollectionMode                                       - Instance: 0x27B6A9A2900
Enum: EGFxTimingMode                                           - Instance: 0x27B6A9A2880
Enum: EGFxRenderTextureMode                                    - Instance: 0x27B6A9A2800
Enum: EWeatherVariant                                          - Instance: 0x27B6A9A2700
Class: GFxEngine                                               - Instance: 0x27A53C4F400
Class: GFxFSCmdHandler                                         - Instance: 0x27A53C4F000
Class: GFxInteraction                                          - Instance: 0x27A53C4EC00
Class: GFxMoviePlayer                                          - Instance: 0x27A53C4E800
Class: GFxObject                                               - Instance: 0x27A53C4E400
Class: GFxRawData                                              - Instance: 0x27A53C4E000
Class: SwfMovie                                                - Instance: 0x27A53C4DC00
Class: FlashMovie                                              - Instance: 0x27A53C4D800
Class: GFxAction_CloseMovie                                    - Instance: 0x27A53C4D400
Class: GFxAction_GetVariable                                   - Instance: 0x27A53C4D000
Class: GFxAction_Invoke                                        - Instance: 0x27A53C4CC00
Class: GFxAction_OpenMovie                                     - Instance: 0x27A53C4C800
Class: GFxAction_SetCaptureKeys                                - Instance: 0x27A53C4C400
Class: GFxAction_SetVariable                                   - Instance: 0x27A53C53C00
Class: GFxEvent_FSCommand                                      - Instance: 0x27A53C53800
Class: GFxFSCmdHandler_Kismet                                  - Instance: 0x27A53C53400
Class: GFxClikWidget                                           - Instance: 0x27B6AB4CC00

Processing Package: AkAudio

ScriptStruct: AkParamSet                                       - Instance: 0x27B6A79D900
ScriptStruct: ActiveSound                                      - Instance: 0x27B6A79C400
ScriptStruct: uint                                             - Instance: 0x27B6A788280
ScriptStruct: AkEnvironment                                    - Instance: 0x27B6A788580
ScriptStruct: AkActorEnvironment                               - Instance: 0x27B6A788400
ScriptStruct: MusicAnalysisInfo                                - Instance: 0x27B6A77B700
ScriptStruct: AkRevSimPhysicsControls                          - Instance: 0x27B6A77A380
ScriptStruct: AkRevSimFrame                                    - Instance: 0x27B6A77A200
ScriptStruct: AkRevSimUpdateParams                             - Instance: 0x27B6A77A080
ScriptStruct: SoundBankInfo                                    - Instance: 0x27B6A779300
ScriptStruct: AkEventTrackKey                                  - Instance: 0x27B6A778E80
ScriptStruct: MusicSyncEvent                                   - Instance: 0x27B6A778D00
Enum: EAttenuationType                                         - Instance: 0x27B6A9A0380
Enum: EReflectionSendType                                      - Instance: 0x27B6A9A0400
Enum: EAkPlaySoundReceiver                                     - Instance: 0x27B6A9A0300
Enum: EPinnedAxisType                                          - Instance: 0x27B6A9A0280
Enum: EBusEmitterType                                          - Instance: 0x27B6A9A0200
Enum: EAkEnvironmentType                                       - Instance: 0x27B6A9A0180
Enum: EAkCallbackType                                          - Instance: 0x27B6A9A0100
Enum: EAkDynamicRangeType                                      - Instance: 0x27B6A9A0080
Enum: EAkOutputType                                            - Instance: 0x27B6A783F80
Enum: EAkListenerSpacialization                                - Instance: 0x27B6A783F00
Enum: EAkEnvironmentTarget                                     - Instance: 0x27B6A783E00
Enum: EMusicSyncType                                           - Instance: 0x27B6A783D00
Class: ActorFactoryAkAmbientSound                              - Instance: 0x27A53C53000
Class: AkAmbientSound                                          - Instance: 0x27A53C52C00
Class: AkBusActor                                              - Instance: 0x27A53C52800
Class: AkComponent                                             - Instance: 0x27A53C52400
Class: AkDevice                                                - Instance: 0x27A53C52000
Class: AkDialogueEvent                                         - Instance: 0x27A53C51C00
Class: AkEnvironments                                          - Instance: 0x27A53C51800
Class: AkEnvironmentVolume                                     - Instance: 0x27A53C51400
Class: AkMusicAnalysis                                         - Instance: 0x27A53C51000
Class: AkMusicDevice                                           - Instance: 0x27A53C50C00
Class: AkParamGroup                                            - Instance: 0x27A53C50800
Class: AkPlaySoundComponent                                    - Instance: 0x27A53C50400
Class: AkRevPhysicsSimulation                                  - Instance: 0x27A53C47C00
Class: AkRTPCDecayComponent                                    - Instance: 0x27A53C47800
Class: AkSoundBanksInfo                                        - Instance: 0x27A53C47400
Class: AkSoundCue                                              - Instance: 0x27A53C47000
Class: AkSoundSource                                           - Instance: 0x27A53C46C00
Class: AkSwitch                                                - Instance: 0x27A53C46800
Class: InterpTrackAkEvent                                      - Instance: 0x27A53C46400
Class: InterpTrackAkRTPC                                       - Instance: 0x27A53C46000
Class: InterpTrackInstAkEvent                                  - Instance: 0x27A53C45C00
Class: InterpTrackInstAkRTPC                                   - Instance: 0x27A53C45800
Class: SeqAct_AkClearBanks                                     - Instance: 0x27A53C45400
Class: SeqAct_AkEnvironment                                    - Instance: 0x27A53C45000
Class: SeqAct_AkLoadBank                                       - Instance: 0x27A53C44C00
Class: SeqAct_AkPlayMusicWithCues                              - Instance: 0x27A53C44800
Class: SeqAct_AkPlaySound                                      - Instance: 0x27A53C44400
Class: SeqAct_AkPostEvent                                      - Instance: 0x27A53C4BC00
Class: SeqAct_AkPostTrigger                                    - Instance: 0x27A53C4B800
Class: SeqAct_AkSetRTPCValue                                   - Instance: 0x27A53C4B400
Class: SeqAct_AkSetState                                       - Instance: 0x27A53C4B000
Class: SeqAct_AkSetSwitch                                      - Instance: 0x27A53C4AC00
Class: SeqAct_AkStartAmbientSound                              - Instance: 0x27A53C4A800
Class: SeqAct_AkStopAll                                        - Instance: 0x27A53C4A400
Class: AkAudioDevice                                           - Instance: 0x27A53C4A000
Class: AkAmbientSoundActor                                     - Instance: 0x27B6A847400
Class: SeqEvent_AkMusicCue                                     - Instance: 0x27B6A846800
Class: SeqAct_AkPlaySoundAndSeek                               - Instance: 0x27B6A846400

Processing Package: WinDrv

Class: FacebookWindows                                         - Instance: 0x27A53C49C00
Class: HttpRequestWindows                                      - Instance: 0x27A53C49800
Class: HttpResponseWindows                                     - Instance: 0x27A53C49400
Class: WindowsClient                                           - Instance: 0x27A53C49000
Class: XnaForceFeedbackManager                                 - Instance: 0x27A53C48800
Class: HttpRequestWindowsMcp                                   - Instance: 0x27B6A846C00

Processing Package: OnlineSubsystemEOS

ScriptStruct: OnlineStatusMappingEOS                           - Instance: 0x27A657B5A80
ScriptStruct: LoginDelegates                                   - Instance: 0x27A6576B100
Enum: EPlayerVoiceAgreementStatus                              - Instance: 0x27A657E7400
Enum: EPlayerVoiceTransitionState                              - Instance: 0x27A657E7380
Class: AudioDevicesChangedEvent                                - Instance: 0x27A53C48400
Class: EOSErrors                                               - Instance: 0x27A53C3FC00
Class: OnlineSubsystemEOS                                      - Instance: 0x27A53C3F400
Class: OnlineAuthInterfaceEOS                                  - Instance: 0x27A53C3F800
Class: OnlineFriendsInterfaceEOS                               - Instance: 0x27A53C3EC00
Class: OnlineGameClipsInterfaceEOS                             - Instance: 0x27A53C3E800
Class: OnlineGameInterfaceEOS                                  - Instance: 0x27A53C3E400
Class: OnlinePersistentAuthInterfaceEOS                        - Instance: 0x27A53C3E000
Class: OnlinePlayerInterfaceEOS                                - Instance: 0x27A53C3DC00
Class: OnlineStatsInterfaceEOS                                 - Instance: 0x27A53C3D800
Class: OnlineUserCloudFileInterfaceEOS                         - Instance: 0x27A53C3D400
Class: OnlineVoiceInterfaceEOS                                 - Instance: 0x27A53C3D000
Class: VideoRecorderEOS                                        - Instance: 0x27A53C3CC00
Class: __OnlinePlayerInterfaceEOS__LinkedAccount_0x1           - Instance: 0x27A657A3C00
Class: __OnlinePlayerInterfaceEOS__RequestNativePlatformAuthTicket_0x1 - Instance: 0x27A657A3800

Processing Package: ProjectX

ScriptStruct: PsyNetPersonaData                                - Instance: 0x27B6A76BD00
ScriptStruct: MessagePayload                                   - Instance: 0x27B6A76BB80
ScriptStruct: SignedMessagePacket                              - Instance: 0x27B6A76BA00
ScriptStruct: SuperRegionData                                  - Instance: 0x27B6A76B880
ScriptStruct: RegionSecret                                     - Instance: 0x27B6A76B580
ScriptStruct: OnlineStatus                                     - Instance: 0x27B6A76B400
ScriptStruct: HonorDuelChallenge                               - Instance: 0x27B6A76B280
ScriptStruct: PsyNetBeaconPartyReservation                     - Instance: 0x27B6A76B100
ScriptStruct: PsyNetBeaconPlayerReservation                    - Instance: 0x27B6A76AF80
ScriptStruct: PsyNetBeaconReservation                          - Instance: 0x27B6A76AE00
ScriptStruct: GFxBlurRect                                      - Instance: 0x27B6A76B700
ScriptStruct: ServerReservationData                            - Instance: 0x27B6A76A680
ScriptStruct: CheckReservationResponse                         - Instance: 0x27B6A76A500
ScriptStruct: MapPrefs                                         - Instance: 0x27B6A76A200
ScriptStruct: RenderProfile                                    - Instance: 0x27B6A769780
ScriptStruct: MetricsEvent                                     - Instance: 0x27B6A769600
ScriptStruct: BumpAngleCheckConfig                             - Instance: 0x27B6A769180
ScriptStruct: BumpAngleCurveCheckConfig                        - Instance: 0x27B6A769300
ScriptStruct: CarInteractionConfig                             - Instance: 0x27B6A769480
ScriptStruct: SuperSonicConfig                                 - Instance: 0x27B6A769000
ScriptStruct: SkillRating                                      - Instance: 0x27B6A768B80
ScriptStruct: MigrationReservationData                         - Instance: 0x27B6A768E80
ScriptStruct: ClubReplicationInfo                              - Instance: 0x27B6A768D00
ScriptStruct: PlayerSeasonRewardProgress                       - Instance: 0x27B6A768A00
ScriptStruct: ReservationData                                  - Instance: 0x27B6A768880
ScriptStruct: ActiveServerData                                 - Instance: 0x27B6A768700
ScriptStruct: CrossplayGroup                                   - Instance: 0x27B6A768580
ScriptStruct: ServerConnectionInfo                             - Instance: 0x27B6A768400
ScriptStruct: TierSkillRating                                  - Instance: 0x27B6A768100
ScriptStruct: SkillMatchPartyRating                            - Instance: 0x27B6A768280
ScriptStruct: SkillMatchParty                                  - Instance: 0x27B6A757E80
ScriptStruct: SkillMatchData                                   - Instance: 0x27B6A757D00
ScriptStruct: ClubColorSet                                     - Instance: 0x27B6A757580
ScriptStruct: CustomMatchTeamSettings                          - Instance: 0x27B6A757700
ScriptStruct: CustomMatchSettings                              - Instance: 0x27B6A757880
ScriptStruct: ServerResult                                     - Instance: 0x27B6A757B80
ScriptStruct: SkillMatchPlayer                                 - Instance: 0x27B6A757A00
ScriptStruct: ReplicatedReservationData                        - Instance: 0x27B6A757400
ScriptStruct: PartyJoinMatchSettings                           - Instance: 0x27B6A757280
ScriptStruct: JoinMatchSettings                                - Instance: 0x27B6A757100
ScriptStruct: ReservationPlayerData                            - Instance: 0x27B6A756F80
ScriptStruct: ReplicatedRBStateNoQuat                          - Instance: 0x27B6A756E00
ScriptStruct: ReplicatedRBState                                - Instance: 0x27B6A756C80
ScriptStruct: PlayerBinding                                    - Instance: 0x27B6A756B00
ScriptStruct: BindingAction                                    - Instance: 0x27B6A756980
ScriptStruct: PlaylistTierSkillRating                          - Instance: 0x27B6A756800
ScriptStruct: PlayerPermissions                                - Instance: 0x27B6A756680
ScriptStruct: PartyMemberServer                                - Instance: 0x27B6A756500
ScriptStruct: PlaylistSkillRating                              - Instance: 0x27B6A756080
ScriptStruct: PlayerSkillRating                                - Instance: 0x27B6A756200
ScriptStruct: UpdatedPlayerSkillRating                         - Instance: 0x27B6A756380
ScriptStruct: CachedRegionPing                                 - Instance: 0x27B6A755F00
ScriptStruct: PartyMember                                      - Instance: 0x27B6A755D80
ScriptStruct: PlayerTitleData                                  - Instance: 0x27B6A755A80
ScriptStruct: PlayerTitleCategory                              - Instance: 0x27B6A755900
ScriptStruct: LinkedAccount                                    - Instance: 0x27B6A755780
ScriptStruct: IntVector3                                       - Instance: 0x27B6A755600
ScriptStruct: DownloadedImage                                  - Instance: 0x27B6A755480
ScriptStruct: ClubMember                                       - Instance: 0x27B6A755300
ScriptStruct: PlayerPermissionsList                            - Instance: 0x27B6A755180
ScriptStruct: NetStats                                         - Instance: 0x27B6A755000
ScriptStruct: SetPlayerStorageResultItem                       - Instance: 0x27B6A754D00
ScriptStruct: PendingStorage                                   - Instance: 0x27B6A754B80
ScriptStruct: PlayerBlockListenData                            - Instance: 0x27B6A742500
ScriptStruct: CabinedModeData                                  - Instance: 0x27B6A720D00
ScriptStruct: DSRegionInfo                                     - Instance: 0x27B6A6FF580
ScriptStruct: OnlineMessageHandler                             - Instance: 0x27B6A6FA500
ScriptStruct: SimplePartyMember                                - Instance: 0x27B6A6BA080
ScriptStruct: PlaylistRestrictionPlayer                        - Instance: 0x27B6A68FE80
ScriptStruct: EpicSocialTaskData                               - Instance: 0x27B6A682B00
ScriptStruct: StorageMaxSize                                   - Instance: 0x27B6A659C00
ScriptStruct: SetPlayerStorageRequestItem                      - Instance: 0x27B6A659900
ScriptStruct: PsyNetPartyInfo                                  - Instance: 0x27B6A658580
ScriptStruct: WordFilterPair                                   - Instance: 0x27B6A64A200
ScriptStruct: Orientation                                      - Instance: 0x27B6A621780
ScriptStruct: OnlinePlayerMapPrefs                             - Instance: 0x27B6A60DC00
ScriptStruct: AnimatedParam                                    - Instance: 0x27B6A609780
ScriptStruct: AnimatedFloatParam                               - Instance: 0x27B6A609600
ScriptStruct: AnimatedVectorParam                              - Instance: 0x27B6A609480
ScriptStruct: AnimatedLinearColorParam                         - Instance: 0x27B6A609300
ScriptStruct: ModifierSubscription                             - Instance: 0x27B6A608580
ScriptStruct: QuickChatOverridePair                            - Instance: 0x27B6A5F7A00
ScriptStruct: CameraKnockBase                                  - Instance: 0x27B6A5DC700
ScriptStruct: CameraOrientation                                - Instance: 0x27B6A5DC400
ScriptStruct: CameraTransition                                 - Instance: 0x27B6A5DC580
ScriptStruct: RotationCameraKnock                              - Instance: 0x27B6A5DC280
ScriptStruct: LocationCameraKnock                              - Instance: 0x27B6A5DB100
ScriptStruct: VectorInterpRate                                 - Instance: 0x27B6A5DAC80
ScriptStruct: TestStructEvent                                  - Instance: 0x27B6A5D0580
ScriptStruct: PropertyOverride                                 - Instance: 0x27B6A5C0280
ScriptStruct: PingStats                                        - Instance: 0x27B6A5BBE80
ScriptStruct: StatBadge                                        - Instance: 0x27B6A5BA080
ScriptStruct: ColorPosition                                    - Instance: 0x27B6A5ABA00
ScriptStruct: ContentPair                                      - Instance: 0x27B6A5AA680
ScriptStruct: DDoSServicePayloadStruct                         - Instance: 0x27B6A5A8D00
ScriptStruct: EffectsMapping                                   - Instance: 0x27B6A57A380
ScriptStruct: DynamicallyLoadedPackage                         - Instance: 0x27B6A579600
ScriptStruct: EOSAccountInfo                                   - Instance: 0x27B6A572680
ScriptStruct: PrivacySettings                                  - Instance: 0x27B6A572500
ScriptStruct: AccountSettings                                  - Instance: 0x27B6A572380
ScriptStruct: MetricEventJsonStruct                            - Instance: 0x27B6A571D80
ScriptStruct: ChatPermissionPair                               - Instance: 0x27B6A570880
ScriptStruct: TradePermissionPair                              - Instance: 0x27B6A570700
ScriptStruct: TradePermissionEnabledPair                       - Instance: 0x27B6A570580
ScriptStruct: EpochTimer                                       - Instance: 0x27B6A55A080
ScriptStruct: NameParamPair                                    - Instance: 0x27B6A559180
ScriptStruct: FloatParamPair                                   - Instance: 0x27B6A559000
ScriptStruct: VectorParamPair                                  - Instance: 0x27B6A558E80
ScriptStruct: ColorParamPair                                   - Instance: 0x27B6A558D00
ScriptStruct: ActorParamPair                                   - Instance: 0x27B6A558B80
ScriptStruct: AttachToParameterWithUnlockAxes                  - Instance: 0x27B6A53C280
ScriptStruct: FXAttachment                                     - Instance: 0x27B6A53F880
ScriptStruct: FXActorEventCheck                                - Instance: 0x27B6A53F700
ScriptStruct: FXEventSubscription                              - Instance: 0x27B6A53F580
ScriptStruct: ContactInformation                               - Instance: 0x27B6A52DF00
ScriptStruct: FakeData1                                        - Instance: 0x27B6A52D900
ScriptStruct: FakeData2                                        - Instance: 0x27B6A52D780
ScriptStruct: FakeData3                                        - Instance: 0x27B6A52D600
ScriptStruct: FakeData4                                        - Instance: 0x27B6A52D480
ScriptStruct: PauserData                                       - Instance: 0x27B6A51F700
ScriptStruct: GameSettingHidingOverride                        - Instance: 0x27B6A50E680
ScriptStruct: GFxDataStoreColumn                               - Instance: 0x27B6A4F7A00
ScriptStruct: GFxDataStoreRow                                  - Instance: 0x27B6A4F7B80
ScriptStruct: GFxDataStoreTable                                - Instance: 0x27B6A4F7E80
ScriptStruct: GFxDirtyRow                                      - Instance: 0x27B6A4F7880
ScriptStruct: GFxDirtyTable                                    - Instance: 0x27B6A4F7D00
ScriptStruct: DirtyObject                                      - Instance: 0x27B6A4F4B80
ScriptStruct: SoundPackSoundRef                                - Instance: 0x27B6A4D7D00
ScriptStruct: LensFlareFloatParamCurve                         - Instance: 0x27B6A4C8A00
ScriptStruct: CacheImportCallbackData                          - Instance: 0x27B6A4B7A00
ScriptStruct: CacheIOTaskBase                                  - Instance: 0x27B6A4B7700
ScriptStruct: CacheExportTask                                  - Instance: 0x27B6A4B7880
ScriptStruct: CacheExportCallbackData                          - Instance: 0x27B6A4B7580
ScriptStruct: CacheImportTask                                  - Instance: 0x27B6A4B7100
ScriptStruct: PlayerClubPair                                   - Instance: 0x27B6A4B5F00
ScriptStruct: LocOverride                                      - Instance: 0x27B6A4B5780
ScriptStruct: MatchSkillUpdate                                 - Instance: 0x27B6A4B2500
ScriptStruct: PlayerClubSyncResult                             - Instance: 0x27B6A47BE80
ScriptStruct: CategorySettingPair                              - Instance: 0x27B6A449780
ScriptStruct: CheckReplacementDedicatedServerData              - Instance: 0x27B6A435180
ScriptStruct: SteamJsonResponseGetPublisherAppOwnership3       - Instance: 0x27B6A420700
ScriptStruct: SteamJsonResponseGetPublisherAppOwnership2       - Instance: 0x27B6A420880
ScriptStruct: SteamJsonResponseGetPublisherAppOwnership        - Instance: 0x27B6A421D80
ScriptStruct: SteamPlayerDLCOwnershipState                     - Instance: 0x27B6A421900
ScriptStruct: PlayerDLCInfo                                    - Instance: 0x27B6A421C00
ScriptStruct: SteamWebRequestData                              - Instance: 0x27B6A421A80
ScriptStruct: PsyNetKeys                                       - Instance: 0x27B6A421180
ScriptStruct: BeaconMessageHandler                             - Instance: 0x27B6A406980
ScriptStruct: LeaderboardData                                  - Instance: 0x27B6A3E7400
ScriptStruct: CachedLeaderboardData                            - Instance: 0x27B6A3E7A00
ScriptStruct: GetLeaderboardBaseData                           - Instance: 0x27B6A3E5A80
ScriptStruct: GetLeaderboardPlatformBaseData                   - Instance: 0x27B6A3E5C00
ScriptStruct: GetLeaderboardRankForUserData                    - Instance: 0x27B6A3E4A00
ScriptStruct: MatchmakingRequestData                           - Instance: 0x27B6A3D9180
ScriptStruct: GetPopulationData                                - Instance: 0x27B6A3ADA80
ScriptStruct: PrivateMatchmakingRequestData                    - Instance: 0x27B6A3AD180
ScriptStruct: GetGameServerPingListData                        - Instance: 0x27B6A38D900
ScriptStruct: GetGameServerPingListData_Deprecated             - Instance: 0x27B6A37FE80
ScriptStruct: PartyByTeam                                      - Instance: 0x27B6A37F880
ScriptStruct: TeamPairHistory                                  - Instance: 0x27B6A37F400
ScriptStruct: PendingReservation                               - Instance: 0x27B6A37F280
ScriptStruct: SkillSyncRequest                                 - Instance: 0x27B6A331600
ScriptStruct: PartyMemberSkill                                 - Instance: 0x27B6A31D000
ScriptStruct: UploadStatData                                   - Instance: 0x27B6A31CB80
ScriptStruct: UploadStatDataSet                                - Instance: 0x27B6A31CA00
ScriptStruct: WordFilterRequest                                - Instance: 0x27B6A319900
ScriptStruct: StorageMetadata                                  - Instance: 0x27B6A2EE800
ScriptStruct: OnlinePlayerStorageSyncResult                    - Instance: 0x27B6A2EBB80
ScriptStruct: OnlinePlayerStorageSyncRequest                   - Instance: 0x27B6A2EBA00
ScriptStruct: GetPlayerStorageRequestItem                      - Instance: 0x27B6A2EB580
ScriptStruct: PendingMessage                                   - Instance: 0x27B6A2E9000
ScriptStruct: PsyNetPartyMember                                - Instance: 0x27B6A2DBD00
ScriptStruct: PartyInvite                                      - Instance: 0x27B6A2DBB80
ScriptStruct: PartyData                                        - Instance: 0x27A65916200
ScriptStruct: PartyMetricsData                                 - Instance: 0x27A65914880
ScriptStruct: GamepadDeadzoneSettings                          - Instance: 0x27A658E3700
ScriptStruct: KeyboardAxisBlendSettings                        - Instance: 0x27A658E3580
ScriptStruct: RawAxisValue                                     - Instance: 0x27A658E2E00
ScriptStruct: PPEffectDefaults                                 - Instance: 0x27A658E0580
ScriptStruct: PPPersistentEffectDefaults                       - Instance: 0x27A658E0400
ScriptStruct: PPChainInfo                                      - Instance: 0x27A658E0280
ScriptStruct: PostProcessOverride                              - Instance: 0x27A658E0100
ScriptStruct: ServiceSubscription                              - Instance: 0x27A658BB700
ScriptStruct: PendingChannelService                            - Instance: 0x27A658B9300
ScriptStruct: QueuedPsyNetMessage                              - Instance: 0x27A658A0B80
ScriptStruct: ServiceMetricsData                               - Instance: 0x27A65892680
ScriptStruct: ServiceErrorData                                 - Instance: 0x27A65892500
ScriptStruct: PsyNetRequest                                    - Instance: 0x27A65891C00
ScriptStruct: OnlinePersonaData                                - Instance: 0x27A65890D00
ScriptStruct: RandomStream_Mirror                              - Instance: 0x27A65867E80
ScriptStruct: PrimitiveComponentProfile                        - Instance: 0x27A65864100
ScriptStruct: ClubStatRecord                                   - Instance: 0x27A6584DF00
ScriptStruct: StatMilestoneData                                - Instance: 0x27A6584D300
ScriptStruct: SeasonalBadgeTierData                            - Instance: 0x27A6584D180
ScriptStruct: MilestoneTitleData                               - Instance: 0x27A6584D000
ScriptStruct: ClubCareerStats                                  - Instance: 0x27A6584CE80
ScriptStruct: GetGenericDataAllData                            - Instance: 0x27A6584CA00
ScriptStruct: PlayerPermissionsReponse                         - Instance: 0x27A6584C280
ScriptStruct: RPCTestItem                                      - Instance: 0x27A65827400
ScriptStruct: RPCTestParam                                     - Instance: 0x27A65827580
ScriptStruct: PendingRPC                                       - Instance: 0x27A65825180
ScriptStruct: RPCError                                         - Instance: 0x27A65824E80
ScriptStruct: RPCResponse                                      - Instance: 0x27A65825000
ScriptStruct: MatchExploitReportData                           - Instance: 0x27A6580E800
ScriptStruct: ShakeReceiver                                    - Instance: 0x27A6580D780
ScriptStruct: OSMetrics                                        - Instance: 0x27A657FC880
ScriptStruct: CpuMetrics                                       - Instance: 0x27A657FC700
ScriptStruct: MemoryMetrics                                    - Instance: 0x27A657FC580
ScriptStruct: VideoCardMetrics                                 - Instance: 0x27A657FC400
ScriptStruct: NetworkAdapterMetrics                            - Instance: 0x27A657FC280
ScriptStruct: CachedDataRequest                                - Instance: 0x27A657CAB00
Const: ReservationType_Reconnect                               - Instance: 0x27B6A782D80
Const: ReservationType_FriendJoin                              - Instance: 0x27B6A782D00
Const: ReservationType_JoinPrivateMatch                        - Instance: 0x27B6A782C80
Const: MaxPrivateMatchPasswordLength                           - Instance: 0x27B6A782C00
Const: MaxPrivateMatchNameLength                               - Instance: 0x27B6A782B80
Const: LocalPlayersBroadcastDelay                              - Instance: 0x27B6A781D80
Const: QueueMax                                                - Instance: 0x27B6A780600
Const: PrimaryControllerId                                     - Instance: 0x27B6A5EBF00
Const: InMatchmakingID                                         - Instance: 0x27B6A5EA980
Const: HttpContentType                                         - Instance: 0x27B6A5EA080
Const: NumFriendsPerRequest                                    - Instance: 0x27B6A5E8F00
Const: MaxPing                                                 - Instance: 0x27B6A345680
Const: XpTitleID                                               - Instance: 0x27A657E7D80
Const: ClosedReason_DuplicateLogin                             - Instance: 0x27A657E7800
Enum: EChatChannel                                             - Instance: 0x27B6A783A00
Enum: EBanType                                                 - Instance: 0x27B6A783980
Enum: ESeverityType                                            - Instance: 0x27B6A783900
Enum: EConsoleQualityMode                                      - Instance: 0x27B6A783800
Enum: EReservationStatus                                       - Instance: 0x27B6A783700
Enum: EPsyNetEnvironment                                       - Instance: 0x27B6A783680
Enum: EClubBadge                                               - Instance: 0x27B6A783600
Enum: EJoinMatchType                                           - Instance: 0x27B6A783580
Enum: EDatabaseEnvironment                                     - Instance: 0x27B6A783500
Enum: EAxisSign                                                - Instance: 0x27B6A783480
Enum: EButtonPressType                                         - Instance: 0x27B6A783400
Enum: ERemappable                                              - Instance: 0x27B6A783380
Enum: ETradePermissionLevel                                    - Instance: 0x27B6A783300
Enum: EChatPermissionLevel                                     - Instance: 0x27B6A783280
Enum: EChatReportingLevel                                      - Instance: 0x27B6A783200
Enum: EPartyMatchmakingRestriction                             - Instance: 0x27B6A783100
Enum: EClubInviteEventType                                     - Instance: 0x27B6A783080
Enum: EClubMemberAction                                        - Instance: 0x27B6A783000
Enum: EClubRole                                                - Instance: 0x27B6A782F80
Enum: EOnlinePlayerPermission                                  - Instance: 0x27B6A782F00
Enum: EOnlinePlayerRole                                        - Instance: 0x27B6A782E80
Enum: EConnectionType_X                                        - Instance: 0x27B6A782E00
Enum: EAgeGateState                                            - Instance: 0x27B6A782680
Enum: ELoginMethod                                             - Instance: 0x27B6A782600
Enum: EPartyProcessingStatus                                   - Instance: 0x27B6A781E80
Enum: ELegalSyncState                                          - Instance: 0x27B6A781980
Enum: EObjectEncoding                                          - Instance: 0x27B6A781500
Enum: EWordFilterUsage                                         - Instance: 0x27B6A781180
Enum: ERPCPriority                                             - Instance: 0x27B6A781000
Enum: EAnimNodeSeriesChild                                     - Instance: 0x27B6A780280
Enum: ELinkType                                                - Instance: 0x27B6A5EBE00
Enum: EReserveState                                            - Instance: 0x27B6A5EB900
Enum: EClubColorChange                                         - Instance: 0x27B6A5EB680
Enum: EDynamicValueModType                                     - Instance: 0x27B6A5EB580
Enum: EAttachActorLocationUnlockFlags                          - Instance: 0x27B6A5EAC80
Enum: EFXComponentTarget                                       - Instance: 0x27B6A5EAC00
Enum: EFXLocality                                              - Instance: 0x27B6A5EAB80
Enum: EFXComponentState                                        - Instance: 0x27B6A5EAA80
Enum: EFXOverrideAttachBehavior                                - Instance: 0x27B6A5EB500
Enum: EFakeDataEnum                                            - Instance: 0x27B6A5EB380
Enum: EDataCallbackType                                        - Instance: 0x27B6A5EA700
Enum: EMaterialEffectStage                                     - Instance: 0x27B6A5E9E80
Enum: EDLCOwnershipState                                       - Instance: 0x27B6A5E9380
Enum: ERegionRestriction                                       - Instance: 0x27B6A347300
Enum: EPerConStatus                                            - Instance: 0x27B6A346800
Enum: ERegionPingResult                                        - Instance: 0x27B6A345600
Enum: EAvatarRequestTryGetResult                               - Instance: 0x27B6A345380
Enum: EAvatarPermission                                        - Instance: 0x27B6A345300
Enum: EPasswordFailureReason                                   - Instance: 0x27B6A345100
Enum: EExploitType                                             - Instance: 0x27B6A344E80
Enum: EShakeReceiver                                           - Instance: 0x27B6A344900
Enum: EWebSocketState                                          - Instance: 0x27A657E7F00
Enum: ETcpConnectionState                                      - Instance: 0x27A657E7E80
Enum: EWebRequestState                                         - Instance: 0x27A657E7900
Class: _SharedHelpers                                          - Instance: 0x27A53C3C800
Class: _Types_X                                                - Instance: 0x27A53C3C400
Class: ActorComponent_X                                        - Instance: 0x27A53C37C00
Class: ExplosionComponent_X                                    - Instance: 0x27A53C37800
Class: ExplosionHitHandler_X                                   - Instance: 0x27A53C37400
Class: MICParamDispenserComponent_X                            - Instance: 0x27A53C37000
Class: ShakeComponent_X                                        - Instance: 0x27A53C36C00
Class: AdHocBeacon_X                                           - Instance: 0x27A53C36800
Class: FXActor_X                                               - Instance: 0x27A53C36000
Class: AnimateParametersComponent_X                            - Instance: 0x27A53C36400
Class: ArchetypePrefab_X                                       - Instance: 0x27A53C35C00
Class: ArchetypeSpawnPoint_X                                   - Instance: 0x27A53C35800
Class: Aws4Signature_X                                         - Instance: 0x27A53C35400
Class: ReservationBeacon_X                                     - Instance: 0x27A53C34C00
Class: BeaconMessage_X                                         - Instance: 0x27A53C35000
Class: BreadcrumbBroadcaster_X                                 - Instance: 0x27A53C34800
Class: CachedWebData_X                                         - Instance: 0x27A53C34400
Class: Camera_X                                                - Instance: 0x27A53C2FC00
Class: CameraAttachmentComponent_X                             - Instance: 0x27A53C2F800
Class: CanvasTexture_X                                         - Instance: 0x27A53C2F400
Class: CanvasTextureComponent_X                                - Instance: 0x27A53C2F000
Class: PlayerController_X                                      - Instance: 0x27A53C2E800
Class: CheatManager_X                                          - Instance: 0x27A53C2EC00
Class: CheatObject_X                                           - Instance: 0x27A53C2E400
Class: ColorPalette_X                                          - Instance: 0x27A53C2E000
Class: Compression_X                                           - Instance: 0x27A53C2DC00
Class: ControlPreset_X                                         - Instance: 0x27A53C2D800
Class: CrashReport_X                                           - Instance: 0x27A53C2D400
Class: CRC_X                                                   - Instance: 0x27A53C2D000
Class: DistributionFloatShakeParameter_X                       - Instance: 0x27A53C2CC00
Class: EffectsMap_X                                            - Instance: 0x27A53C2C800
Class: EngineShare_X                                           - Instance: 0x27A53C2C400
Class: EOS_ErrorResponse                                       - Instance: 0x27A53C33C00
Class: EOS_GetAccountsResponse                                 - Instance: 0x27A53C33800
Class: EOS_AccountSummaryResponse                              - Instance: 0x27A53C33400
Class: EOS_ManageBlockListResponse                             - Instance: 0x27A53C33000
Class: EOS_ManageFriendsListResponse                           - Instance: 0x27A53C32C00
Class: EOSMetricEvent_X                                        - Instance: 0x27A53C32800
Class: EOSMetrics_X                                            - Instance: 0x27A53C32400
Class: LocalPlayer_X                                           - Instance: 0x27A53C31800
Class: StateObject_X                                           - Instance: 0x27A53C31000
Class: Online_X                                                - Instance: 0x27A53C31400
Class: OnlinePlayer_X                                          - Instance: 0x27A53C31C00
Class: EpicFriendsPlugin_X                                     - Instance: 0x27A53C32000
Class: OnlinePlayerAuthentication_X                            - Instance: 0x27A53C30800
Class: EpicLogin_X                                             - Instance: 0x27A53C30C00
Class: EpochTimers_X                                           - Instance: 0x27A53C30400
Class: EpochTimerTick_X                                        - Instance: 0x27A53C27C00
Class: Errors_X                                                - Instance: 0x27A53C27800
Class: EulaTextResponse                                        - Instance: 0x27A53C27400
Class: EventRecorder_X                                         - Instance: 0x27A53C27000
Class: MetricsSystem_X                                         - Instance: 0x27A53C26C00
Class: EventRecorderGroup_X                                    - Instance: 0x27A53C26800
Class: MetricsGroup_X                                          - Instance: 0x27A53C26400
Class: NetMetrics_X                                            - Instance: 0x27A53C26000
Class: ExplosionCollisionShapes_X                              - Instance: 0x27A53C25C00
Class: BoxCollisionShape_X                                     - Instance: 0x27A53C25800
Class: GoalCollisionShape_X                                    - Instance: 0x27A53C25400
Class: SphereCollisionShape_X                                  - Instance: 0x27A53C25000
Class: FakeData_X                                              - Instance: 0x27A53C24C00
Class: FuncTestCommandPair_X                                   - Instance: 0x27A53C24800
Class: FuncTestDesc_X                                          - Instance: 0x27A53C24400
Class: FuncTestGroup_X                                         - Instance: 0x27A53C2BC00
Class: FXActorEvent_X                                          - Instance: 0x27A53C2B800
Class: FXAttachmentTraitBase_X                                 - Instance: 0x27A53C2B400
Class: GameEngine_X                                            - Instance: 0x27A53C2B000
Class: GameInfo_X                                              - Instance: 0x27A53C2AC00
Class: GameSetting_X                                           - Instance: 0x27A53C2A800
Class: GameSettingCategory_X                                   - Instance: 0x27A53C2A400
Class: GameViewportClient_X                                    - Instance: 0x27A53C2A000
Class: GeForceNow_X                                            - Instance: 0x27A53C29C00
Class: GFxDataRow_X                                            - Instance: 0x27A53C29800
Class: GFxDataSingleton_X                                      - Instance: 0x27A53C29400
Class: GFxShell_X                                              - Instance: 0x27A53C29000
Class: GFxDataStore_X                                          - Instance: 0x27A53C28C00
Class: GFxEngine_X                                             - Instance: 0x27A53C28800
Class: GFxMoviePlayer_X                                        - Instance: 0x27A53C28400
Class: GFxObjectReference_X                                    - Instance: 0x27A53C1FC00
Class: GFxDataCallback_X                                       - Instance: 0x27A53C1F800
Class: GFxSoundPack_X                                          - Instance: 0x27A53C1F400
Class: Hashes_X                                                - Instance: 0x27A53C1F000
Class: IFuncTestManager_X                                      - Instance: 0x27A53C1EC00
Class: InterpComponent_X                                       - Instance: 0x27A53C1E800
Class: IReservationConnection_X                                - Instance: 0x27A53C1E400
Class: JsonTests_X                                             - Instance: 0x27A53C1E000
Class: LanBeacon_X                                             - Instance: 0x27A53C1DC00
Class: LensFlareComponent_X                                    - Instance: 0x27A53C1D800
Class: LinkedAccountMap_X                                      - Instance: 0x27A53C1D400
Class: LocalCache_X                                            - Instance: 0x27A53C1D000
Class: MapFlythroughProfiler_X                                 - Instance: 0x27A53C1CC00
Class: NNXErrors_X                                             - Instance: 0x27A53C1C800
Class: OnlineConfig_X                                          - Instance: 0x27A53C1C400
Class: BeaconConfig_X                                          - Instance: 0x27A53C23C00
Class: ClassPropertyConfig_X                                   - Instance: 0x27A53C23800
Class: ContentConfig_X                                         - Instance: 0x27A53C23400
Class: CrossplayConfig_X                                       - Instance: 0x27A53C23000
Class: EventRecorderConfig_X                                   - Instance: 0x27A53C22C00
Class: LocalizationConfig_X                                    - Instance: 0x27A53C22800
Class: PsyNetConfig_X                                          - Instance: 0x27A53C22400
Class: PsyNetRetryConfig_X                                     - Instance: 0x27A53C22000
Class: RPCConfig_X                                             - Instance: 0x27A53C21C00
Class: ServerConfig_X                                          - Instance: 0x27A53C21800
Class: OnlineFriendMap_X                                       - Instance: 0x27A53C21400
Class: OnlineGameSearch_X                                      - Instance: 0x27A53C21000
Class: OnlineGameSettings_X                                    - Instance: 0x27A53C20C00
Class: OnlineLegalText_X                                       - Instance: 0x27A53C20800
Class: OnlineLegalTextEOS_X                                    - Instance: 0x27A53C20400
Class: OnlineMessage_X                                         - Instance: 0x27A53C17C00
Class: OnlineMessageComponent_X                                - Instance: 0x27A53C17800
Class: ParameterDispenser_X                                    - Instance: 0x27A53C17400
Class: ParticleModuleBeamTarget_X                              - Instance: 0x27A53C17000
Class: ParticleModuleLocationBoneSocket_X                      - Instance: 0x27A53C16C00
Class: ParticleModuleLocationSkelVertSurface_X                 - Instance: 0x27A53C16800
Class: ParticleModuleVelocitySurfaceNormal_X                   - Instance: 0x27A53C16400
Class: ParticleModuleVelocitySurfaceNormalStatic_X             - Instance: 0x27A53C16000
Class: ParticleModuleWind_X                                    - Instance: 0x27A53C15C00
Class: Pawn_X                                                  - Instance: 0x27A53C15800
Class: PerCon_X                                                - Instance: 0x27A53C15400
Class: PhysicalMaterialProperty_X                              - Instance: 0x27A53C15000
Class: PlayerInput_X                                           - Instance: 0x27A53C14C00
Class: PointLightComponent_X                                   - Instance: 0x27A53C14800
Class: PsyNet_X                                                - Instance: 0x27A53C14400
Class: PsyNetBeaconConnection_X                                - Instance: 0x27A53C0FC00
Class: PsyNetClientService_X                                   - Instance: 0x27A53C0F800
Class: PsyNetClientServiceCollection_X                         - Instance: 0x27A53C0F400
Class: PsyNetConnection_X                                      - Instance: 0x27A53C0F000
Class: PsyNetErrorType_X                                       - Instance: 0x27A53C0EC00
Class: PsyNetMessage_X                                         - Instance: 0x27A53C0E800
Class: PsyNetMessenger_X                                       - Instance: 0x27A53C0E400
Class: PsyNetMessengerHttp_X                                   - Instance: 0x27A53C0E000
Class: PsyNetMessengerWebSocket_X                              - Instance: 0x27A53C0DC00
Class: PsyNetServiceSerializer_X                               - Instance: 0x27A53C0D800
Class: PsyNetServiceSubscriptions_X                            - Instance: 0x27A53C0D400
Class: PsyNetStaticData_X                                      - Instance: 0x27A53C0D000
Class: PsyNetUrl_X                                             - Instance: 0x27A53C0CC00
Class: RadialBlurComponent_X                                   - Instance: 0x27A53C0C800
Class: RandomStream_X                                          - Instance: 0x27A53C0C400
Class: RemoteAvatarPermissions_X                               - Instance: 0x27A53C13C00
Class: RemoteAvatarPermissionsRequest_X                        - Instance: 0x27A53C13800
Class: RenderProfiler_X                                        - Instance: 0x27A53C13400
Class: RetryDelay_X                                            - Instance: 0x27A53C13000
Class: RetryPolicy_X                                           - Instance: 0x27A53C12C00
Class: RPC_X                                                   - Instance: 0x27A53C12800
Class: RPC_CrashReport_X                                       - Instance: 0x27A53C12400
Class: RPC_RecordMetrics_X                                     - Instance: 0x27A53C12000
Class: RPCBatch_X                                              - Instance: 0x27A53C11C00
Class: RPCQueue_X                                              - Instance: 0x27A53C11800
Class: RuntimeParameterBase_X                                  - Instance: 0x27A53C11400
Class: RuntimeParameter_Speed_X                                - Instance: 0x27A53C11000
Class: RuntimeParameters_X                                     - Instance: 0x27A53C10C00
Class: SeqAct_NonNativeUpdate_X                                - Instance: 0x27A53C10800
Class: SequenceCondition_X                                     - Instance: 0x27A53C10400
Class: Serializer_X                                            - Instance: 0x27A53C07C00
Class: JSONSerializer_X                                        - Instance: 0x27A53C07800
Class: ObjectSerializer_X                                      - Instance: 0x27A53C07400
Class: OnlineGame_Base_X                                       - Instance: 0x27A53C07000
Class: OnlineGame_X                                            - Instance: 0x27A53C06C00
Class: OnlineGameServer_X                                      - Instance: 0x27A53C06800
Class: OnlineGameDedicatedServer_X                             - Instance: 0x27A53C06400
Class: OnlineGameDLC_X                                         - Instance: 0x27A53C06000
Class: OnlineGameLeaderboards_X                                - Instance: 0x27A53C05C00
Class: OnlineGameReservations_X                                - Instance: 0x27A53C05800
Class: OnlineGameStats_X                                       - Instance: 0x27A53C05400
Class: TickableStateObject_X                                   - Instance: 0x27A53C05000
Class: SystemInfo_X                                            - Instance: 0x27A53C04C00
Class: TickActorComponent_X                                    - Instance: 0x27A53C04800
Class: Timers_X                                                - Instance: 0x27A53C04400
Class: TimersComponent_X                                       - Instance: 0x27A53BFFC00
Class: TickComponent_X                                         - Instance: 0x27A53BFF800
Class: UIStrings_X                                             - Instance: 0x27A53BFF400
Class: WebRequest_X                                            - Instance: 0x27A53BFF000
Class: WordFilterTypes_X                                       - Instance: 0x27A53BFEC00
Class: AnimNodeBlendBase_X                                     - Instance: 0x27A53BFE800
Class: AnimNodeBlendList_X                                     - Instance: 0x27A53BFE400
Class: AnimNodeCustomSeries_X                                  - Instance: 0x27A53BFE000
Class: AnimNodeSeries_X                                        - Instance: 0x27A53BFDC00
Class: AnimNodeSequence_X                                      - Instance: 0x27A53BFD800
Class: AnimNodePose_X                                          - Instance: 0x27A53BFD400
Class: AnimNotify_PlayParticleEffect_X                         - Instance: 0x27A53BFD000
Class: PsyNetBeacon_X                                          - Instance: 0x27A53BFCC00
Class: TcpConnection                                           - Instance: 0x27A53BFC800
Class: WebSocketConnection_X                                   - Instance: 0x27A53BFC400
Class: UdpPingBeaconBase_X                                     - Instance: 0x27A53BF7C00
Class: UdpPingBeaconClient_X                                   - Instance: 0x27A53BF7800
Class: UdpPingBeaconServer_X                                   - Instance: 0x27A53BF7400
Class: PrivilegeCheck_X                                        - Instance: 0x27B6A846000
Class: AddReservationMessage_X                                 - Instance: 0x27B6A845C00
Class: ____OnlineGameParty_X__UpdatePartyInfo_0x1____OnlineGameParty_X__UpdatePartyInfo_0x1_0x1 - Instance: 0x27B6A845800
Class: __OnlineGameParty_X__UpdatePartyInfo_0x1                - Instance: 0x27B6A845400
Class: SetPlayerStorageResult_X                                - Instance: 0x27B6A845000
Class: ____OnlinePlayerStorageQueue_X__HandleStorageSuccess_0x2____OnlinePlayerStorageQueue_X__HandleStorageSuccess_0x4_0x1 - Instance: 0x27B6A844C00
Class: OnlinePlayerStorageQueue_X                              - Instance: 0x27B6A844800
Class: __OnlinePlayerStorageQueue_X__HandleStorageSuccess_0x2  - Instance: 0x27B6A844400
Class: __AdHocBrowser_X__CreateErrorDelegate_0x1               - Instance: 0x27B6A74BC00
Class: LanBrowser_X                                            - Instance: 0x27B6A74B400
Class: AdHocBrowser_X                                          - Instance: 0x27B6A74B800
Class: __AdHocBrowser_X__CreateServer_0x1                      - Instance: 0x27B6A74B000
Class: __AdHocBrowser_X__JoinServer_0x1                        - Instance: 0x27B6A74AC00
Class: __AdHocInterface_X__DisableAdHoc_0x1                    - Instance: 0x27B6A74A800
Class: AdHocInterface_X                                        - Instance: 0x27B6A74A400
Class: __AdHocInterface_X__EnableAdHoc_0x1                     - Instance: 0x27B6A74A000
Class: __AvatarRequester_X__AddCallbackToRequest_0x1           - Instance: 0x27B6A749C00
Class: AvatarRequester_X                                       - Instance: 0x27B6A749800
Class: __AvatarRequester_X__FindRequestFromArray_0x1           - Instance: 0x27B6A749400
Class: PendingAvatarRequest_X                                  - Instance: 0x27B6A749000
Class: __AvatarRequester_X__GetPlayerAvatar_0x1                - Instance: 0x27B6A748C00
Class: __AvatarRequester_X__GetPlayerAvatars_0x1               - Instance: 0x27B6A748800
Class: __AvatarRequester_X__RemoveRequestFromArray_0x1         - Instance: 0x27B6A748400
Class: __AvatarRequester_X__TimerReadAvatars_0x1               - Instance: 0x27B6A73BC00
Class: __BlockStatusReporter_X__OnBlockListDownloadComplete_0x1 - Instance: 0x27B6A73B800
Class: BlockStatusReporter_X                                   - Instance: 0x27B6A73B400
Class: __BlockStatusReporter_X__TriggerPlayerCallback_0x1      - Instance: 0x27B6A73B000
Class: __CheatManager_X__RandomSleep_0x1                       - Instance: 0x27B6A73AC00
Class: __ClubUtil_X__IsClubTeam_0x1                            - Instance: 0x27B6A73A800
Class: ClubUtil_X                                              - Instance: 0x27B6A73A400
Class: __CrossplayConfig_X__GetDisabledCrossplayGroup_0x1      - Instance: 0x27B6A73A000
Class: __EOSHelpers_X__RequestEASAuth_0x1                      - Instance: 0x27B6A739C00
Class: EASAuthResponse                                         - Instance: 0x27B6A739800
Class: EOSHelpers_X                                            - Instance: 0x27B6A739400
Class: __EOSHelpers_X__SendHTTPRequest_0x1                     - Instance: 0x27B6A739000
Class: EpicErrors_X                                            - Instance: 0x27B6A738C00
Class: __EOSHelpers_X__SendHTTPRequestEASAuth_0x1              - Instance: 0x27B6A738800
Class: __EOSHelpers_X__SendHTTPRequestSelectAuth_0x1           - Instance: 0x27B6A738400
Class: __EpicFriendsPlugin_X__AcceptFriendRequest_0x1          - Instance: 0x27B6A727C00
Class: __EpicFriendsPlugin_X__AddFriendWithCustomCallback_0x1  - Instance: 0x27B6A727800
Class: __EpicFriendsPlugin_X__GetOutgoingFriendRequestsWithCustomCallback_0x1 - Instance: 0x27B6A727400
Class: __EpicFriendsPlugin_X__RejectFriendRequest_0x1          - Instance: 0x27B6A727000
Class: __EpicFriendsPlugin_X__RemoveFriend_0x1                 - Instance: 0x27B6A726C00
Class: __EpicLogin_X__HandleLoginChanged_0x1                   - Instance: 0x27B6A726800
Class: EpicConfig_X                                            - Instance: 0x27B6A725C00
Class: __EpicLogin_X__TriggerAuthTicketDelegate_0x1            - Instance: 0x27B6A726000
Class: __EpicLogin_X__UpdateTwoFactorAuthenticationStatus_0x1  - Instance: 0x27B6A725800
Class: __EpicLogin_X__RequestNintendoAccountAuthorization_0x1  - Instance: 0x27B6A725400
Class: CabinedModeResponse                                     - Instance: 0x27B6A725000
Class: __LocalClubData_X__GetClubByID_0x1                      - Instance: 0x27B6A724C00
Class: ClubSettings_X                                          - Instance: 0x27B6A724400
Class: ClubDetails_X                                           - Instance: 0x27B6A724800
Class: LocalClubData_X                                         - Instance: 0x27B6A713C00
Class: __LocalClubData_X__GetClubForPlayer_0x1                 - Instance: 0x27B6A713800
Class: __MatchRecorder_X__GetPlayerData_0x1                    - Instance: 0x27B6A713400
Class: MatchPlayerData_X                                       - Instance: 0x27B6A713000
Class: MatchRecorder_X                                         - Instance: 0x27B6A712C00
Class: __OnlineClubCache_X__GetClubDetails_0x1                 - Instance: 0x27B6A712800
Class: OnlineClubCache_X                                       - Instance: 0x27B6A712400
Class: __OnlineClubCache_X__GetPlayerClubDetails_0x1           - Instance: 0x27B6A712000
Class: __OnlineClubManager_X__AcceptClubInvite_0x1             - Instance: 0x27B6A711C00
Class: OnlineClubManager_X                                     - Instance: 0x27B6A711800
Class: __OnlineClubManager_X__InviteToClub_0x1                 - Instance: 0x27B6A711400
Class: __OnlineClubManager_X__LeaveClub_0x1                    - Instance: 0x27B6A711000
Class: __OnlineClubManager_X__RejectClubInvite_0x1             - Instance: 0x27B6A710C00
Class: __OnlineClubManager_X__RemoveFromClub_0x1               - Instance: 0x27B6A710800
Class: __OnlineClubManager_X__SetNewRole_0x1                   - Instance: 0x27B6A710400
Class: __OnlineClubProvider_X__HandleClubSynced_0x1            - Instance: 0x27B6A707C00
Class: RPC_ClubDetailsBase_X                                   - Instance: 0x27B6A707400
Class: RPC_GetClubDetails_X                                    - Instance: 0x27B6A707800
Class: OnlineClubProvider_X                                    - Instance: 0x27B6A707000
Class: __OnlineClubProvider_X__SyncClubDetails_0x1             - Instance: 0x27B6A706C00
Class: __OnlineClubProvider_X__SyncClubDetailsArray_0x1        - Instance: 0x27B6A706800
Class: RPC_GetClubDetailsArray_X                               - Instance: 0x27B6A706400
Class: __OnlineClubProvider_X__SyncPlayerClubDetails_0x1       - Instance: 0x27B6A706000
Class: RPC_GetPlayerClubDetails_X                              - Instance: 0x27B6A705C00
Class: __OnlineGame_X__CheckPsyNetConnection_0x1               - Instance: 0x27B6A705800
Class: __OnlineGame_X__GetOnlinePlayerFromEpicId_0x1           - Instance: 0x27B6A705400
Class: __OnlineGame_X__GetOnlinePlayerFromPlayerId_0x1         - Instance: 0x27B6A705000
Class: __OnlineGameMatchmaking_X__AddRecommendedServers_0x1    - Instance: 0x27B6A704C00
Class: RegionPing_X                                            - Instance: 0x27B6A704800
Class: OnlineGameMatchmakingBase_X                             - Instance: 0x27B6A703C00
Class: OnlineGameMatchmaking_X                                 - Instance: 0x27B6A704400
Class: __OnlineGameMatchmaking_X__GetSubRegionPings_0x1        - Instance: 0x27B6A703800
Class: Region_X                                                - Instance: 0x27B6A703400
Class: __OnlineGameMatchmaking_X__OnReceiveGameServer_0x1      - Instance: 0x27B6A703000
Class: OnlineGameRegions_X                                     - Instance: 0x27B6A702C00
Class: __OnlineGameMatchmaking_X__RecordStart_0x2              - Instance: 0x27B6A702800
Class: __OnlineGameParty_X__BroadcastAllLocalPlayers_0x2       - Instance: 0x27B6A702400
Class: OnlineGameParty_X                                       - Instance: 0x27B6A702000
Class: GRI_X                                                   - Instance: 0x27B6A701C00
Class: OSSConfig_X                                             - Instance: 0x27B6A701800
Class: PartyMessage_X                                          - Instance: 0x27B6A701400
Class: PartyMessage_SearchStatus_X                             - Instance: 0x27B6A701000
Class: PartyMessage_LobbySettings_X                            - Instance: 0x27B6A700C00
Class: PartyMessage_Kick_X                                     - Instance: 0x27B6A700800
Class: PartyMessage_LocalPlayers_X                             - Instance: 0x27B6A700400
Class: PartyMessage_MatchmakingAvailability_X                  - Instance: 0x27B6A6EBC00
Class: PartyMessage_JoinGame_X                                 - Instance: 0x27B6A6EB800
Class: PartyMessage_PartyMemberJoinGame_X                      - Instance: 0x27B6A6EB400
Class: PartyMessage_DisableCrossPlay_X                         - Instance: 0x27B6A6EB000
Class: PartyMessage_CrossPlayTextChat_X                        - Instance: 0x27B6A6EAC00
Class: PartyMessage_SetPlatformParty_X                         - Instance: 0x27B6A6EA800
Class: OnlineGameJoinGame_X                                    - Instance: 0x27B6A6EA400
Class: OnlineGameAccount_X                                     - Instance: 0x27B6A6EA000
Class: PartySequence_InvitedToPlatformParty_X                  - Instance: 0x27B6A6E9C00
Class: Parties_X                                               - Instance: 0x27B6A6E9800
Class: PartySequence_PsyNetPartyUpgrade_X                      - Instance: 0x27B6A6E9400
Class: PartySequence_InvitedToPsyNetParty_X                    - Instance: 0x27B6A6E9000
Class: PartyPlatformSession_X                                  - Instance: 0x27B6A6E8C00
Class: PartyMetrics_X                                          - Instance: 0x27B6A6E8800
Class: __OnlineGameParty_X__CreatePartyInternal_0x1            - Instance: 0x27B6A6E8400
Class: PartyErrors_X                                           - Instance: 0x27B6A6E3C00
Class: __OnlineGameParty_X__JoinParty_0x1                      - Instance: 0x27B6A6E3800
Class: OnlineGamePrivileges_X                                  - Instance: 0x27B6A6E3400
Class: OnlineGamePlaylists_X                                   - Instance: 0x27B6A6E2800
Class: GameSettingPlaylist_X                                   - Instance: 0x27B6A6E2C00
Class: __OnlineGameParty_X__HandleConfirmJoinGame_0x1          - Instance: 0x27B6A6E2400
Class: __OnlineGameParty_X__HandleConfirmJoinGame_ConnectionValid_0x1 - Instance: 0x27B6A6E2000
Class: FindServerTask_X                                        - Instance: 0x27B6A6E1C00
Class: PartyJoinedEvent_X                                      - Instance: 0x27B6A6E1800
Class: ClientReservationMessage_X                              - Instance: 0x27B6A6E1000
Class: __OnlineGameParty_X__HandleClientReservationMessage_0x1 - Instance: 0x27B6A6E0C00
Class: __OnlineGameParty_X__HasMultiplePlatforms_0x1           - Instance: 0x27B6A6E0800
Class: OnlineGameSkill_X                                       - Instance: 0x27B6A6E0400
Class: __OnlineGameParty_X__GetPlayersWithPrimaryMemberID_0x1  - Instance: 0x27B6A6A3C00
Class: PartyConfig_X                                           - Instance: 0x27B6A6A3800
Class: __OnlineGameReservations_X__GetMigrationReservationData_0x1 - Instance: 0x27B6A6A3000
Class: __OnlineGameReservations_X__RecordReservation_0x1       - Instance: 0x27B6A6A2C00
Class: __OnlineGameReservations_X__SetPlayersWithMigrationData_0x1 - Instance: 0x27B6A6A2800
Class: __OnlineGameSkill_X__ClearPartyMembersSkill_0x1         - Instance: 0x27B6A6A2400
Class: __OnlineGameSkill_X__ClearSkill_0x1                     - Instance: 0x27B6A6A2000
Class: PlaylistSkillCache_X                                    - Instance: 0x27B6A6A1C00
Class: __OnlineGameSkill_X__HandleSyncedPlayerSkill_0x1        - Instance: 0x27B6A6A1800
Class: __OnlineGameSkill_X__OnSkillSynced_0x1                  - Instance: 0x27B6A6A1400
Class: __OnlineGameWordFilter_X__InternalSanitize_0x1          - Instance: 0x27B6A6A1000
Class: OnlineGameWordFilter_X                                  - Instance: 0x27B6A6A0C00
Class: __OnlineLegalTextEOS_X__HandleEOSInitialized_0x1        - Instance: 0x27B6A6A0800
Class: __OnlineLegalTextEOS_X__RequestKey_0x1                  - Instance: 0x27B6A6A0400
Class: KeyRequestResponse                                      - Instance: 0x27B6A687C00
Class: NullResponse                                            - Instance: 0x27B6A687800
Class: __OnlinePlayerFriends_X__AcceptEpicFriendInvite_0x1     - Instance: 0x27B6A687400
Class: OnlinePlayerFriends_X                                   - Instance: 0x27B6A687000
Class: __OnlinePlayerFriends_X__BlockPlayer_0x1                - Instance: 0x27B6A686C00
Class: __OnlinePlayerFriends_X__SubscribeToEpicFriendsPlugin_0x1 - Instance: 0x27B6A686800
Class: RetryDelayer_X                                          - Instance: 0x27B6A686400
Class: __OnlinePlayerFriends_X__UnblockPlayer_0x1              - Instance: 0x27B6A686000
Class: __OnlinePlayerFriends_X__LinkPlatformToEpic_0x1         - Instance: 0x27B6A685C00
Class: SocialMetrics_X                                         - Instance: 0x27B6A685800
Class: __OnlinePlayerFriends_X__InviteEpicFriend_0x1           - Instance: 0x27B6A685400
Class: __OnlinePlayerFriends_X__DeclineEpicFriendInvite_0x1    - Instance: 0x27B6A685000
Class: __OnlinePlayerFriends_X__TriggerSocialCallback_0x1      - Instance: 0x27B6A684C00
Class: __OnlinePlayerFriends_X__RemoveEpicFriend_0x1           - Instance: 0x27B6A684800
Class: RPC_PsyNetSendIndividualChat_X                          - Instance: 0x27B6A684400
Class: EpicFriends_X                                           - Instance: 0x27B6A64FC00
Class: PlatformFriends_X                                       - Instance: 0x27B6A64F800
Class: __OnlinePlayerStorageQueue_X__GetStorageMaxSizeBytes_0x1 - Instance: 0x27B6A64F400
Class: EncodeObject_X                                          - Instance: 0x27B6A64F000
Class: RPC_PlayerStorageSet_X                                  - Instance: 0x27B6A64EC00
Class: __OnlinePlayerStorageQueue_X__MapResultItem_0x1         - Instance: 0x27B6A64E800
Class: __OnlinePlayerStorageSync_X__SyncObjects_0x1            - Instance: 0x27B6A64E400
Class: OnlinePlayerStorageSync_X                               - Instance: 0x27B6A64E000
Class: __Parties_X__HandleIncomingPartyNotification_0x1        - Instance: 0x27B6A64DC00
Class: PsyNetService_Party_X                                   - Instance: 0x27B6A64D800
Class: __PartyMessageQueue_X__SendMessage_0x1                  - Instance: 0x27B6A64D400
Class: PartyMessageQueue_X                                     - Instance: 0x27B6A64D000
Class: __PartySequence_CreateParty_X__CreateParty_0x1          - Instance: 0x27B6A64CC00
Class: RPC_PartyCreate_X                                       - Instance: 0x27B6A64C800
Class: PartySequence_CreateParty_X                             - Instance: 0x27B6A64C400
Class: __PartySequence_InvitedToPlatformParty_X__HandlePlayerInvited_0x1 - Instance: 0x27B6A647C00
Class: __PartySequence_InvitedToPsyNetParty_X__HandlePlayerInvitedPrompt_0x1 - Instance: 0x27B6A647800
Class: __PartySequence_InvitedToPsyNetParty_X__HandlePlayerInvitedSilent_0x1 - Instance: 0x27B6A647400
Class: __PartySequence_JoinParty_X__HandleGetPlatformPartyMessage_0x1 - Instance: 0x27B6A647000
Class: PartyMessage_GetPlatformParty_X                         - Instance: 0x27B6A646C00
Class: PartySequence_JoinParty_X                               - Instance: 0x27B6A646800
Class: __PRI_X__RegisterPlayerWithSession_0x1                  - Instance: 0x27B6A646400
Class: PRI_X                                                   - Instance: 0x27B6A646000
Class: __PsyNetBeacon_X__SendMessageToClients_0x1              - Instance: 0x27B6A645C00
Class: RPC_RelayToClient_X                                     - Instance: 0x27B6A645800
Class: __PsyNetBeacon_X__SendMessageToServer_0x1               - Instance: 0x27B6A645400
Class: RPC_RelayToServer_X                                     - Instance: 0x27B6A645000
Class: __PsyNetConnection_X__ProcessServiceCall_0x1            - Instance: 0x27B6A644C00
Class: __PsyNetMessengerHttp_X__SendMessage_0x1                - Instance: 0x27B6A644800
Class: __PsyNetRequestQue_X__SendRequest_0x1                   - Instance: 0x27B6A644400
Class: PsyNetRequestQue_X                                      - Instance: 0x27B6A63FC00
Class: __PsyNetServiceProvider_X__CreateChannel_0x1            - Instance: 0x27B6A63F800
Class: PsyNetChannel_X                                         - Instance: 0x27B6A63F400
Class: PsyNetServiceProvider_X                                 - Instance: 0x27B6A63F000
Class: __PsyNetServiceProvider_X__ExecuteRequest_0x1           - Instance: 0x27B6A63EC00
Class: __PsyNetServiceProvider_X__ExecuteServiceMessage_0x1    - Instance: 0x27B6A63E800
Class: TAsyncResult__PsyNetClientService_X                     - Instance: 0x27B6A63E400
Class: __PsyNetWordFilter_X__WordFilterSanitizeString_0x1      - Instance: 0x27B6A63E000
Class: RPC_FilterContent_X                                     - Instance: 0x27B6A63DC00
Class: PsyNetWordFilter_X                                      - Instance: 0x27B6A63D800
Class: __RegionConfig_X__GetSubRegions_0x1                     - Instance: 0x27B6A63D400
Class: RegionConfig_X                                          - Instance: 0x27B6A63D000
Class: __RemoteAvatarPermissions_X__GetPermissions_0x1         - Instance: 0x27B6A63CC00
Class: RemoteAvatarPermissionsRequestBatch_X                   - Instance: 0x27B6A63C800
Class: __RemoteAvatarPermissions_X__SetAvatarPermission_0x1    - Instance: 0x27B6A63C400
Class: __RPC_X__CreateTask_0x1                                 - Instance: 0x27B6A637C00
Class: __RPCQueue_X__CreateBatch_0x2                           - Instance: 0x27B6A637800
Class: __RPCQueue_X__CreateBatchSingleRPC_0x1                  - Instance: 0x27B6A637400
Class: __ServerPlayerTracker_X__AddPlayer_0x1                  - Instance: 0x27B6A637000
Class: ServerPlayerTracker_X                                   - Instance: 0x27B6A636C00
Class: __StatusObserver_X__FindByAcceptedType_0x1              - Instance: 0x27B6A636800
Class: StatusTrigger_X                                         - Instance: 0x27B6A636400
Class: TriggerInfo                                             - Instance: 0x27B6A636000
Class: StatusObserver_X                                        - Instance: 0x27B6A635C00
Class: __StatusObserver_X__ObservesTriggerType_0x1             - Instance: 0x27B6A635800
Class: __TAsyncResult__array_ClubInvite_X__Copy_0x1            - Instance: 0x27B6A635400
Class: TAsyncResult__array_ClubInvite_X                        - Instance: 0x27B6A635000
Class: ClubInvite_X                                            - Instance: 0x27B6A634C00
Class: __TAsyncResult__array_ClubInvite_X__NotifyOnResult_0x1  - Instance: 0x27B6A634800
Class: __TAsyncResult__array_ClubInvite_X__NotifyOnResultComplete_0x1 - Instance: 0x27B6A634400
Class: __TAsyncResult__array_ClubInvite_X__SetResultWhen_0x1   - Instance: 0x27B6A633C00
Class: __TAsyncResult__array_LanServerRecord_X__Copy_0x1       - Instance: 0x27B6A633800
Class: TAsyncResult__array_LanServerRecord_X                   - Instance: 0x27B6A633400
Class: LanServerRecord_X                                       - Instance: 0x27B6A633000
Class: __TAsyncResult__array_LanServerRecord_X__NotifyOnResult_0x1 - Instance: 0x27B6A632C00
Class: __TAsyncResult__array_LanServerRecord_X__NotifyOnResultComplete_0x1 - Instance: 0x27B6A632800
Class: __TAsyncResult__array_LanServerRecord_X__SetResultWhen_0x1 - Instance: 0x27B6A632400
Class: __TAsyncResult__ClubDetails_X__Copy_0x1                 - Instance: 0x27B6A632000
Class: TAsyncResult__ClubDetails_X                             - Instance: 0x27B6A631C00
Class: __TAsyncResult__ClubDetails_X__NotifyOnResult_0x1       - Instance: 0x27B6A631800
Class: __TAsyncResult__ClubDetails_X__NotifyOnResultComplete_0x1 - Instance: 0x27B6A631400
Class: __TAsyncResult__ClubDetails_X__SetResultWhen_0x1        - Instance: 0x27B6A631000
Class: __TAsyncResult__PsyNetClientService_X__Copy_0x1         - Instance: 0x27B6A630C00
Class: __TAsyncResult__PsyNetClientService_X__NotifyOnResult_0x1 - Instance: 0x27B6A630800
Class: __TAsyncResult__PsyNetClientService_X__NotifyOnResultComplete_0x1 - Instance: 0x27B6A630400
Class: __TAsyncResult__PsyNetClientService_X__SetResultWhen_0x1 - Instance: 0x27B6A61FC00
Class: __TAsyncResult__PsyNetMessage_X__Copy_0x1               - Instance: 0x27B6A61F800
Class: TAsyncResult__PsyNetMessage_X                           - Instance: 0x27B6A61F400
Class: __TAsyncResult__PsyNetMessage_X__NotifyOnResult_0x1     - Instance: 0x27B6A61F000
Class: __TAsyncResult__PsyNetMessage_X__NotifyOnResultComplete_0x1 - Instance: 0x27B6A61EC00
Class: __TAsyncResult__PsyNetMessage_X__SetResultWhen_0x1      - Instance: 0x27B6A61E800
Class: __TAsyncResult__Texture2DDynamic__Copy_0x1              - Instance: 0x27B6A61E400
Class: TAsyncResult__Texture2DDynamic                          - Instance: 0x27B6A61E000
Class: __TAsyncResult__Texture2DDynamic__NotifyOnResult_0x1    - Instance: 0x27B6A61DC00
Class: __TAsyncResult__Texture2DDynamic__NotifyOnResultComplete_0x1 - Instance: 0x27B6A61D800
Class: __TAsyncResult__Texture2DDynamic__SetResultWhen_0x1     - Instance: 0x27B6A61D400
Class: __TitleConfig_X__GetClubTitleData_0x1                   - Instance: 0x27B6A61D000
Class: TitleConfig_X                                           - Instance: 0x27B6A61CC00
Class: __TitleConfig_X__GetTitleData_0x1                       - Instance: 0x27B6A61C800
Class: __WebCache_X__DownloadData_0x1                          - Instance: 0x27B6A61C400
Class: WebCache_X                                              - Instance: 0x27B6A617C00
Class: __WebImageCache_X__HandleImageData_0x1                  - Instance: 0x27B6A617800
Class: WebImageDownload_X                                      - Instance: 0x27B6A617400
Class: WebImageCache_X                                         - Instance: 0x27B6A617000
Class: __WebImageCache_X__StartSync_0x1                        - Instance: 0x27B6A616C00
Class: __WebImageCache_X__SyncUncachedImage_0x1                - Instance: 0x27B6A616800
Class: _ReservationTypes_X                                     - Instance: 0x27B6A616400
Class: ActionQueue_X                                           - Instance: 0x27B6A616000
Class: ActivateAnimSeriesComponent_X                           - Instance: 0x27B6A615C00
Class: AddReservationMessagePrivate_X                          - Instance: 0x27B6A615800
Class: AddReservationMessagePublic_X                           - Instance: 0x27B6A615400
Class: AgeGateRequiredResponse                                 - Instance: 0x27B6A615000
Class: AppConfig_X                                             - Instance: 0x27B6A614C00
Class: AprilConfig_X                                           - Instance: 0x27B6A614800
Class: SeqEvent_Spawned_X                                      - Instance: 0x27B6A614400
Class: VanityConfig_X                                          - Instance: 0x27B6A5EFC00
Class: BanMessage_X                                            - Instance: 0x27B6A5EF800
Class: BlockStatusMetrics_X                                    - Instance: 0x27B6A5EF400
Class: BlockStatusReporterConfig_X                             - Instance: 0x27B6A5EF000
Class: BlogConfig_X                                            - Instance: 0x27B6A5EEC00
Class: BlogTile_X                                              - Instance: 0x27B6A5EE800
Class: BreadcrumbConfig_X                                      - Instance: 0x27B6A5EE400
Class: BugMetrics_X                                            - Instance: 0x27B6A5EE000
Class: CacheTimer_X                                            - Instance: 0x27B6A5EDC00
Class: CameraStateBlender_X                                    - Instance: 0x27B6A5ED800
Class: CameraState_X                                           - Instance: 0x27B6A5ED400
Class: CameraUtils_X                                           - Instance: 0x27B6A5ED000
Class: CameraModifier_CameraShake_X                            - Instance: 0x27B6A5ECC00
Class: CameraState_CamActor_X                                  - Instance: 0x27B6A5CBC00
Class: CameraState_CamActorCinematic_X                         - Instance: 0x27B6A5CB800
Class: CancelJoinMessage_X                                     - Instance: 0x27B6A5CB400
Class: CDN_X                                                   - Instance: 0x27B6A5CB000
Class: HUD_X                                                   - Instance: 0x27B6A5CAC00
Class: CheckReservation_X                                      - Instance: 0x27B6A5CA800
Class: RPC_ReservationHeartbeat_X                              - Instance: 0x27B6A5CA400
Class: MatchmakingMetrics_X                                    - Instance: 0x27B6A5CA000
Class: ClanforgeReservation_X                                  - Instance: 0x27B6A5C9C00
Class: ClientNetMetrics_X                                      - Instance: 0x27B6A5C9800
Class: GameServerPinger_X                                      - Instance: 0x27B6A5C9400
Class: InitialServerToClientMessage_X                          - Instance: 0x27B6A5C9000
Class: ClubErrors_X                                            - Instance: 0x27B6A5C8C00
Class: ClubMetrics_X                                           - Instance: 0x27B6A5C8800
Class: ClubServerResult_X                                      - Instance: 0x27B6A5C8400
Class: ServerToServerMessage_X                                 - Instance: 0x27B6A597C00
Class: ConnectionInfoMessage_X                                 - Instance: 0x27B6A597800
Class: DDoSService_X                                           - Instance: 0x27B6A597400
Class: URLValidator_X                                          - Instance: 0x27B6A597000
Class: DebugDrawer_X                                           - Instance: 0x27B6A596C00
Class: DecodeObject_X                                          - Instance: 0x27B6A596400
Class: DecodeObjectJson_X                                      - Instance: 0x27B6A596000
Class: DecodeObjectTypes_X                                     - Instance: 0x27B6A595C00
Class: DecodeObjectUObject_X                                   - Instance: 0x27B6A595800
Class: DownloadedPlaylistsData_X                               - Instance: 0x27B6A595400
Class: DSPendingMessage_X                                      - Instance: 0x27B6A595000
Class: DSR_DSMessage_X                                         - Instance: 0x27B6A594C00
Class: DSR_ClientMessage_X                                     - Instance: 0x27B6A594800
Class: DSR_DSToDSMessage_X                                     - Instance: 0x27B6A594400
Class: DynamicValue_X                                          - Instance: 0x27B6A583C00
Class: DynamicValueModifier_X                                  - Instance: 0x27B6A583800
Class: DynamicValueModifierCurve_X                             - Instance: 0x27B6A583400
Class: DynamicValueModifierDuration_X                          - Instance: 0x27B6A583000
Class: EnableOnlineSave_X                                      - Instance: 0x27B6A582C00
Class: EncodeObjectFactory_X                                   - Instance: 0x27B6A582800
Class: EncodeObjectUObject_X                                   - Instance: 0x27B6A582400
Class: EncodeObjectJson_X                                      - Instance: 0x27B6A582000
Class: EncodeObjectTypes_X                                     - Instance: 0x27B6A581C00
Class: PreExitEvent_X                                          - Instance: 0x27B6A581800
Class: EOSEvent_Presence_X                                     - Instance: 0x27B6A581400
Class: EOSMetricsConfig_X                                      - Instance: 0x27B6A581000
Class: LocalizedAccountLinkURL                                 - Instance: 0x27B6A580C00
Class: SeqAct_TriggerFXActor_X                                 - Instance: 0x27B6A580800
Class: Explosion_X                                             - Instance: 0x27B6A580400
Class: RPC_JoinMatch_X                                         - Instance: 0x27B6A52BC00
Class: IOnlineGameHost_X                                       - Instance: 0x27B6A52B800
Class: GameInfo_MapProfiler_X                                  - Instance: 0x27B6A52B400
Class: GameSettingConfig_X                                     - Instance: 0x27B6A52B000
Class: PresetMutators_X                                        - Instance: 0x27B6A52AC00
Class: PlaylistSettings_X                                      - Instance: 0x27B6A52A800
Class: OnlineGameDedicatedServerRegistration_X                 - Instance: 0x27B6A52A400
Class: GetPlayerStorageResult_X                                - Instance: 0x27B6A52A000
Class: GetPlayerStorageResultItem_X                            - Instance: 0x27B6A529C00
Class: GFxModal_X                                              - Instance: 0x27B6A529800
Class: ICabinedOrGuest                                         - Instance: 0x27B6A529000
Class: IOnlineGamePlaylists_X                                  - Instance: 0x27B6A528C00
Class: LanMessage_X                                            - Instance: 0x27B6A528800
Class: LanMessage_HostQuery_X                                  - Instance: 0x27B6A528400
Class: LanMessage_HostResponse_X                               - Instance: 0x27B6A4C3C00
Class: LanMessage_Ping_X                                       - Instance: 0x27B6A4C3800
Class: LocalCacheTests_X                                       - Instance: 0x27B6A4C3400
Class: LoginResponse_X                                         - Instance: 0x27B6A4C3000
Class: MapPrefsConfig_X                                        - Instance: 0x27B6A4C2C00
Class: MatchData_X                                             - Instance: 0x27B6A4C2800
Class: MatchEndedMessage_X                                     - Instance: 0x27B6A4C2400
Class: MatchInfoMessage_X                                      - Instance: 0x27B6A4C2000
Class: MatchLog_X                                              - Instance: 0x27B6A4C1C00
Class: MaterialEffect_X                                        - Instance: 0x27B6A4C1800
Class: PauseMetricsState_X                                     - Instance: 0x27B6A4C1400
Class: NetModeBase                                             - Instance: 0x27B6A4C0C00
Class: NetMode_Networked                                       - Instance: 0x27B6A4C1000
Class: MigrationStartedMessage_X                               - Instance: 0x27B6A4C0800
Class: MirrorUtils_X                                           - Instance: 0x27B6A4C0400
Class: NetMetricsSystem_X                                      - Instance: 0x27B6A487C00
Class: NetMode_DedicatedClient                                 - Instance: 0x27B6A487800
Class: NetworkPingEvent_X                                      - Instance: 0x27B6A487400
Class: NetMode_Authoritative                                   - Instance: 0x27B6A487000
Class: NetMode_Client                                          - Instance: 0x27B6A486C00
Class: NetMode_DedicatedServer                                 - Instance: 0x27B6A486800
Class: NetMode_ListenServer                                    - Instance: 0x27B6A486400
Class: NetMode_Server                                          - Instance: 0x27B6A486000
Class: NetMode_Standalone                                      - Instance: 0x27B6A485C00
Class: NetModeReplicator_X                                     - Instance: 0x27B6A485800
Class: NetModeSystem_X                                         - Instance: 0x27B6A485400
Class: RPC_CreateClub_X                                        - Instance: 0x27B6A485000
Class: RPC_UpdateClubName_X                                    - Instance: 0x27B6A484C00
Class: RPC_UpdateClubColors_X                                  - Instance: 0x27B6A484800
Class: RPC_UpdateClubTitle_X                                   - Instance: 0x27B6A484400
Class: RPC_InviteToClub_X                                      - Instance: 0x27B6A483C00
Class: RPC_RemoveFromClub_X                                    - Instance: 0x27B6A483800
Class: RPC_SetClubOwner_X                                      - Instance: 0x27B6A483400
Class: RPC_SetClubRole_X                                       - Instance: 0x27B6A483000
Class: RPC_GetClubInvites_X                                    - Instance: 0x27B6A482C00
Class: RPC_AcceptClubInvite_X                                  - Instance: 0x27B6A482800
Class: RPC_RejectClubInvite_X                                  - Instance: 0x27B6A482400
Class: RPC_LeaveClub_X                                         - Instance: 0x27B6A482000
Class: OnlineClubServerList_X                                  - Instance: 0x27B6A481C00
Class: RPC_GetClubPrivateMatches_X                             - Instance: 0x27B6A481800
Class: OnlineConfigDispatcher_X                                - Instance: 0x27B6A481400
Class: UrlConfig_X                                             - Instance: 0x27B6A481000
Class: OnlineGameVersion_X                                     - Instance: 0x27B6A480C00
Class: OnlineGameWordFilterProcessor_X                         - Instance: 0x27B6A480800
Class: OnlineGameInvite_X                                      - Instance: 0x27B6A480400
Class: OnlineGameVoice_X                                       - Instance: 0x27B6A45FC00
Class: OnlineGamePopulation_X                                  - Instance: 0x27B6A45F800
Class: OnlineGameServerBrowser_X                               - Instance: 0x27B6A45F400
Class: OnlineGamePrivateMatch_X                                - Instance: 0x27B6A45F000
Class: UdpLanBrowser_X                                         - Instance: 0x27B6A45EC00
Class: SystemMetrics_X                                         - Instance: 0x27B6A45E800
Class: RPC_GetPublicIP_X                                       - Instance: 0x27B6A45E400
Class: RPC_UpdatePlayerPlaylist_X                              - Instance: 0x27B6A45DC00
Class: ServerExploitManager_X                                  - Instance: 0x27B6A45D800
Class: OnlinePlayerPermissions_X                               - Instance: 0x27B6A45D400
Class: RPC_CheckReplacementDedicatedServer_X                   - Instance: 0x27B6A45D000
Class: RPC_AddQuitter_X                                        - Instance: 0x27B6A45CC00
Class: RPC_RemoveQuitter_X                                     - Instance: 0x27B6A45C800
Class: RPC_RecordMatch_X                                       - Instance: 0x27B6A45C400
Class: RPC_UpdateGameServer_X                                  - Instance: 0x27B6A427C00
Class: RPC_CreateGameServer_X                                  - Instance: 0x27B6A427800
Class: ServerMetrics_X                                         - Instance: 0x27B6A427400
Class: RPC_DeactivateGameServer_X                              - Instance: 0x27B6A427000
Class: RPC_SetServerNotJoinable_X                              - Instance: 0x27B6A426C00
Class: ReservationsMetrics_X                                   - Instance: 0x27B6A426800
Class: QueuedOfflineMessage_X                                  - Instance: 0x27B6A426400
Class: RPC_ServerToServer_X                                    - Instance: 0x27B6A426000
Class: ReservationsFullMessage_X                               - Instance: 0x27B6A425800
Class: ReservationsTeamFullMessage_X                           - Instance: 0x27B6A425400
Class: ReservationsWaitingMessage_X                            - Instance: 0x27B6A425000
Class: ReservationsReadyMessage_X                              - Instance: 0x27B6A424C00
Class: ReservationsTimedOutMessage_X                           - Instance: 0x27B6A424800
Class: ReservationsPrivateMessage_X                            - Instance: 0x27B6A424400
Class: ReservationsPasswordMessage_X                           - Instance: 0x27B6A3F7C00
Class: ReservationsWrongPlaylistMessage_X                      - Instance: 0x27B6A3F7800
Class: ReservationsWrongRankedMatchMessage_X                   - Instance: 0x27B6A3F7400
Class: ReservationsKeysFailedMessage_X                         - Instance: 0x27B6A3F7000
Class: ReservationCrossplayDisabledMessage_X                   - Instance: 0x27B6A3F6C00
Class: ReservationsMaxPlayersMessage_X                         - Instance: 0x27B6A3F6800
Class: PingMessage_X                                           - Instance: 0x27B6A3F6400
Class: RPC_GetLeaderboardValueForUserBase_X                    - Instance: 0x27B6A3F5C00
Class: RPC_GetSkillLeaderboardValueForUser_X                   - Instance: 0x27B6A3F6000
Class: RPC_GetLeaderboardValueForUser_X                        - Instance: 0x27B6A3F5800
Class: RPC_GetLeaderboardBase_X                                - Instance: 0x27B6A3F5000
Class: RPC_GetSkillLeaderboard_X                               - Instance: 0x27B6A3F5400
Class: RPC_GetLeaderboard_X                                    - Instance: 0x27B6A3F4C00
Class: RPC_GetLeaderboardRankForUsersBase_X                    - Instance: 0x27B6A3F4400
Class: RPC_GetSkillLeaderboardRankForUsers_X                   - Instance: 0x27B6A3F4800
Class: RPC_GetLeaderboardRankForUsers_X                        - Instance: 0x27B6A3E3C00
Class: RPC_StartMatchmaking_X                                  - Instance: 0x27B6A3E3800
Class: SuperRegion_X                                           - Instance: 0x27B6A3E3400
Class: RPC_PlayerCancelMatchmaking_X                           - Instance: 0x27B6A3E2C00
Class: RankedConfig_X                                          - Instance: 0x27B6A3E2400
Class: RPC_GetPopulation_X                                     - Instance: 0x27B6A3E2000
Class: RPC_PlayerSearchPrivateMatch_X                          - Instance: 0x27B6A3E1C00
Class: RPC_GetSubRegions_X                                     - Instance: 0x27B6A3E1800
Class: RPC_GetGameServerPingList_X                             - Instance: 0x27B6A3E1400
Class: RegionPinger_X                                          - Instance: 0x27B6A3E1000
Class: RPC_GetGameServerPingList2_X                            - Instance: 0x27B6A3E0C00
Class: RegionPingData_X                                        - Instance: 0x27B6A3E0800
Class: OnlineGameReservations_AssignTeamsByParty_X             - Instance: 0x27B6A3E0400
Class: RegionPingMessage_X                                     - Instance: 0x27B6A377C00
Class: PsyNetService_ReservationBase_X                         - Instance: 0x27B6A377400
Class: PsyNetService_NewGame_X                                 - Instance: 0x27B6A377800
Class: PsyNetService_Backfill_X                                - Instance: 0x27B6A377000
Class: PsyNetService_CreatePrivate_X                           - Instance: 0x27B6A376C00
Class: PsyNetService_JoinPrivate_X                             - Instance: 0x27B6A376800
Class: PsyNetService_FriendJoin_X                              - Instance: 0x27B6A376400
Class: PsyNetService_Reconnect_X                               - Instance: 0x27B6A376000
Class: RPC_GetPlayerSkill_X                                    - Instance: 0x27B6A375C00
Class: RPC_GetPartyMemberSkill_X                               - Instance: 0x27B6A375800
Class: SyncedSkillData_X                                       - Instance: 0x27B6A375400
Class: RPC_RecordMatchResults_X                                - Instance: 0x27B6A374C00
Class: RPC_UpdateSkills_X                                      - Instance: 0x27B6A375000
Class: RPC_UpdateLeaderboard_X                                 - Instance: 0x27B6A374400
Class: WordFilterConfig_X                                      - Instance: 0x27B6A30FC00
Class: UserBugReportComponent_X                                - Instance: 0x27B6A30F800
Class: OnlinePlayerRegionRestrictions_X                        - Instance: 0x27B6A30F400
Class: OnlinePlayerStorage_X                                   - Instance: 0x27B6A30F000
Class: RPC_LoginAuthPlayer_X                                   - Instance: 0x27B6A30E800
Class: RPC_GetPlayerPermissions_X                              - Instance: 0x27B6A30E000
Class: OnlinePlayerStorageManifest_X                           - Instance: 0x27B6A30DC00
Class: OnlinePlayerStorageConfig_X                             - Instance: 0x27B6A30D800
Class: SaveLock_X                                              - Instance: 0x27B6A30D400
Class: RPC_PlayerStorageGet_X                                  - Instance: 0x27B6A30D000
Class: OnlineResource_X                                        - Instance: 0x27B6A30CC00
Class: OnlineSaveLock_X                                        - Instance: 0x27B6A30C800
Class: RPC_PartyBase_X                                         - Instance: 0x27B6A2E3C00
Class: RPC_PartyMessage_X                                      - Instance: 0x27B6A30C400
Class: PartySequence_JoinRequest_X                             - Instance: 0x27B6A2E3800
Class: PartySequence_InviteToParty_X                           - Instance: 0x27B6A2E3400
Class: PartySequence_LeaveParty_X                              - Instance: 0x27B6A2E3000
Class: SignedMessageObject_X                                   - Instance: 0x27B6A2E2C00
Class: RPC_PartyChat_X                                         - Instance: 0x27B6A2E2800
Class: RPC_SignedPartyChat_X                                   - Instance: 0x27B6A2E2400
Class: RPC_PartyChangeOwner_X                                  - Instance: 0x27B6A2E2000
Class: RPC_PartyKickMember_X                                   - Instance: 0x27B6A2E1C00
Class: RPC_PartyInfo_X                                         - Instance: 0x27B6A2E1800
Class: PsyNetService_PartyUserInvited_X                        - Instance: 0x27B6A2E1400
Class: PsyNetService_PartyJoinRequestReceived_X                - Instance: 0x27B6A2E1000
Class: PsyNetService_PartyJoinRequestDeleted_X                 - Instance: 0x27B6A2E0C00
Class: PsyNetService_PartyJoinRequestAccepted_X                - Instance: 0x27B6A2E0800
Class: PsyNetService_PartySystem_X                             - Instance: 0x27B6A2E0400
Class: PsyNetService_PartyUserJoined_X                         - Instance: 0x27A6591BC00
Class: PsyNetService_PartyUserKicked_X                         - Instance: 0x27A6591B800
Class: PsyNetService_PartyUserLeft_X                           - Instance: 0x27A6591B400
Class: PsyNetService_PartyUserDisconnected_X                   - Instance: 0x27A6591B000
Class: PsyNetService_PartyOwnerChanged_X                       - Instance: 0x27A6591AC00
Class: PsyNetService_SignedPartyChat_X                         - Instance: 0x27A6591A800
Class: PsyNetService_PartyChat_X                               - Instance: 0x27A6591A400
Class: PartyMessage_GetPlatformPartyResponse_X                 - Instance: 0x27A65919C00
Class: RPC_PartySendInvite_X                                   - Instance: 0x27A65919800
Class: RPC_PartyJoin_X                                         - Instance: 0x27A65919400
Class: RPC_PartySendJoinRequest_X                              - Instance: 0x27A65918C00
Class: RPC_PartyAcceptJoinRequest_X                            - Instance: 0x27A65918800
Class: RPC_PartyLeave_X                                        - Instance: 0x27A65918400
Class: PauseStaticDataSync_X                                   - Instance: 0x27A658FBC00
Class: PerConMetrics_X                                         - Instance: 0x27A658FB800
Class: Platform_Console                                        - Instance: 0x27A658FB400
Class: Platform_DedicatedServer                                - Instance: 0x27A658FB000
Class: Platform_Dingo                                          - Instance: 0x27A658FAC00
Class: Platform_GameClient                                     - Instance: 0x27A658FA800
Class: Platform_NNX                                            - Instance: 0x27A658FA400
Class: Platform_Orbis                                          - Instance: 0x27A658FA000
Class: Platform_PC                                             - Instance: 0x27A658F9C00
Class: Platform_Server                                         - Instance: 0x27A658F9800
Class: PlatformSystem_X                                        - Instance: 0x27A658F9400
Class: PlayerActivityMetrics_X                                 - Instance: 0x27A658F9000
Class: PlayerActivityMetricsConfig_X                           - Instance: 0x27A658F8C00
Class: PostProcessManager_X                                    - Instance: 0x27A658F8800
Class: PrimaryAuthLoggedIn_TA                                  - Instance: 0x27A658B7C00
Class: PsyNetBreadcrumbObserver_X                              - Instance: 0x27A658B7800
Class: PsyNetService_DuplicateLogin_X                          - Instance: 0x27A658B7400
Class: PsyNetMetrics_X                                         - Instance: 0x27A658B6C00
Class: PsyNetService_CreateHonorDuel_X                         - Instance: 0x27A658B6800
Class: PsyNetService_Echo_X                                    - Instance: 0x27A658B6400
Class: PsyNetService_PersonaInfo_X                             - Instance: 0x27A658B6000
Class: PsyNetService_FriendAcceptedRequest_X                   - Instance: 0x27A658B5C00
Class: PsyNetService_IncomingFriendRequest_X                   - Instance: 0x27A658B5800
Class: PsyNetService_OnlineStatusUpdate_X                      - Instance: 0x27A658B5400
Class: PsyNetService_PlayerUnfriended_X                        - Instance: 0x27A658B5000
Class: WebConfig_X                                             - Instance: 0x27A658B4C00
Class: PsyNetStaticDataMetrics_X                               - Instance: 0x27A658B4800
Class: StaticDataError_X                                       - Instance: 0x27A658B4400
Class: RPC_CanShowAvatar_X                                     - Instance: 0x27A65863C00
Class: ReservationsSettingUpMatchMessage_X                     - Instance: 0x27A65863800
Class: RPC_AddPlayerToRole_X                                   - Instance: 0x27A65863400
Class: RPC_ClearClubInvites_X                                  - Instance: 0x27A65863000
Class: RPC_ClubsRecordStats_X                                  - Instance: 0x27A65862C00
Class: RPC_FileStorage_GetFileDownloadUrl_X                    - Instance: 0x27A65862800
Class: RPC_FileStorage_GetFileUploadUrl_X                      - Instance: 0x27A65862400
Class: RPC_GetAntiAddictionData_X                              - Instance: 0x27A65862000
Class: RPC_GetClubStats_X                                      - Instance: 0x27A65861C00
Class: RPC_GetClubTitles_X                                     - Instance: 0x27A65861800
Class: RPC_GetGenericDataAll_X                                 - Instance: 0x27A65861400
Class: RPC_GetPlayerTitles_X                                   - Instance: 0x27A65861000
Class: RPC_RemovePlayerFromRole_X                              - Instance: 0x27A65860C00
Class: RPC_ReportExploiter_X                                   - Instance: 0x27A65860800
Class: RPC_ReportLowFPS_X                                      - Instance: 0x27A65860400
Class: RPC_SetClubMotD_X                                       - Instance: 0x27A65833C00
Class: RPC_SetPlayerSkill_X                                    - Instance: 0x27A65833800
Class: RPC_SetPlayerSkillTier_X                                - Instance: 0x27A65833400
Class: RPC_SetRichPresence_X                                   - Instance: 0x27A65833000
Class: RPC_SetSeasonReward_X                                   - Instance: 0x27A65832C00
Class: RPC_Test_X                                              - Instance: 0x27A65832800
Class: TestsHelper_X                                           - Instance: 0x27A65832400
Class: RPC_TestPlayerID_X                                      - Instance: 0x27A65832000
Class: RPC_UpdateClub_X                                        - Instance: 0x27A65831C00
Class: SeqAct_SpawnArchetype_X                                 - Instance: 0x27A65831800
Class: SkelControlBlendTargetComponent_X                       - Instance: 0x27A65831400
Class: SmoothDynamicValue_X                                    - Instance: 0x27A65831000
Class: StringUtil_X                                            - Instance: 0x27A65830C00
Class: TimeWindowOptional_X                                    - Instance: 0x27A65830800
Class: UdpLanServer_X                                          - Instance: 0x27A65830400

Processing Package: TAGame

ScriptStruct: MatchData                                        - Instance: 0x27A656FC580
ScriptStruct: PrespawnData                                     - Instance: 0x27A656F7E80
ScriptStruct: VoiceRoomCredentials                             - Instance: 0x27A656F7B80
ScriptStruct: PlayerVoiceRoomCredentials                       - Instance: 0x27A656F7D00
ScriptStruct: ActivePlayerVoice                                - Instance: 0x27A656F7A00
ScriptStruct: VoiceRoomErrorMetric                             - Instance: 0x27A656F7880
ScriptStruct: VoiceRoomPlayerActivity                          - Instance: 0x27A656F7700
ScriptStruct: VoiceRoomDetails                                 - Instance: 0x27A656F7580
ScriptStruct: PlayerMessageInfo                                - Instance: 0x27A656F7400
ScriptStruct: VehicleInputs                                    - Instance: 0x27A656F7100
ScriptStruct: ClientOnlineProductStat                          - Instance: 0x27A656F6F80
ScriptStruct: RandomWeight                                     - Instance: 0x27A656F6C80
ScriptStruct: AssetLoadResult                                  - Instance: 0x27A656F6980
ScriptStruct: ProductThumbnailResult                           - Instance: 0x27A656F6500
ScriptStruct: MapImageLoadResult                               - Instance: 0x27A656F6380
ScriptStruct: ClientLoadoutData                                - Instance: 0x27A656F6080
ScriptStruct: LoadoutTeamColor                                 - Instance: 0x27A656F5C00
ScriptStruct: LoadoutTeamPaint                                 - Instance: 0x27A656F5D80
ScriptStruct: LoadoutData                                      - Instance: 0x27A656F5F00
ScriptStruct: ClientLoadoutOnlineProduct                       - Instance: 0x27A656F4D00
ScriptStruct: ClientLoadoutOnlineData                          - Instance: 0x27A656F5A80
ScriptStruct: InputRate                                        - Instance: 0x27A656F5780
ScriptStruct: TurningCircle                                    - Instance: 0x27A656F5600
ScriptStruct: GFxTeamColor                                     - Instance: 0x27A656F4700
ScriptStruct: MapGroup                                         - Instance: 0x27A656F4580
ScriptStruct: StatValue                                        - Instance: 0x27A656EBB80
ScriptStruct: VoiceRoomTokenRequest                            - Instance: 0x27A656EB580
ScriptStruct: PlayerIdArray                                    - Instance: 0x27A656EB400
ScriptStruct: ProductWithSettings                              - Instance: 0x27A656EB280
ScriptStruct: ProductTradeInFilter                             - Instance: 0x27A656EB100
ScriptStruct: ColorOverride                                    - Instance: 0x27A656EAF80
ScriptStruct: TeamColor                                        - Instance: 0x27A656EAE00
ScriptStruct: MapSkillSettings                                 - Instance: 0x27A656EAC80
ScriptStruct: MaterialTextureParam                             - Instance: 0x27A656EA680
ScriptStruct: MaterialVectorParam                              - Instance: 0x27A656EA380
ScriptStruct: MaterialScalarParam                              - Instance: 0x27A656EA800
ScriptStruct: MaterialParams                                   - Instance: 0x27A656EA980
ScriptStruct: AssociativeMaterialParams                        - Instance: 0x27A656EA200
ScriptStruct: SkinBodySettings                                 - Instance: 0x27A656EAB00
ScriptStruct: UniqueNetIdGroup4                                - Instance: 0x27A656EA500
ScriptStruct: OnlineProductAttribute                           - Instance: 0x27A656E9C00
ScriptStruct: OnlineProductData                                - Instance: 0x27A656E9D80
ScriptStruct: CurrencyProductData                              - Instance: 0x27A656E9900
ScriptStruct: Currency                                         - Instance: 0x27A656E9A80
ScriptStruct: OnlineXPModifier                                 - Instance: 0x27A656E9480
ScriptStruct: OnlineXPReward                                   - Instance: 0x27A656E9600
ScriptStruct: OnlineProductDrop                                - Instance: 0x27A656EA080
ScriptStruct: ChallengeRequirementProgress                     - Instance: 0x27A656E9300
ScriptStruct: ChallengeProgress                                - Instance: 0x27A656E9F00
ScriptStruct: XPRewardData                                     - Instance: 0x27A656E9780
ScriptStruct: GarageSlotCost                                   - Instance: 0x27A656E9180
ScriptStruct: ProductDrop                                      - Instance: 0x27A656E9000
ScriptStruct: RPCIntroCar                                      - Instance: 0x27A656E8E80
ScriptStruct: IntroCarInfo                                     - Instance: 0x27A656E8B80
ScriptStruct: EditorIntroCar                                   - Instance: 0x27A656E8D00
ScriptStruct: AppliedBreakoutDamage                            - Instance: 0x27A656E8A00
ScriptStruct: PaintAttributeParameter                          - Instance: 0x27A656E8880
ScriptStruct: ProductLevelData                                 - Instance: 0x27A656E8700
ScriptStruct: BallPredictionInfo                               - Instance: 0x27A656E8580
ScriptStruct: PlayerPrivateMatchData                           - Instance: 0x27A656E8400
ScriptStruct: StatData                                         - Instance: 0x27A656DBE80
ScriptStruct: QuickChatGroup                                   - Instance: 0x27A656E8100
ScriptStruct: OnlinePlayerMatchData                            - Instance: 0x27A656E8280
ScriptStruct: StatDataFloat                                    - Instance: 0x27A656DBD00
ScriptStruct: ActorHistory                                     - Instance: 0x27A656DBB80
ScriptStruct: SortedProductData                                - Instance: 0x27A656DBA00
ScriptStruct: EditorRoundData                                  - Instance: 0x27A656DB880
ScriptStruct: LoadObjectResult                                 - Instance: 0x27A656DB700
ScriptStruct: SaveObjectResult                                 - Instance: 0x27A656DB580
ScriptStruct: WeldingInfo                                      - Instance: 0x27A656DB400
ScriptStruct: ChatBanInfo                                      - Instance: 0x27A656DB280
ScriptStruct: PlayerChatMessage                                - Instance: 0x27A656DB100
ScriptStruct: ReportedPlayerInfo                               - Instance: 0x27A656DAF80
ScriptStruct: BoostOptionData                                  - Instance: 0x27A656DAE00
ScriptStruct: GoalResetOptionData                              - Instance: 0x27A656DAC80
ScriptStruct: GameModeData                                     - Instance: 0x27A656DAB00
ScriptStruct: SimilarLogoGroup                                 - Instance: 0x27A656DA980
ScriptStruct: UIProductSlotData                                - Instance: 0x27A656DA800
ScriptStruct: SimpleSpringSettings                             - Instance: 0x27A656DA680
ScriptStruct: WheelContactData                                 - Instance: 0x27A656DA500
ScriptStruct: WheelAttachment                                  - Instance: 0x27A656DA380
ScriptStruct: ProductAttachment                                - Instance: 0x27A656DA200
ScriptStruct: AccumulatedRigidBodyCollision                    - Instance: 0x27A656DA080
ScriptStruct: TAPlayerStat                                     - Instance: 0x27A656D9F00
ScriptStruct: BallHitInfo                                      - Instance: 0x27A656D9D80
ScriptStruct: MessageValue                                     - Instance: 0x27A656D9A80
ScriptStruct: MessagePacket                                    - Instance: 0x27A656D9C00
ScriptStruct: ClientFrameData                                  - Instance: 0x27A656D9900
ScriptStruct: OnlineProductStat                                - Instance: 0x27A656D9780
ScriptStruct: ProductAttributesArray                           - Instance: 0x27A656D9480
ScriptStruct: LoadoutAttributesArray                           - Instance: 0x27A656D9600
ScriptStruct: LoadoutProductData                               - Instance: 0x27A656D9000
ScriptStruct: ServerSetLoadoutTeam                             - Instance: 0x27A656D9180
ScriptStruct: ServerSetLoadoutParams                           - Instance: 0x27A656D9300
ScriptStruct: RandomRange                                      - Instance: 0x27A656D8E80
ScriptStruct: SchematicResourceData                            - Instance: 0x27A656D8D00
ScriptStruct: ProfileProduct                                   - Instance: 0x27A656D8B80
ScriptStruct: ProductFilter                                    - Instance: 0x27A656D8A00
ScriptStruct: ThumbnailComponent                               - Instance: 0x27A656D8880
ScriptStruct: RocketPassTierBonusRange                         - Instance: 0x27A656D8580
ScriptStruct: RocketPassUnlock                                 - Instance: 0x27A656D8400
ScriptStruct: TierUnlockRequirements                           - Instance: 0x27A656D8100
ScriptStruct: RocketPassPageData                               - Instance: 0x27A656D8280
ScriptStruct: OnlineProductTimestampedData                     - Instance: 0x27A656BF700
ScriptStruct: ItemSetsData                                     - Instance: 0x27A656BFA00
ScriptStruct: RocketPassRewardData                             - Instance: 0x27A656BFB80
ScriptStruct: RocketPassExtendedRewardData                     - Instance: 0x27A656BFD00
ScriptStruct: RocketPassPage                                   - Instance: 0x27A656BFE80
ScriptStruct: RocketPassClaimData                              - Instance: 0x27A656BF880
ScriptStruct: RocketPassInfo                                   - Instance: 0x27A656BF580
ScriptStruct: RocketPassBundleInfo                             - Instance: 0x27A656BF100
ScriptStruct: RocketPassStore                                  - Instance: 0x27A656BF400
ScriptStruct: RocketPassPurchasable                            - Instance: 0x27A656BF280
ScriptStruct: OnlineReward                                     - Instance: 0x27A656BEF80
ScriptStruct: TradeSkipValidation                              - Instance: 0x27A656BEE00
ScriptStruct: SeasonMatch                                      - Instance: 0x27A656BEC80
ScriptStruct: SeasonTeam                                       - Instance: 0x27A656BEB00
ScriptStruct: SeasonPlayerStat                                 - Instance: 0x27A656BE980
ScriptStruct: SeasonPlayer                                     - Instance: 0x27A656BE800
ScriptStruct: SeasonTeamRank                                   - Instance: 0x27A656BE680
ScriptStruct: ReplayHeaderLoadResult                           - Instance: 0x27A656BE500
ScriptStruct: ProfileAutoCamSettings                           - Instance: 0x27A656BE380
ScriptStruct: ProfileCameraSettings                            - Instance: 0x27A656BE200
ScriptStruct: StatEventScore                                   - Instance: 0x27A656BE080
ScriptStruct: XPInfo                                           - Instance: 0x27A656BDF00
ScriptStruct: ProductStat                                      - Instance: 0x27A656BDD80
ScriptStruct: DemolishInvulnerability                          - Instance: 0x27A656BDC00
ScriptStruct: DemolishData                                     - Instance: 0x27A656BD780
ScriptStruct: DemolishDataGoalExplosion                        - Instance: 0x27A656BD900
ScriptStruct: DemolishDataExtended                             - Instance: 0x27A656BDA80
ScriptStruct: DemolishData2                                    - Instance: 0x27A656BD600
ScriptStruct: UISavedKeyValue                                  - Instance: 0x27A656BD480
ScriptStruct: PlaylistMapPrefs                                 - Instance: 0x27A656BD300
ScriptStruct: NetBucketMetrics                                 - Instance: 0x27A656BD180
ScriptStruct: FPSBucketMetrics                                 - Instance: 0x27A656BD000
ScriptStruct: BodyToEngineAudioPair                            - Instance: 0x27A656BCE80
ScriptStruct: PartyUpMergeError                                - Instance: 0x27A656BCD00
ScriptStruct: AutoFlipData                                     - Instance: 0x27A656BCB80
ScriptStruct: StickyForceData                                  - Instance: 0x27A656BCA00
ScriptStruct: WaveParams                                       - Instance: 0x27A656BC880
ScriptStruct: PersonaDataId                                    - Instance: 0x27A656BC700
ScriptStruct: PaintWithOverride                                - Instance: 0x27A656BC580
ScriptStruct: PlayerActorIDPair                                - Instance: 0x27A656BC400
ScriptStruct: CustomGameSetting                                - Instance: 0x27A656BC280
ScriptStruct: ModeMapPair                                      - Instance: 0x27A656BC100
ScriptStruct: OnlineFreeplayOption                             - Instance: 0x27A656A7E80
ScriptStruct: ItemShopNotificationData                         - Instance: 0x27A656A7A00
ScriptStruct: ShopCurrencyInfo                                 - Instance: 0x27A656A7580
ScriptStruct: DestructionProductValue                          - Instance: 0x27A656A7880
ScriptStruct: ShopData                                         - Instance: 0x27A656A7700
ScriptStruct: ShopDeliverable                                  - Instance: 0x27A656A6F80
ScriptStruct: ShopPrice                                        - Instance: 0x27A656A6C80
ScriptStruct: ShopDiscount                                     - Instance: 0x27A656A6980
ScriptStruct: ShopCost                                         - Instance: 0x27A656A6E00
ScriptStruct: OnlineShopAttribute                              - Instance: 0x27A656A7100
ScriptStruct: ShopItem                                         - Instance: 0x27A656A7280
ScriptStruct: ShopCatalogue                                    - Instance: 0x27A656A7400
ScriptStruct: CurrencyProductData                              - Instance: 0x27A656A6800
ScriptStruct: ShopCurrency                                     - Instance: 0x27A656A6B00
ScriptStruct: ShopCurrencyData                                 - Instance: 0x27A656A6680
ScriptStruct: TourPlayer                                       - Instance: 0x27A656A5780
ScriptStruct: TourReward                                       - Instance: 0x27A656A5600
ScriptStruct: TourTeam                                         - Instance: 0x27A656A5480
ScriptStruct: TourMatchGame                                    - Instance: 0x27A656A5000
ScriptStruct: TourPlayerStats                                  - Instance: 0x27A656A4E80
ScriptStruct: TourMatch                                        - Instance: 0x27A656A4D00
ScriptStruct: IntPair                                          - Instance: 0x27A656A4B80
ScriptStruct: QWORDPair                                        - Instance: 0x27A656A4A00
ScriptStruct: TourMatchNode                                    - Instance: 0x27A656A4880
ScriptStruct: TourPlacementInfo                                - Instance: 0x27A656A4700
ScriptStruct: TourLeaderboard                                  - Instance: 0x27A656A4580
ScriptStruct: TourMatchPlayerStats                             - Instance: 0x27A656A4400
ScriptStruct: TourMatchTeamDetails                             - Instance: 0x27A656A4280
ScriptStruct: TourBracket                                      - Instance: 0x27A656A4100
ScriptStruct: CachedPodiumCar                                  - Instance: 0x27A6568EE00
ScriptStruct: PendingHit                                       - Instance: 0x27A6568E680
ScriptStruct: WheelSkelControlSet                              - Instance: 0x27A6568C700
ScriptStruct: PendingCodeRedemption                            - Instance: 0x27A65676500
ScriptStruct: CrumbTrailData                                   - Instance: 0x27A65675180
ScriptStruct: EOSGameClipsAccountLinkInfo                      - Instance: 0x27A65674100
ScriptStruct: EOSGameClipsClipInfo                             - Instance: 0x27A6566BE80
ScriptStruct: VoiceRoomToken                                   - Instance: 0x27A6566BB80
ScriptStruct: MappedRoomMember                                 - Instance: 0x27A6566B700
ScriptStruct: VoiceRoom                                        - Instance: 0x27A6566B100
ScriptStruct: PlatformAudioDevices                             - Instance: 0x27A6566A200
ScriptStruct: EpicConvertFriendsSaveData                       - Instance: 0x27A65669A80
ScriptStruct: FTEGroup                                         - Instance: 0x27A65668280
ScriptStruct: CompletedFTEInfo                                 - Instance: 0x27A65647A00
ScriptStruct: FTELevelData                                     - Instance: 0x27A65647400
ScriptStruct: FTEChallengeInfo                                 - Instance: 0x27A65644280
ScriptStruct: SafeZoneInfo                                     - Instance: 0x27A6563CB80
ScriptStruct: PlayerLeavingData                                - Instance: 0x27A655EAC80
ScriptStruct: ClubMemberCount                                  - Instance: 0x27A655D2800
ScriptStruct: PendingClubStatRecord                            - Instance: 0x27A655D2680
ScriptStruct: SeriesTeam                                       - Instance: 0x27A655CA080
ScriptStruct: MemberTitleStat                                  - Instance: 0x27A655C9300
ScriptStruct: FpsBucketData                                    - Instance: 0x27A655BBA00
ScriptStruct: GameEventData                                    - Instance: 0x27A65546F80
ScriptStruct: PostMatchCelebrationData                         - Instance: 0x27A65546E00
ScriptStruct: BallData                                         - Instance: 0x27A65546980
ScriptStruct: CarGoalData                                      - Instance: 0x27A65546800
ScriptStruct: CarData                                          - Instance: 0x27A65546680
ScriptStruct: GFxChatMessage                                   - Instance: 0x27A65544E80
ScriptStruct: ChatPresetGroupOverride                          - Instance: 0x27A65544400
ScriptStruct: ChatPresetMessageGroup                           - Instance: 0x27A65544280
ScriptStruct: ChatPresetMessage                                - Instance: 0x27A65544100
ScriptStruct: ChatChannelHistory                               - Instance: 0x27B6BAB7E80
ScriptStruct: NotificationCooldown                             - Instance: 0x27B6BAA9000
ScriptStruct: PendingError                                     - Instance: 0x27B6BAA8580
ScriptStruct: MenuTreeNodeData                                 - Instance: 0x27B6BA8B880
ScriptStruct: MenuTreeFocusMap                                 - Instance: 0x27B6BA8B580
ScriptStruct: GFxMusicPlaylist                                 - Instance: 0x27B6BA88B80
ScriptStruct: GFXNotificationInfo                              - Instance: 0x27B6BA6F700
ScriptStruct: InviteDatabind                                   - Instance: 0x27B6BA6DF00
ScriptStruct: InviteTarget                                     - Instance: 0x27B6BA6DD80
ScriptStruct: ProductHashSource                                - Instance: 0x27B6BA6C700
ScriptStruct: FilterProductSlot                                - Instance: 0x27B6BA63880
ScriptStruct: FilterProductQuality                             - Instance: 0x27B6BA63700
ScriptStruct: FilterProductAttribute                           - Instance: 0x27B6BA63580
ScriptStruct: FilterProductExtraAttributeEntry                 - Instance: 0x27B6BA63280
ScriptStruct: FilterProductSeries                              - Instance: 0x27B6BA63100
ScriptStruct: FilterProductPaint                               - Instance: 0x27B6BA62F80
ScriptStruct: FilterProductSorting                             - Instance: 0x27B6BA62E00
ScriptStruct: TradeIn                                          - Instance: 0x27B6BA4BB80
ScriptStruct: TourServerSettings                               - Instance: 0x27B6BA3A380
ScriptStruct: TourPrivateCredentials                           - Instance: 0x27B6BA3A200
ScriptStruct: TourCreateSettings                               - Instance: 0x27B6BA39780
ScriptStruct: DragonEntry                                      - Instance: 0x27B6BA21480
ScriptStruct: OnlineMapData                                    - Instance: 0x27B6BA20280
ScriptStruct: OnlineMapSet                                     - Instance: 0x27B6BA20100
ScriptStruct: MapSetMapData                                    - Instance: 0x27B6BA0BE80
ScriptStruct: ActivePlaylistInfo                               - Instance: 0x27B6BA0AC80
ScriptStruct: RankedUnlockCondition                            - Instance: 0x27B6BA0AB00
ScriptStruct: PriceInfo                                        - Instance: 0x27B6BA0A380
ScriptStruct: MTXPurchaseInfo                                  - Instance: 0x27B6BA0A200
ScriptStruct: ResimMetricData                                  - Instance: 0x27B6B9DB400
ScriptStruct: PlatformMetricData                               - Instance: 0x27B6B9DB100
ScriptStruct: PlatformMetric                                   - Instance: 0x27B6B9DAF80
ScriptStruct: OptionsValue                                     - Instance: 0x27B6B9D9600
ScriptStruct: PlaylistSkillData                                - Instance: 0x27B6B9D9480
ScriptStruct: LegalTextVersion                                 - Instance: 0x27B6B9D9000
ScriptStruct: ParameterInformation                             - Instance: 0x27B6B9D8A00
ScriptStruct: BodyChassisOverride                              - Instance: 0x27B6B9D8880
ScriptStruct: PaintColorParameterOverride                      - Instance: 0x27B6B9CA680
ScriptStruct: PlayerGameID                                     - Instance: 0x27B6B9C9900
ScriptStruct: PlayerLoadoutData                                - Instance: 0x27B6B9C9600
ScriptStruct: RocketPassNotificationData                       - Instance: 0x27B6B9AFB80
ScriptStruct: WheelFX                                          - Instance: 0x27B6B9AD480
ScriptStruct: SoundEventSetting                                - Instance: 0x27B6B9AD000
ScriptStruct: ShopAdData                                       - Instance: 0x27B6B9ACD00
ScriptStruct: ShopItemCacheItem                                - Instance: 0x27B6B9AC580
ScriptStruct: ReadyItemShopNotification                        - Instance: 0x27B6B9AC280
ScriptStruct: SpecialEventStoreConfigs                         - Instance: 0x27B6B998B80
ScriptStruct: PartyInfo                                        - Instance: 0x27B6B983700
ScriptStruct: PendingValidatedMessage                          - Instance: 0x27B6B967D00
ScriptStruct: PendingSignedMessage                             - Instance: 0x27B6B967B80
ScriptStruct: PendingKeyGenMessage                             - Instance: 0x27B6B967880
ScriptStruct: UserPublicKey                                    - Instance: 0x27B6B967700
ScriptStruct: KeyRegistrationContent                           - Instance: 0x27B6B966080
ScriptStruct: BracketResult                                    - Instance: 0x27B6B965480
ScriptStruct: BracketRequest                                   - Instance: 0x27B6B965300
ScriptStruct: TeamUpdateInfo                                   - Instance: 0x27B6B964100
ScriptStruct: TourSearchSettings                               - Instance: 0x27B6B95B700
ScriptStruct: GFxTournamentReward                              - Instance: 0x27B6B95B580
ScriptStruct: TournamentResult                                 - Instance: 0x27B6B95B400
ScriptStruct: TourResult                                       - Instance: 0x27B6B95B280
ScriptStruct: TourStatus                                       - Instance: 0x27B6B93F100
ScriptStruct: UserBugReportCategory                            - Instance: 0x27B6B93DF00
ScriptStruct: SettingEvent                                     - Instance: 0x27B6B93D780
ScriptStruct: VanityQueryRequest                               - Instance: 0x27B6B93D300
ScriptStruct: ViralSeriesGroup                                 - Instance: 0x27B6B93CD00
ScriptStruct: Voter                                            - Instance: 0x27B6B93C700
ScriptStruct: BTDynamicLinkData                                - Instance: 0x27B6B93BE80
ScriptStruct: AIProxyData                                      - Instance: 0x27B6B93BD00
ScriptStruct: AICachedGoalInfo                                 - Instance: 0x27B6B93BB80
ScriptStruct: CrowdExcitementSound                             - Instance: 0x27B6B93BA00
ScriptStruct: CrowdExcitementSounds                            - Instance: 0x27B6B93B880
ScriptStruct: CrowdDefense                                     - Instance: 0x27B6B93B700
ScriptStruct: CrowdScoreState                                  - Instance: 0x27B6B93B580
ScriptStruct: CrowdValueState                                  - Instance: 0x27B6B93B400
ScriptStruct: FreeplayCommandsMetricsData                      - Instance: 0x27B6B93B280
ScriptStruct: FreeplayCommandEvent                             - Instance: 0x27B6B93B100
ScriptStruct: TournamentEndData                                - Instance: 0x27B6B93AF80
ScriptStruct: FaceItReservationMatchInfo                       - Instance: 0x27B6B93AE00
ScriptStruct: TrainingRoundProgress                            - Instance: 0x27B6B93A500
ScriptStruct: ClientLoadoutDatas                               - Instance: 0x27B6B8F1300
ScriptStruct: SkillTierData                                    - Instance: 0x27B6B8D4B80
ScriptStruct: OverflowedProperties                             - Instance: 0x27B6B8BA080
ScriptStruct: ActorOverflowEvent                               - Instance: 0x27B6B8BA200
ScriptStruct: CachedAdImageData                                - Instance: 0x27B6B8B9480
ScriptStruct: BillboardData                                    - Instance: 0x27B6B8B9300
ScriptStruct: BillboardUpdateRequestData                       - Instance: 0x27B6B8B9180
ScriptStruct: AdInfo                                           - Instance: 0x27B6B8B9000
ScriptStruct: MapAds                                           - Instance: 0x27B6B8B8880
ScriptStruct: TimedLock                                        - Instance: 0x27B6B8AB580
ScriptStruct: CachedProxyData                                  - Instance: 0x27B6B8AA980
ScriptStruct: CachedTargetData                                 - Instance: 0x27B6B8AA800
ScriptStruct: SkillRange                                       - Instance: 0x27B6B8AA680
ScriptStruct: CachedObstaclePoly                               - Instance: 0x27B6B8AA500
ScriptStruct: CachedObstaclesData                              - Instance: 0x27B6B8AA380
ScriptStruct: CachedNavMeshLocation                            - Instance: 0x27B6B886C80
ScriptStruct: ExplosionPaintInfo                               - Instance: 0x27B6B883E80
ScriptStruct: ClientLoadoutOnlineDatas                         - Instance: 0x27B6B883400
ScriptStruct: SlapbackActorSetup                               - Instance: 0x27B6B882C80
ScriptStruct: ArenaStatSound                                   - Instance: 0x27B6B864D00
ScriptStruct: StatEventCollection                              - Instance: 0x27B6B85EC80
ScriptStruct: ProductSlotNewDrawScale                          - Instance: 0x27B6B85DC00
ScriptStruct: GoalCountAndAsset                                - Instance: 0x27B6B85D780
ScriptStruct: FXAttachmentSoundOverride                        - Instance: 0x27B6B84EF80
ScriptStruct: TeamEditionOverrides                             - Instance: 0x27B6B84EE00
ScriptStruct: PriorityCandidate                                - Instance: 0x27B6B834100
ScriptStruct: ScheduledTournament                              - Instance: 0x27B6B82C580
ScriptStruct: TournamentWeek                                   - Instance: 0x27B6B82C400
ScriptStruct: ScheduleRegion                                   - Instance: 0x27B6B824400
ScriptStruct: WorldContactData                                 - Instance: 0x27B6B817A00
ScriptStruct: NetworkSyncSettingsData                          - Instance: 0x27B6B817880
ScriptStruct: TimeOfImpactData                                 - Instance: 0x27B6B817700
ScriptStruct: PitchTekCarBodyContactData                       - Instance: 0x27B6B813280
ScriptStruct: PredictedPosition                                - Instance: 0x27B6B812C80
ScriptStruct: ExplosionData                                    - Instance: 0x27B6B812B00
ScriptStruct: ExplosionDataExtended                            - Instance: 0x27B6B812980
ScriptStruct: GoalPenetrationData                              - Instance: 0x27B6B812800
ScriptStruct: CarBallInteractionSettings                       - Instance: 0x27B6B812680
ScriptStruct: BreakoutDamage                                   - Instance: 0x27B6B7F9900
ScriptStruct: TrajectorySetup                                  - Instance: 0x27B6B7AEE00
ScriptStruct: TrajectoryFX                                     - Instance: 0x27B6B78FD00
ScriptStruct: MeshInfo                                         - Instance: 0x27B6B78F580
ScriptStruct: TrajectorySplineFX                               - Instance: 0x27B6B78E800
ScriptStruct: BeamTraceProps                                   - Instance: 0x27B6B78C100
ScriptStruct: AnimatedMaterialParam                            - Instance: 0x27B6B77F280
ScriptStruct: AnimatedMaterialParamFloat                       - Instance: 0x27B6B77F100
ScriptStruct: AnimatedMaterialParamVector                      - Instance: 0x27B6B77EF80
ScriptStruct: BoostMeshOverride                                - Instance: 0x27B6B77EB00
ScriptStruct: AnimatedMaterialParamColor                       - Instance: 0x27B6B77EC80
ScriptStruct: AnimatedMaterialMesh                             - Instance: 0x27B6B77EE00
ScriptStruct: BreakoutDamageState                              - Instance: 0x27B6B77D000
ScriptStruct: BTStatusLog                                      - Instance: 0x27B6B734700
ScriptStruct: ProfileSliderLimits                              - Instance: 0x27B6B729A80
ScriptStruct: SwivelExtent                                     - Instance: 0x27B6B729900
ScriptStruct: InterpVector                                     - Instance: 0x27B6B710A00
ScriptStruct: PlaneSelectData                                  - Instance: 0x27B6B702380
ScriptStruct: AngleSelectData                                  - Instance: 0x27B6B702200
ScriptStruct: TargetCacheEntry                                 - Instance: 0x27B6B6DA080
ScriptStruct: GoalData                                         - Instance: 0x27B6B6CB880
ScriptStruct: CameraSettings                                   - Instance: 0x27B6B69E980
ScriptStruct: StateParams                                      - Instance: 0x27B6B657880
ScriptStruct: CameraTrackRotationPoint                         - Instance: 0x27B6B656980
ScriptStruct: CarInteractionData                               - Instance: 0x27B6B654E80
ScriptStruct: InheritedObjects                                 - Instance: 0x27B6B648E80
ScriptStruct: VehicleWheelSettings                             - Instance: 0x27B6B63B400
ScriptStruct: VehicleAxleSettings                              - Instance: 0x27B6B63B700
ScriptStruct: PaintMaterialGroup                               - Instance: 0x27B6B61E680
ScriptStruct: CarStateData                                     - Instance: 0x27B6B619D80
ScriptStruct: EngineAudioNativeState                           - Instance: 0x27B6B619C00
ScriptStruct: EngineAudioNativeState_Clutched                  - Instance: 0x27B6B619A80
ScriptStruct: EngineAudioNativeState_OnGround                  - Instance: 0x27B6B619900
ScriptStruct: EngineAudioNativeState_InAir                     - Instance: 0x27B6B619780
ScriptStruct: VehicleAxleData                                  - Instance: 0x27B6B609600
ScriptStruct: ViralFXData                                      - Instance: 0x27B6B5EE380
ScriptStruct: ImpulseData                                      - Instance: 0x27B6B5BBD00
ScriptStruct: ReplicatedLogoData                               - Instance: 0x27B6B598E80
ScriptStruct: DebugColor                                       - Instance: 0x27B6B598A00
ScriptStruct: ReplicatedBoostData                              - Instance: 0x27B6B574400
ScriptStruct: PreviewAnimKeyframe                              - Instance: 0x27B6B550400
ScriptStruct: PressedAxis                                      - Instance: 0x27B6B4DCA00
ScriptStruct: CountryInfo                                      - Instance: 0x27B6B4B3E80
ScriptStruct: CrowdNoiseModifierInstance                       - Instance: 0x27B6B4B2E00
ScriptStruct: StatCrowdNoise                                   - Instance: 0x27B6B4B0100
ScriptStruct: BallHitCrowdNoise                                - Instance: 0x27B6B4A3B80
ScriptStruct: CrowdDefenseSettings                             - Instance: 0x27B6B4A2800
ScriptStruct: CrumbRedefinedInfo                               - Instance: 0x27B6B46CA00
ScriptStruct: CurrencyProduct                                  - Instance: 0x27B6B455C00
ScriptStruct: DebugHelpItem                                    - Instance: 0x27B6B44AB00
ScriptStruct: DebugCategory                                    - Instance: 0x27B6B44AC80
ScriptStruct: EngagementEventData                              - Instance: 0x27B6B41EF80
ScriptStruct: EngagementEventStatus                            - Instance: 0x27B6B41EE00
ScriptStruct: AudioMinMax                                      - Instance: 0x27B6B41BD00
ScriptStruct: AudioGear                                        - Instance: 0x27B6B41BE80
ScriptStruct: EOSShopPurchaseEventProduct                      - Instance: 0x27B6B3F9300
ScriptStruct: OnlineSaveObject                                 - Instance: 0x27B6B3F8700
ScriptStruct: K3STranslation                                   - Instance: 0x27B6B3E8D00
ScriptStruct: K3STranslations                                  - Instance: 0x27B6B3E8E80
ScriptStruct: K3SOptions                                       - Instance: 0x27B6B3E9000
ScriptStruct: K3SAgeBracket                                    - Instance: 0x27B6B3E9780
ScriptStruct: K3SDefinition                                    - Instance: 0x27B6B3E9600
ScriptStruct: K3SSetting                                       - Instance: 0x27B6B3E9C00
ScriptStruct: K3SResponse                                      - Instance: 0x27B6B3E9A80
ScriptStruct: K3SFirstTimeDefaults                             - Instance: 0x27B6B3E9900
ScriptStruct: EOSPermissionsResult                             - Instance: 0x27B6B3CD180
ScriptStruct: EOSPermissionsResponse                           - Instance: 0x27B6B3CD000
ScriptStruct: PendingRoomJoin                                  - Instance: 0x27B6B3CCB80
ScriptStruct: VoiceRecordingBufferData                         - Instance: 0x27B6B3CCA00
ScriptStruct: UserVoiceSettings                                - Instance: 0x27B6B3B1900
ScriptStruct: ESportEventData                                  - Instance: 0x27B6B383D00
ScriptStruct: EulaVersion                                      - Instance: 0x27B6B380880
ScriptStruct: FaceItMatchInfo                                  - Instance: 0x27B6B372080
ScriptStruct: PartnerMapping                                   - Instance: 0x27B6B356C80
ScriptStruct: RedefinedInfo                                    - Instance: 0x27B6B355900
ScriptStruct: FlockAgent                                       - Instance: 0x27B6B355000
ScriptStruct: ActivateFreeplayCommandOutParams                 - Instance: 0x27B6B354100
ScriptStruct: ModifyRBStateInParams                            - Instance: 0x27B6B346680
ScriptStruct: CalculateVerticalLaunchSpeedInParams             - Instance: 0x27B6B345F00
ScriptStruct: CalculateBallInFrontLocationInParams             - Instance: 0x27B6B345D80
ScriptStruct: CalculateBallOnCarLocationInParams               - Instance: 0x27B6B345900
ScriptStruct: CalculateBallOnCarInAirLocationInParams          - Instance: 0x27B6B345600
ScriptStruct: CalculateLaunchVectorInParams                    - Instance: 0x27B6B345300
ScriptStruct: CalculateRedirectPassLocationInParams            - Instance: 0x27B6B345000
ScriptStruct: CalculateRedirectHorizontalLaunchSpeedInParams   - Instance: 0x27B6B344D00
ScriptStruct: CalculateShotOnGoalSpeedHoopsInParams            - Instance: 0x27B6B344700
ScriptStruct: CalculateShotOnGoalLocationHoopsInParams         - Instance: 0x27B6B344580
ScriptStruct: CalculateShotOnGoalLocationStandardInParams      - Instance: 0x27B6B337B80
ScriptStruct: GetTargetLocationFromFlightTimeInParams          - Instance: 0x27B6B337880
ScriptStruct: FreeplaySettings                                 - Instance: 0x27B6B336C80
ScriptStruct: FriendInfoCounts                                 - Instance: 0x27B6B334880
ScriptStruct: ParticleBodyParameterSet                         - Instance: 0x27B6B310700
ScriptStruct: ParticleParameterSet                             - Instance: 0x27B6B310580
ScriptStruct: BoostMeshMaterialOverride                        - Instance: 0x27B6B310400
ScriptStruct: PreviewParticleOverride                          - Instance: 0x27B6B310280
ScriptStruct: PlatformParam                                    - Instance: 0x27B6B2FDD80
ScriptStruct: CarMovementState                                 - Instance: 0x27B6B2FD000
ScriptStruct: TemporaryProduct                                 - Instance: 0x27B6B2DE980
ScriptStruct: GarageFolderData                                 - Instance: 0x27B6B2DE800
ScriptStruct: TitleInfo                                        - Instance: 0x27B6B2DC400
ScriptStruct: TemporarySpawnSpot                               - Instance: 0x27B6B2DC280
ScriptStruct: IntVector                                        - Instance: 0x27B6B2AC100
ScriptStruct: WorldColorData                                   - Instance: 0x27B6B2A3880
ScriptStruct: ActorTouchRecordData                             - Instance: 0x27B6B28FB80
ScriptStruct: SpawnArchetypeData                               - Instance: 0x27B6B25F100
ScriptStruct: CarSpawnData                                     - Instance: 0x27B6B207580
ScriptStruct: FieldSpawnInfo                                   - Instance: 0x27B6B207400
ScriptStruct: FieldSpawnInfoPair                               - Instance: 0x27B6B207280
ScriptStruct: FieldSetupWave                                   - Instance: 0x27B6B207100
ScriptStruct: DifficultyInfo                                   - Instance: 0x27B6B206F80
ScriptStruct: MaxActorCallback                                 - Instance: 0x27B6B120A00
ScriptStruct: BlueprintPreviewProduct                          - Instance: 0x27B6B0E3400
ScriptStruct: RumblePickupData                                 - Instance: 0x27B6B0D9300
ScriptStruct: PickupInfo_TA                                    - Instance: 0x27B6B0D8400
ScriptStruct: GFxSeasonBadgesData                              - Instance: 0x27B6B08E500
ScriptStruct: GFxClubSeasonStatMilestoneData                   - Instance: 0x27B6B08DD80
ScriptStruct: GFxClubSeasonMilestoneData                       - Instance: 0x27B6B08E380
ScriptStruct: GFxClubStatData                                  - Instance: 0x27B6B08E200
ScriptStruct: GFxClubActionData                                - Instance: 0x27B6B08E080
ScriptStruct: GFxClubServer                                    - Instance: 0x27B6B056380
ScriptStruct: ContainerInfo                                    - Instance: 0x27B6B047880
ScriptStruct: RPCContainerDropTable                            - Instance: 0x27B6B046B00
ScriptStruct: LocalizedBindingCategory                         - Instance: 0x27B6B045600
ScriptStruct: LocalizedAction                                  - Instance: 0x27B6B045480
ScriptStruct: UIPlayerBinding                                  - Instance: 0x27B6B045300
ScriptStruct: LocalizedNameData                                - Instance: 0x27B6B038E80
ScriptStruct: LocalizedDepartmentData                          - Instance: 0x27B6B039480
ScriptStruct: LocalizedPostCreditData                          - Instance: 0x27B6B039300
ScriptStruct: DepartmentData                                   - Instance: 0x27B6B039180
ScriptStruct: PostCreditData                                   - Instance: 0x27B6B039000
ScriptStruct: CrumbTrailName                                   - Instance: 0x27B6B01A080
ScriptStruct: GFxCustomTeamSettings                            - Instance: 0x27B6B01AC80
ScriptStruct: GFxDLCData                                       - Instance: 0x27B6AFFB580
ScriptStruct: NotificationStatus                               - Instance: 0x27B6AFF9480
ScriptStruct: EngagementEventNotificationData                  - Instance: 0x27B6AFF8E80
ScriptStruct: CompensationItem                                 - Instance: 0x27B6AFB0880
ScriptStruct: GarageTeam                                       - Instance: 0x27B6AF6B400
ScriptStruct: LeaderboardRequestInfo                           - Instance: 0x27B6AF25900
ScriptStruct: GFxLoadoutSet                                    - Instance: 0x27B6AF1DD80
ScriptStruct: GFxMapData                                       - Instance: 0x27B6AF00580
ScriptStruct: GFxPlaylistType                                  - Instance: 0x27B6AEEE380
ScriptStruct: GFxMapType                                       - Instance: 0x27B6AEEE200
ScriptStruct: GFxMapPlaylist                                   - Instance: 0x27B6AEEE080
ScriptStruct: GFxMapPreference                                 - Instance: 0x27B6AEEDF00
ScriptStruct: GFxMapSelectionData                              - Instance: 0x27B6AEEBA00
ScriptStruct: GFxRegion                                        - Instance: 0x27B6AED3880
ScriptStruct: MessageUpdate                                    - Instance: 0x27B6AED3700
ScriptStruct: MenuSequencePair                                 - Instance: 0x27A5B0E6B00
ScriptStruct: ScoreIndex                                       - Instance: 0x27A5B0D3B80
ScriptStruct: CartInfo                                         - Instance: 0x27A5B0D3580
ScriptStruct: MTCatalogInfo                                    - Instance: 0x27A5B0D3400
ScriptStruct: MTCartItem                                       - Instance: 0x27A5B0AFD00
ScriptStruct: PlaylistTrack                                    - Instance: 0x27A5B07F400
ScriptStruct: PlaylistTitleTrack                               - Instance: 0x27A5B07DA80
ScriptStruct: PlaylistState                                    - Instance: 0x27A5B07CE80
ScriptStruct: MatchmakingMessage                               - Instance: 0x27A5B026E00
ScriptStruct: GFxPartyMember                                   - Instance: 0x27A5B024580
ScriptStruct: GFxPlayerAvatarBorderRef                         - Instance: 0x27A5AFFA680
ScriptStruct: GFxPlayerAvatarRef                               - Instance: 0x27A5AFF9C00
ScriptStruct: GFxPlayerBannerRef                               - Instance: 0x27A5AFF8A00
ScriptStruct: ScoreboardStat                                   - Instance: 0x27A5AFAF880
ScriptStruct: StatCooldown                                     - Instance: 0x27A5AFAF280
ScriptStruct: ProductStatInfo                                  - Instance: 0x27A5AF7C280
ScriptStruct: LocalizedQuickChat                               - Instance: 0x27A5AF4D900
ScriptStruct: LocalizedQuickChatBinding                        - Instance: 0x27A5AF4D780
ScriptStruct: ReplayPlayerStats                                - Instance: 0x27A5AF3F100
ScriptStruct: LocalizedCameraMode                              - Instance: 0x27A5AF31300
ScriptStruct: TimelineKeyframe                                 - Instance: 0x27A5AF16E00
ScriptStruct: GFxLevelThreshold                                - Instance: 0x27A5AF0FE80
ScriptStruct: RocketPassReward                                 - Instance: 0x27A5AF0E200
ScriptStruct: RocketPassProduct                                - Instance: 0x27A5AF0E080
ScriptStruct: RocketPassXPReward                               - Instance: 0x27A5AF0DF00
ScriptStruct: RocketPassCurrencyReward                         - Instance: 0x27A5AF0DD80
ScriptStruct: SeasonWeek                                       - Instance: 0x27A5AEF7580
ScriptStruct: ProductReplacement2                              - Instance: 0x27A5AEF5D80
ScriptStruct: GFxLogoData                                      - Instance: 0x27A5AEE7A00
ScriptStruct: GFxBotData                                       - Instance: 0x27A5AEE7880
ScriptStruct: BindingPreset                                    - Instance: 0x27A5AED3B80
ScriptStruct: LoadedMtxCatalog                                 - Instance: 0x27A5AE55000
ScriptStruct: ShopTab                                          - Instance: 0x27A5AE54D00
ScriptStruct: ShopsMapEntry                                    - Instance: 0x27A5AE54400
ScriptStruct: SpecialEventReward                               - Instance: 0x27A5AE27D00
ScriptStruct: SpecialEventStore                                - Instance: 0x27A5AE27E80
ScriptStruct: GFxSpecialEventReward                            - Instance: 0x27A5AE26B00
ScriptStruct: GFxStatData                                      - Instance: 0x27A5AE22B00
ScriptStruct: CachedChatMessage                                - Instance: 0x27A5AE0D480
ScriptStruct: TeamGameStats                                    - Instance: 0x27A5ADEC400
ScriptStruct: GFxTourPlatformGroup                             - Instance: 0x27A5ADC0580
ScriptStruct: SubscriptionInfo                                 - Instance: 0x27A5ADA6800
ScriptStruct: UseAction                                        - Instance: 0x27A5AD9FA00
ScriptStruct: TrainingNavigationEvent                          - Instance: 0x27A5AD9CE80
ScriptStruct: FavoritedFileMetaData                            - Instance: 0x27A5AD90A00
ScriptStruct: CachedDownloadedFile                             - Instance: 0x27A5AD90880
ScriptStruct: SearchCacheData                                  - Instance: 0x27A5AD90400
ScriptStruct: CodeTimePair                                     - Instance: 0x27A5AD7DA80
ScriptStruct: TrainingModeDifficulty                           - Instance: 0x27A5AD6DF00
ScriptStruct: TrainingModeType                                 - Instance: 0x27A5AD6DD80
ScriptStruct: TrainingModeTag                                  - Instance: 0x27A5AD6DC00
ScriptStruct: GFxUserBugReportCategory                         - Instance: 0x27A5AD6A380
ScriptStruct: SoundStateItem                                   - Instance: 0x27A5AD52E00
ScriptStruct: ChatMessage                                      - Instance: 0x27A5AD51C00
ScriptStruct: ScreenLocation                                   - Instance: 0x27A5AD3EC80
ScriptStruct: ReplayActorChannel                               - Instance: 0x27A5AD3C100
ScriptStruct: ReplayLogItem                                    - Instance: 0x27A5AD28580
ScriptStruct: ReplayKeyframe                                   - Instance: 0x27A5AD28400
ScriptStruct: ReplayScoreData                                  - Instance: 0x27A5AD1A080
ScriptStruct: CollisionEffectData                              - Instance: 0x27A5BC96500
ScriptStruct: ScoreboardMaterialOverride                       - Instance: 0x27A5BC8AC80
ScriptStruct: SimTimeScaleSettings                             - Instance: 0x27A5BC77280
ScriptStruct: ClientPacketData                                 - Instance: 0x27A5BC77100
ScriptStruct: InputBufferStats                                 - Instance: 0x27A5BC76F80
ScriptStruct: JiggleCarData                                    - Instance: 0x27A5BC56800
ScriptStruct: K3SMeta                                          - Instance: 0x27A5BC55480
ScriptStruct: LoadingPlayer                                    - Instance: 0x27A5BC4BB80
ScriptStruct: SequenceData                                     - Instance: 0x27A5BC1F880
ScriptStruct: MapSelectorPair                                  - Instance: 0x27A5BBFBB80
ScriptStruct: MapImageLoadRequest                              - Instance: 0x27A5BBFBA00
ScriptStruct: MapPrefsMetric                                   - Instance: 0x27A5BBFB100
ScriptStruct: MatchCompleteHistory                             - Instance: 0x27A5BBD5F00
ScriptStruct: MatchPreviewData                                 - Instance: 0x27A5BBD5600
ScriptStruct: MatchHistoryChangeTabEvent                       - Instance: 0x27A5BBD5780
ScriptStruct: NodePlatformAvailability                         - Instance: 0x27A5BB8A680
ScriptStruct: ActivePlaylistQueueInfo                          - Instance: 0x27A5BB66680
ScriptStruct: MergePartyReplicatedData                         - Instance: 0x27A5BB65900
ScriptStruct: CurrencyReplacement                              - Instance: 0x27A5BB63D00
ScriptStruct: MusicConfigTrack                                 - Instance: 0x27A5BB2E680
ScriptStruct: MapBallArcOverride                               - Instance: 0x27A5BB2D600
ScriptStruct: RumbleItemIndex                                  - Instance: 0x27A5BB22C80
ScriptStruct: NetBuckets                                       - Instance: 0x27A5BAF7880
ScriptStruct: NetBucketSetup                                   - Instance: 0x27A5BAF7580
ScriptStruct: NetBucketsExport                                 - Instance: 0x27A5BAF7400
ScriptStruct: NetworkLimit                                     - Instance: 0x27A5BAF6380
ScriptStruct: ContinuousSimTimeScaleSettings                   - Instance: 0x27A5BAEEE00
ScriptStruct: SimTimeAdjustDebugData                           - Instance: 0x27A5BAEE080
ScriptStruct: CachedPlayerData                                 - Instance: 0x27A5BA89D80
ScriptStruct: ReservationLoadout                               - Instance: 0x27A5BA88700
ScriptStruct: OrbitCarData                                     - Instance: 0x27A5BA2CE80
ScriptStruct: SkeletalMeshMaterialCache                        - Instance: 0x27A5BA23A00
ScriptStruct: PartyMemberLoadoutMessage                        - Instance: 0x27A5BA20880
ScriptStruct: CrosshairExtentInfo                              - Instance: 0x27A5B9BCD00
ScriptStruct: ChatSpamData                                     - Instance: 0x27A5B9BCB80
ScriptStruct: PlayerReportReason                               - Instance: 0x27A5B947280
ScriptStruct: PremiumSkinSetItem                               - Instance: 0x27A5B938580
ScriptStruct: ProductReplacement                               - Instance: 0x27A5B8CD000
ScriptStruct: BoostAttachmentToggle                            - Instance: 0x27A5B8BE080
ScriptStruct: TeamPaintFinish                                  - Instance: 0x27A5B8BDF00
ScriptStruct: IgnoredGoalRotations                             - Instance: 0x27A5B8BCE80
ScriptStruct: AssetLoadRequest                                 - Instance: 0x27A5B89EE00
ScriptStruct: InheritedParameter                               - Instance: 0x27A5B899F00
ScriptStruct: SpecialEditionConfig                             - Instance: 0x27A5B882200
ScriptStruct: MICSwapParameters                                - Instance: 0x27A5B881480
ScriptStruct: AddProductsRequestData                           - Instance: 0x27A5B85E200
ScriptStruct: PaintMetricsData                                 - Instance: 0x27A5B85C580
ScriptStruct: ProductMetricsData                               - Instance: 0x27A5B85C400
ScriptStruct: MaterialAndMaterialOverride                      - Instance: 0x27A5B845D80
ScriptStruct: ReplacementProduct                               - Instance: 0x27A5B837280
ScriptStruct: SeriesGroup                                      - Instance: 0x27A5B837100
ScriptStruct: ProductTradeHoldOverride                         - Instance: 0x27A5B836F80
ScriptStruct: RenderThumbnailScene                             - Instance: 0x27A5B81CA00
ScriptStruct: RenderThumbnailRequest                           - Instance: 0x27A5B81C880
ScriptStruct: RBPhysicsSnapshot                                - Instance: 0x27A5B7EDF00
ScriptStruct: RBVehicleSnapshot                                - Instance: 0x27A5B7EDD80
ScriptStruct: CarComponentSnapshot                             - Instance: 0x27A5B7ED900
ScriptStruct: CarComponentHistory                              - Instance: 0x27A5B7EDC00
ScriptStruct: CarFrameSettings                                 - Instance: 0x27A5B7ECD00
ScriptStruct: SceneFrameCapture                                - Instance: 0x27A5B7ECB80
ScriptStruct: ScoredGoal                                       - Instance: 0x27A5B7D6200
ScriptStruct: Highlight                                        - Instance: 0x27A5B7D6080
ScriptStruct: ReplayRenamedActor                               - Instance: 0x27A5B7D4B80
ScriptStruct: ReplayFocusCar                                   - Instance: 0x27A5B7D4A00
ScriptStruct: ReplayIOTaskBase                                 - Instance: 0x27A5B7C3700
ScriptStruct: ReplayExportCallbackData                         - Instance: 0x27A5B7C3580
ScriptStruct: ReplayImportCallbackData                         - Instance: 0x27A5B7C3400
ScriptStruct: ReplayExportTask                                 - Instance: 0x27A5B7C3280
ScriptStruct: ReplayClassTask                                  - Instance: 0x27A5B7C2F80
ScriptStruct: ReplayHeaderImportTask                           - Instance: 0x27A5B7C2E00
ScriptStruct: ReplayImportTask                                 - Instance: 0x27A5B7C2C80
ScriptStruct: ReplayTypeData                                   - Instance: 0x27A5B7C2980
ScriptStruct: ReplayHeadersCountTask                           - Instance: 0x27A5B7C2800
ScriptStruct: ReplayUpdateDataMapTask                          - Instance: 0x27A5B7C2680
ScriptStruct: GFxRewardDrop                                    - Instance: 0x27A5B7C0D00
ScriptStruct: BotLoadout                                       - Instance: 0x27A5B79FB80
ScriptStruct: PlayerStats                                      - Instance: 0x27A5B79FA00
ScriptStruct: RocketPassPremiumData                            - Instance: 0x27A5B784880
ScriptStruct: RocketPassTiersData                              - Instance: 0x27A5B784700
ScriptStruct: EventCurrencyData                                - Instance: 0x27A5B767280
ScriptStruct: SpecialEventData                                 - Instance: 0x27A5B766B00
ScriptStruct: AddProductAttribute                              - Instance: 0x27A5B765780
ScriptStruct: AddProductsResponseData                          - Instance: 0x27A5B764280
ScriptStruct: InstanceToSlotRow                                - Instance: 0x27A5B74D480
ScriptStruct: VanityProductInfo                                - Instance: 0x27A5B74C700
ScriptStruct: VanityProductData                                - Instance: 0x27A5B74C580
ScriptStruct: VanityLoadout                                    - Instance: 0x27A5B73FD00
ScriptStruct: Sample                                           - Instance: 0x27A5B716F80
ScriptStruct: GraphSummaryMethod                               - Instance: 0x27A5B716E00
ScriptStruct: DingoContentCache                                - Instance: 0x27A5B716080
ScriptStruct: SaveDataTask                                     - Instance: 0x27A5B715F00
ScriptStruct: SaveDataDeleteTask                               - Instance: 0x27A5B6FF580
ScriptStruct: SaveDataListFilesTask                            - Instance: 0x27A5B6FF400
ScriptStruct: SaveDataImportTask                               - Instance: 0x27A5B6FF280
ScriptStruct: SaveDataExportTask                               - Instance: 0x27A5B6FF100
ScriptStruct: InitSaveProviderTask                             - Instance: 0x27A5B6FEF80
ScriptStruct: CarSplineData                                    - Instance: 0x27A5B6B2E00
ScriptStruct: SpawnCarColorSet                                 - Instance: 0x27A5B66B580
ScriptStruct: CatalogueCacheItem                               - Instance: 0x27A5B64C280
ScriptStruct: ShopItemData                                     - Instance: 0x27A5B63B100
ScriptStruct: ShopTabData                                      - Instance: 0x27A5B63B280
ScriptStruct: AxisConversion                                   - Instance: 0x27A5B638100
ScriptStruct: BothWheelAssets                                  - Instance: 0x27A5B62BB80
ScriptStruct: LocalizedStrings                                 - Instance: 0x27A5B628280
ScriptStruct: ProductGroup                                     - Instance: 0x27A5B628100
ScriptStruct: BaseInput                                        - Instance: 0x27A5B617E80
ScriptStruct: SonyInputs                                       - Instance: 0x27A5B628400
ScriptStruct: SonyMetadataStruct                               - Instance: 0x27A5B617D00
ScriptStruct: DebugMicroEventPlaylistID                        - Instance: 0x27A5B60CD00
ScriptStruct: PickupReplacement                                - Instance: 0x27A5B5FF880
ScriptStruct: ThrowSetting                                     - Instance: 0x27A5B5D3B80
ScriptStruct: BallInfo                                         - Instance: 0x27A5B5B9900
ScriptStruct: StatGroupCollection                              - Instance: 0x27A5B5B9780
ScriptStruct: StatEventCollection_KO                           - Instance: 0x27A5B57D300
ScriptStruct: SummaryLabel                                     - Instance: 0x27A5B55FE80
ScriptStruct: GraphLine                                        - Instance: 0x27A5B55FD00
ScriptStruct: PartyMergeResult                                 - Instance: 0x27A5B53FE80
ScriptStruct: CredentialItem                                   - Instance: 0x27A5B4CDF00
ScriptStruct: RewardsResult                                    - Instance: 0x27A5B4AB100
ScriptStruct: RewardsRequest                                   - Instance: 0x27A5B4AAF80
ScriptStruct: TeamSeeds                                        - Instance: 0x27A5B4AA980
ScriptStruct: TrainingManipulationEvent                        - Instance: 0x27A5B48D900
ScriptStruct: ButtonInfo                                       - Instance: 0x27A5B472E00
ScriptStruct: ActionNameInfo                                   - Instance: 0x27A5B472F80
ScriptStruct: MessageInfo                                      - Instance: 0x27A5B473100
ScriptStruct: UserReportVideoSetting                           - Instance: 0x27A5B44EE00
ScriptStruct: VanityQuerySet                                   - Instance: 0x27A5B443D00
ScriptStruct: PickupData                                       - Instance: 0x27A5B440400
ScriptStruct: PickupData2                                      - Instance: 0x27A5B440280
ScriptStruct: InteractableData                                 - Instance: 0x27A5B424280
ScriptStruct: ViewData                                         - Instance: 0x27A5B424400
Const: F2PSeasonsRestart                                       - Instance: 0x27A656BBF00
Const: StatName_HoopsSwishGoal                                 - Instance: 0x27A656BBE80
Const: StatName_BreakoutDamageLarge                            - Instance: 0x27A656BBE00
Const: StatName_BreakoutDamage                                 - Instance: 0x27A656BBD80
Const: StatName_HighFive                                       - Instance: 0x27A656BBD00
Const: StatName_LowFive                                        - Instance: 0x27A656BBC80
Const: StatName_PoolShot                                       - Instance: 0x27A656BBC00
Const: StatName_FirstTouch                                     - Instance: 0x27A656BBB80
Const: StatName_Demolition                                     - Instance: 0x27A656BBB00
Const: StatName_Demolish                                       - Instance: 0x27A656BBA80
Const: StatName_JuggleHit                                      - Instance: 0x27A656BBA00
Const: StatName_BicycleHit                                     - Instance: 0x27A656BB980
Const: StatName_AerialHit                                      - Instance: 0x27A656BB900
Const: StatName_Clear                                          - Instance: 0x27A656BB880
Const: StatName_Center                                         - Instance: 0x27A656BB800
Const: StatName_Shot                                           - Instance: 0x27A656BB780
Const: StatName_Savior                                         - Instance: 0x27A656BB700
Const: StatName_EpicSave                                       - Instance: 0x27A656BB680
Const: StatName_Playmaker                                      - Instance: 0x27A656BB600
Const: StatName_TurtleGoal                                     - Instance: 0x27A656BB580
Const: StatName_OvertimeGoal                                   - Instance: 0x27A656BB500
Const: StatName_BackwardsGoal                                  - Instance: 0x27A656BB480
Const: StatName_LongGoal                                       - Instance: 0x27A656BB400
Const: StatName_AerialGoal                                     - Instance: 0x27A656BB380
Const: StatName_TimePlayed                                     - Instance: 0x27A656BB300
Const: StatName_Win                                            - Instance: 0x27A656BB280
Const: StatName_MatchPlayed                                    - Instance: 0x27A656BB200
Const: StatName_Save                                           - Instance: 0x27A656BB180
Const: StatName_Goal                                           - Instance: 0x27A656BB100
Const: StatName_Assist                                         - Instance: 0x27A656BB080
Const: TOUR_MATCH_NONE                                         - Instance: 0x27A656BAE00
Const: MAX_REPLICATED_VOTERS                                   - Instance: 0x27B6B9B6D00
Const: FirstChildIndex                                         - Instance: 0x27B6B9B5700
Const: HttpContentType                                         - Instance: 0x27B6B7BBA80
Const: FULL_SIZE_NEIGHBORS                                     - Instance: 0x27B6B7BB800
Const: HALF_SIZE_NEIGHBORS                                     - Instance: 0x27B6B7BB780
Const: MaxSteeringSensitivity                                  - Instance: 0x27B6B7B9F80
Const: MaxAirControlSensitivity                                - Instance: 0x27B6B7B9F00
Const: PriorityLow                                             - Instance: 0x27B6B7B8080
Const: PriorityMed                                             - Instance: 0x27B6B467F80
Const: PriorityHigh                                            - Instance: 0x27B6B467F00
Const: BoostLevel_Inactive                                     - Instance: 0x27B6B467300
Const: BoostLevel_Activated                                    - Instance: 0x27B6B467280
Const: BoostLevel_Active                                       - Instance: 0x27B6B467200
Const: SoonInSeconds                                           - Instance: 0x27B6B466680
Const: MAX_TEAM_PLAYERS                                        - Instance: 0x27B6B465680
Const: UnrealUnitsPerMeter                                     - Instance: 0x27B6B465480
Const: HiddenPresenceId                                        - Instance: 0x27B6AFF7580
Const: PartyPresenceId                                         - Instance: 0x27B6AFF7380
Const: MAX_SEARCH_MESSAGES                                     - Instance: 0x27B6AFF5300
Const: MAX_NAMEPLATES                                          - Instance: 0x27A5AF1CB00
Const: GoalExitDelaySeconds                                    - Instance: 0x27A5AF1C400
Const: FieldHeight                                             - Instance: 0x27A5AF1C380
Const: DirectionBoneName                                       - Instance: 0x27A5AF1C300
Const: LookSpeed                                               - Instance: 0x27A5AF1C280
Const: AimNodeName                                             - Instance: 0x27A5AF1C200
Const: PlayerCountIrrelevant                                   - Instance: 0x27A5BC87880
Const: MenuTreeMaxDepth                                        - Instance: 0x27A5BC86100
Const: MAX_PARTY_FOLLOWERS                                     - Instance: 0x27A5BC85C80
Const: JapaneseLanguage                                        - Instance: 0x27A5BC85880
Const: TRADEHOLD_EXT_XE                                        - Instance: 0x27A5BA93880
Const: TRADEHOLD_P2P                                           - Instance: 0x27A5BA93780
Const: TRADEHOLD_ALL                                           - Instance: 0x27A5BA93700
Const: TRADEHOLD_NONE                                          - Instance: 0x27A5BA93680
Const: PerfMetricsVersion                                      - Instance: 0x27A5BA93080
Const: MaxFriendKeyLength                                      - Instance: 0x27A5BA91900
Const: MaxLoadoutSets                                          - Instance: 0x27A5B827800
Const: MaxConcurrentItemCount                                  - Instance: 0x27A5B826800
Const: MENU_BG_SWITCH_VERSION                                  - Instance: 0x27A5B825780
Const: HttpContentType                                         - Instance: 0x27A5B58D680
Const: HttpContentEncoding                                     - Instance: 0x27A5B58D600
Enum: ESettingsAutoUpdateReason                                - Instance: 0x27A657E7180
Enum: EProductQuality                                          - Instance: 0x27A657E7100
Enum: EUnlockMethod                                            - Instance: 0x27A657E7080
Enum: EVoiceRoomType                                           - Instance: 0x27A657E7000
Enum: EActiveVoiceLocation                                     - Instance: 0x27A657E6F80
Enum: EVoiceInputMode                                          - Instance: 0x27A657E6F00
Enum: EVoiceNotificationLevel                                  - Instance: 0x27A657E6E80
Enum: EPackageSaveStatus                                       - Instance: 0x27A657E6E00
Enum: EMatchHistoryUI                                          - Instance: 0x27A657E6D80
Enum: EMatchHistoryNavigableButton                             - Instance: 0x27A657E6D00
Enum: ERequestResolvedStatus                                   - Instance: 0x27A657E6C80
Enum: EControlsVisibilityType                                  - Instance: 0x27A657E6C00
Enum: ESkinType                                                - Instance: 0x27A657E6B80
Enum: EInfectedType                                            - Instance: 0x27A657E6B00
Enum: ETAStatType                                              - Instance: 0x27A657E6A80
Enum: ECrossEntitlementStatus                                  - Instance: 0x27A657E6980
Enum: EPlaylistPopulationBucket                                - Instance: 0x27A657E6900
Enum: ETieBreakDecision                                        - Instance: 0x27A657E6880
Enum: EMainMenuBackground                                      - Instance: 0x27A657E6800
Enum: EPersonaInfoOrigin                                       - Instance: 0x27A657E6780
Enum: EPresenceGroup                                           - Instance: 0x27A657E6700
Enum: EMatchTieBreaker                                         - Instance: 0x27A657E6680
Enum: EMusicStingersSetting                                    - Instance: 0x27A657E6600
Enum: ENameplateMode                                           - Instance: 0x27A657E6580
Enum: EHUDMessageLevel                                         - Instance: 0x27A657E6500
Enum: EForceFeedbackMode                                       - Instance: 0x27A657E6480
Enum: EForceFeedbackType                                       - Instance: 0x27A657E6400
Enum: ECameraSettingsPreset                                    - Instance: 0x27A657E6380
Enum: EMTXCatalogCategory                                      - Instance: 0x27A657E6300
Enum: EEquippableProductSlot                                   - Instance: 0x27A657E6280
Enum: ECurrency                                                - Instance: 0x27A657E6200
Enum: EOnlineXPModifierType                                    - Instance: 0x27A657E6180
Enum: EVanityType                                              - Instance: 0x27A657E6100
Enum: EPaintFinishType                                         - Instance: 0x27A657E6000
Enum: EPaintColorVariant                                       - Instance: 0x27A657E5F80
Enum: ECustomMatchSettingsType                                 - Instance: 0x27A657E5F00
Enum: EEditingType                                             - Instance: 0x27A657E5E80
Enum: ERankInfoDisplayType                                     - Instance: 0x27A657E5E00
Enum: EEquipAction                                             - Instance: 0x27A657E5D80
Enum: EHistory                                                 - Instance: 0x27A657E5D00
Enum: EHistoryType                                             - Instance: 0x27A657E5C80
Enum: EPawnType                                                - Instance: 0x27A657E5C00
Enum: ETrainingSaveType                                        - Instance: 0x27A657E5B80
Enum: ESaveGameResult                                          - Instance: 0x27A657E5B00
Enum: EGoalResetType                                           - Instance: 0x27A657E5A80
Enum: EBoostFillType                                           - Instance: 0x27A657E5A00
Enum: EProductThumbnailSize                                    - Instance: 0x27A657E5980
Enum: EChatMessageType                                         - Instance: 0x27A657E5900
Enum: EUIMenuState                                             - Instance: 0x27A657E5880
Enum: EMirrorFieldType                                         - Instance: 0x27A657E5800
Enum: EProductAttachmentSocket                                 - Instance: 0x27A657E5780
Enum: EInputRestriction                                        - Instance: 0x27A657E5680
Enum: EBallHitType                                             - Instance: 0x27A657E5600
Enum: EBoostRestriction                                        - Instance: 0x27A657E5580
Enum: EVehicleDemolishMode                                     - Instance: 0x27A657E5500
Enum: EVoteStatus                                              - Instance: 0x27A657E5480
Enum: EStatEventDisplayLevels                                  - Instance: 0x27A657E5400
Enum: ETrainingTag                                             - Instance: 0x27A657E5380
Enum: EDifficulty                                              - Instance: 0x27A657E5300
Enum: ETrainingType                                            - Instance: 0x27A657E5280
Enum: EShowOnly                                                - Instance: 0x27A657E5200
Enum: ECarImpactResult                                         - Instance: 0x27A657E5180
Enum: EDemolishSpeed                                           - Instance: 0x27A657E5100
Enum: EDemolishTarget                                          - Instance: 0x27A657E5000
Enum: EBlueprintType                                           - Instance: 0x27A657E4F80
Enum: EProductTradeRestriction                                 - Instance: 0x27A657E4F00
Enum: EProductFilterSortType                                   - Instance: 0x27A657E4E80
Enum: EArchiveProductFilter                                    - Instance: 0x27A657E4E00
Enum: EProductFilterLogLevel                                   - Instance: 0x27A657E4D80
Enum: EFavoritedProductFilter                                  - Instance: 0x27A657E4D00
Enum: ERocketPassTierType                                      - Instance: 0x27A657E4C80
Enum: ERocketPassTierLockState                                 - Instance: 0x27A657E4C00
Enum: ERocketPassNotificationRewardType                        - Instance: 0x27A657E4B80
Enum: ERocketPassRewardType                                    - Instance: 0x27A657E4B00
Enum: ELegacyBoxStatus                                         - Instance: 0x27A657E4A80
Enum: EXPTier                                                  - Instance: 0x27A657E4A00
Enum: ELicenseGroup                                            - Instance: 0x27A657E4980
Enum: EEffectsIntensity                                        - Instance: 0x27A657E4900
Enum: EControllerSoundMode                                     - Instance: 0x27A657E4880
Enum: EChatFilter                                              - Instance: 0x27A657E4800
Enum: EVoiceFilter                                             - Instance: 0x27A657E4780
Enum: ESupportType                                             - Instance: 0x27A657E4700
Enum: ETargetCamSwivelMode                                     - Instance: 0x27A657E4680
Enum: EPaintTeam                                               - Instance: 0x27A657E4600
Enum: ETeam                                                    - Instance: 0x27A657E4580
Enum: EDemolishSource                                          - Instance: 0x27A657E4500
Enum: ESearchStatusOwner                                       - Instance: 0x27A657E4480
Enum: EMatchmakingViewTab                                      - Instance: 0x27A657E4400
Enum: EWheelPosition                                           - Instance: 0x27A657E4380
Enum: EVoteSubject                                             - Instance: 0x27A657E4300
Enum: ENetworkInputBuffer                                      - Instance: 0x27A657E4280
Enum: ENetworkValue                                            - Instance: 0x27A657E4200
Enum: EMeshMirrorMode                                          - Instance: 0x27A657E4180
Enum: EStatGraphLevel                                          - Instance: 0x27A657E4100
Enum: EInputBufferSaturationLevel                              - Instance: 0x27A657E4080
Enum: EAchievementType                                         - Instance: 0x27A656BBF80
Enum: EShopDeliverableType                                     - Instance: 0x27A656BAF00
Enum: EItemDisplayType                                         - Instance: 0x27A656BAE80
Enum: ETourSeedType                                            - Instance: 0x27A656BAD80
Enum: EProfilePCSaveVersion_0                                  - Instance: 0x27A656BA780
Enum: EFTELegacyGroupType                                      - Instance: 0x27A656BA700
Enum: EFTEVersioning                                           - Instance: 0x27A656BA600
Enum: EZoneEvent                                               - Instance: 0x27A656BA400
Enum: EConnectionQualityState                                  - Instance: 0x27A656BA380
Enum: EProductFilterType                                       - Instance: 0x27A656B8F00
Enum: EActivePlaylistType                                      - Instance: 0x27A656B8800
Enum: ERocketPassNotificationType                              - Instance: 0x27B6B9B7F00
Enum: ETourStatus                                              - Instance: 0x27B6B9B6F00
Enum: EUserBugReportCategoryType                               - Instance: 0x27B6B9B6E00
Enum: EAITeam                                                  - Instance: 0x27B6B9B6C00
Enum: EBTStatus                                                - Instance: 0x27B6B9B6B80
Enum: ECrowdValueType                                          - Instance: 0x27B6B9B6B00
Enum: EFreeplayCommand                                         - Instance: 0x27B6B9B6A80
Enum: ETrainingRoundAttempt                                    - Instance: 0x27B6B9B6900
Enum: ETrainingNavigationCommand                               - Instance: 0x27B6B9B6880
Enum: ETrainingManipulationCommand                             - Instance: 0x27B6B9B6800
Enum: EAchievementGame                                         - Instance: 0x27B6B9B6780
Enum: EAchievementEXP0                                         - Instance: 0x27B6B9B6700
Enum: EAchievementDLC0                                         - Instance: 0x27B6B9B6680
Enum: EAchievementDLC1                                         - Instance: 0x27B6B9B6600
Enum: EAchievementDLC2                                         - Instance: 0x27B6B9B6580
Enum: EAchievementXBO0                                         - Instance: 0x27B6B9B6500
Enum: EAchievementDLC3                                         - Instance: 0x27B6B9B6480
Enum: EAchievementDLC4                                         - Instance: 0x27B6B9B6400
Enum: EAchievementDLC5                                         - Instance: 0x27B6B9B6380
Enum: EAchievementDLC6                                         - Instance: 0x27B6B9B6300
Enum: EAchievementDLC7                                         - Instance: 0x27B6B9B6280
Enum: EAchievementMeta                                         - Instance: 0x27B6B9B6200
Enum: EAchievementSaveVersion                                  - Instance: 0x27B6B9B5D00
Enum: EActivityFeedType                                        - Instance: 0x27B6B9B5C80
Enum: EVisibilityType                                          - Instance: 0x27B6B9B5900
Enum: EPlaylistType                                            - Instance: 0x27B6B9B5400
Enum: EMusicPlayerState                                        - Instance: 0x27B6B9B5380
Enum: EAxleToForce                                             - Instance: 0x27B6B9B5000
Enum: EPolicyType                                              - Instance: 0x27B6B9B4800
Enum: EPitchTekDecalType                                       - Instance: 0x27B6B9B4680
Enum: EKeepUpState                                             - Instance: 0x27B6B7BBF00
Enum: EBotSkill                                                - Instance: 0x27B6B7BB980
Enum: EBreakoutDamageState                                     - Instance: 0x27B6B7BB880
Enum: ELockScope                                               - Instance: 0x27B6B7BB200
Enum: ECameraTrackFlyType                                      - Instance: 0x27B6B7BAA00
Enum: ECameraLoopType                                          - Instance: 0x27B6B7BA800
Enum: ECountDownFocus                                          - Instance: 0x27B6B7BA600
Enum: EStatePriority                                           - Instance: 0x27B6B7BA380
Enum: ETerritoryAudioCueType                                   - Instance: 0x27B6B7B9580
Enum: EDropGroupDisplayOrder                                   - Instance: 0x27B6B7B8F00
Enum: EChallengeSort                                           - Instance: 0x27B6B7B8E80
Enum: EChallengeType                                           - Instance: 0x27B6B7B8E00
Enum: ECrumbRedefinitionType                                   - Instance: 0x27B6B467E00
Enum: ECrumbAction                                             - Instance: 0x27B6B467D80
Enum: ESpeedDistributionSpace                                  - Instance: 0x27B6B467A00
Enum: EEngagementEventType                                     - Instance: 0x27B6B467500
Enum: EVoiceSettingsSaveVersion                                - Instance: 0x27B6B466880
Enum: EFTERedefinitionAction                                   - Instance: 0x27B6B466300
Enum: EFTERedefinitionType                                     - Instance: 0x27B6B466280
Enum: EForceDirection                                          - Instance: 0x27B6B466080
Enum: EmitterSocketBehavior                                    - Instance: 0x27B6B465B00
Enum: EStateEvent                                              - Instance: 0x27B6B465980
Enum: EAttackType                                              - Instance: 0x27B6B465880
Enum: EDetectionType                                           - Instance: 0x27B6B465280
Enum: ERotationType                                            - Instance: 0x27B6B464500
Enum: EPlayTestType                                            - Instance: 0x27B6B1D7E00
Enum: EGameplaySettingsSaveVersion                             - Instance: 0x27B6B1D7180
Enum: EAdHocState                                              - Instance: 0x27B6B1D6C00
Enum: EStunlockType                                            - Instance: 0x27B6B1D6800
Enum: EChallengeFilter                                         - Instance: 0x27B6B1D6500
Enum: ENotificationType                                        - Instance: 0x27B6AFF7E80
Enum: ENameDisplayRelationshipProxy                            - Instance: 0x27B6AFF7600
Enum: ELegacyStatusSetState                                    - Instance: 0x27B6AFF6F00
Enum: ESplitScreenPosition                                     - Instance: 0x27B6AFF6D00
Enum: EMapPrefType                                             - Instance: 0x27B6AFF6A00
Enum: ESyncStatus                                              - Instance: 0x27B6AFF6900
Enum: ENodeBannerType                                          - Instance: 0x27B6AFF6480
Enum: ESearchMessageType                                       - Instance: 0x27B6AFF5380
Enum: EPsyNetPartyStatus                                       - Instance: 0x27B6AFF5200
Enum: EFilterProductAttribute                                  - Instance: 0x27B6AFF4A00
Enum: EQuickChatState                                          - Instance: 0x27B6AFF4300
Enum: EReasonType                                              - Instance: 0x27A5AF1FE00
Enum: EUserSettingType                                         - Instance: 0x27A5AF1F800
Enum: EShopTabType                                             - Instance: 0x27A5AF1EF80
Enum: ESpecialEventState                                       - Instance: 0x27A5AF1EE80
Enum: ETourEventStatus                                         - Instance: 0x27A5AF1E300
Enum: ETrainingModeSearchTypes                                 - Instance: 0x27A5AF1DF00
Enum: EUserBugReportSubmitStatus                               - Instance: 0x27A5AF1DB80
Enum: ESoundStatePriority                                      - Instance: 0x27A5AF1D880
Enum: EReplayVersion                                           - Instance: 0x27A5AF1D300
Enum: EReplayState                                             - Instance: 0x27A5AF1D280
Enum: EStatGraphLayer                                          - Instance: 0x27A5BC87C80
Enum: ERotationAxis                                            - Instance: 0x27A5BC87B80
Enum: ESequenceStatus                                          - Instance: 0x27A5BC86500
Enum: ENodeEnabledRequirement                                  - Instance: 0x27A5BC86300
Enum: ENodeBadgeType                                           - Instance: 0x27A5BC86280
Enum: EPlaylistSpecialType                                     - Instance: 0x27A5BC85F80
Enum: EMusicPlayerSave                                         - Instance: 0x27A5BC85700
Enum: EGameplayMusicSetting                                    - Instance: 0x27A5BC85680
Enum: EOrbitCenterLocation                                     - Instance: 0x27A5BA93500
Enum: EOrbitAxisBehavior                                       - Instance: 0x27A5BA93480
Enum: EOutOfWorld                                              - Instance: 0x27A5BA93400
Enum: EOverrideMaterialMode_TA                                 - Instance: 0x27A5BA93380
Enum: EForcedThumbnailColors                                   - Instance: 0x27A5BA91200
Enum: EAssetLoadState                                          - Instance: 0x27A5BA91100
Enum: ETrademarkGlyph                                          - Instance: 0x27A5BA90900
Enum: EEnableSlotCustomization                                 - Instance: 0x27A5BA90780
Enum: EProductsArchiveSaveVersion                              - Instance: 0x27A5BA90400
Enum: EProductsFavoriteSaveVersion                             - Instance: 0x27A5BA90300
Enum: EProductsSaveVersion                                     - Instance: 0x27A5BA90200
Enum: EProfilePCSaveVersion_1                                  - Instance: 0x27A5B827A80
Enum: EProfileGamepadSaveVersion                               - Instance: 0x27A5B827980
Enum: EProfileGameplaySaveVersion                              - Instance: 0x27A5B827900
Enum: ELoadoutSaveVersion                                      - Instance: 0x27A5B827880
Enum: EProfilePCSaveVersion_2                                  - Instance: 0x27A5B827700
Enum: EQuickChatVersion                                        - Instance: 0x27A5B827680
Enum: EGraphSummaryType                                        - Instance: 0x27A5B826680
Enum: EInitSaveProviderResult                                  - Instance: 0x27A5B826600
Enum: ESeasonSaveVersion                                       - Instance: 0x27A5B825D80
Enum: ECheckAxis                                               - Instance: 0x27A5B825C00
Enum: EForcedTeamOverride                                      - Instance: 0x27A5B825480
Enum: ECopyAxis                                                - Instance: 0x27A5B824C00
Enum: ESpringState                                             - Instance: 0x27A5B824580
Enum: EBallFreezeState                                         - Instance: 0x27A5B824500
Enum: EThrowSetting                                            - Instance: 0x27A5B824380
Enum: ERopeState                                               - Instance: 0x27A5B824280
Enum: EFiveHitType                                             - Instance: 0x27A5B824080
Enum: EStatTrackingUnitType                                    - Instance: 0x27A5B58FD80
Enum: ETriggerConditionNumericalType                           - Instance: 0x27A5B58FA00
Enum: ETutorialOutput                                          - Instance: 0x27A5B58DC80
Enum: ETutorialStatus                                          - Instance: 0x27A5B58DC00
Enum: EPlayerDriveType                                         - Instance: 0x27A5B58DB80
Enum: EBoostType                                               - Instance: 0x27A5B58D200
Class: _AITypes_TA                                             - Instance: 0x27A53BF7000
Class: _ShopTypes_TA                                           - Instance: 0x27A53BF6C00
Class: _Types_TA                                               - Instance: 0x27A53BF6800
Class: AIController_TA                                         - Instance: 0x27A53BF6400
Class: AIController_Soccar_TA                                  - Instance: 0x27A53BF6000
Class: AIManager_TA                                            - Instance: 0x27A53BF5C00
Class: AnimNodeBlend_TA                                        - Instance: 0x27A53BF5800
Class: AnimNodeBlendBoost_TA                                   - Instance: 0x27A53BF5400
Class: AnimNodeBlendSpeed_TA                                   - Instance: 0x27A53BF5000
Class: AnimStateComponent_TA                                   - Instance: 0x27A53BF4C00
Class: ArenaReflectionsManager_TA                              - Instance: 0x27A53BF4800
Class: ArenaSoundSettings_TA                                   - Instance: 0x27A53BF4400
Class: AttachmentBehavior_TA                                   - Instance: 0x27A53BFBC00
Class: AttachmentBehavior_Steering_TA                          - Instance: 0x27A53BFB800
Class: RimSpinner_TA                                           - Instance: 0x27A53BFB400
Class: WheelShimmy_TA                                          - Instance: 0x27A53BFB000
Class: PlayerControllerBase_TA                                 - Instance: 0x27A53BFA400
Class: PlayerController_TA                                     - Instance: 0x27A53BFA800
Class: AudioPriorityComponent_TA                               - Instance: 0x27A53BFAC00
Class: AudioStateComponent_TA                                  - Instance: 0x27A53BFA000
Class: BallLocationComponent_TA                                - Instance: 0x27A53BF9C00
Class: BallRadiusVolume_TA                                     - Instance: 0x27A53BF9800
Class: RBActor_TA                                              - Instance: 0x27A53BF8C00
Class: Ball_TA                                                 - Instance: 0x27A53BF9000
Class: BallTrajectoryComponent_TA                              - Instance: 0x27A53BF9400
Class: BallTrajectoryComponent_Line_TA                         - Instance: 0x27A53BF8800
Class: BallTrajectoryComponent_Beam_TA                         - Instance: 0x27A53BF8400
Class: BallTrajectoryComponent_Spline_TA                       - Instance: 0x27A53BF3C00
Class: BallTrajectoryComponent_Mesh_TA                         - Instance: 0x27A53BF3800
Class: BoostMesh_TA                                            - Instance: 0x27A53BF3400
Class: BreakOutActor_Platform_TA                               - Instance: 0x27A53BF3000
Class: BTComponent                                             - Instance: 0x27A53BF2C00
Class: BTLockCollection                                        - Instance: 0x27A53BF2800
Class: BTNode                                                  - Instance: 0x27A53BF1000
Class: BTConditionalNode                                       - Instance: 0x27A53BF1400
Class: BTAction                                                - Instance: 0x27A53BF1800
Class: BTAction_Target                                         - Instance: 0x27A53BF1C00
Class: BTAction_MoveTo                                         - Instance: 0x27A53BF2000
Class: BTMoveModifier                                          - Instance: 0x27A53BF2400
Class: BTCondition                                             - Instance: 0x27A53BF0C00
Class: BTC_Any                                                 - Instance: 0x27A53BF0800
Class: BTC_NotAny                                              - Instance: 0x27A53BF0400
Class: BTC_ProxyBase                                           - Instance: 0x27A53BE7C00
Class: BTC_TargetBase                                          - Instance: 0x27A53BE7800
Class: BTC_Target                                              - Instance: 0x27A53BE7400
Class: BTC_SelectActor                                         - Instance: 0x27A53BE7000
Class: BTAction_Input                                          - Instance: 0x27A53BE6C00
Class: BTAction_Stop                                           - Instance: 0x27A53BE6800
Class: BTAction_HitBall                                        - Instance: 0x27A53BE6400
Class: BTAction_CatchBall                                      - Instance: 0x27A53BE6000
Class: BTAction_WiggleTires                                    - Instance: 0x27A53BE5C00
Class: BTNodeParent                                            - Instance: 0x27A53BE5800
Class: BTExecutor                                              - Instance: 0x27A53BE5400
Class: BTRandomSelector                                        - Instance: 0x27A53BE5000
Class: BTSelector                                              - Instance: 0x27A53BE4C00
Class: BTEvaluator                                             - Instance: 0x27A53BE4800
Class: BTSequence                                              - Instance: 0x27A53BE4400
Class: BTDecorator                                             - Instance: 0x27A53BEBC00
Class: BTDeco_RandomSteer                                      - Instance: 0x27A53BEB800
Class: BTDeco_Success                                          - Instance: 0x27A53BEB400
Class: BTDynamicLink                                           - Instance: 0x27A53BEB000
Class: BTLock                                                  - Instance: 0x27A53BEAC00
Class: BTWeight                                                - Instance: 0x27A53BEA800
Class: BTProxyType                                             - Instance: 0x27A53BEA400
Class: BTTarget                                                - Instance: 0x27A53BEA000
Class: CachedUnlockedProducts_TA                               - Instance: 0x27A53BE9C00
Class: CarColorSet_TA                                          - Instance: 0x27A53BE9800
Class: CarComponent_TA                                         - Instance: 0x27A53BE9400
Class: CarComponent_AirActivate_TA                             - Instance: 0x27A53BE9000
Class: CarComponent_Boost_TA                                   - Instance: 0x27A53BE8C00
Class: CarComponent_Boost_KO_TA                                - Instance: 0x27A53BE8400
Class: CarComponent_Dodge_TA                                   - Instance: 0x27A53BDF800
Class: CarComponent_Dodge_KO_TA                                - Instance: 0x27A53BDF000
Class: CarComponent_DoubleJump_TA                              - Instance: 0x27A53BDE800
Class: CarComponent_DoubleJump_KO_TA                           - Instance: 0x27A53BDE400
Class: CarComponent_DoubleJump_Robin_TA                        - Instance: 0x27A53BDE000
Class: CarComponent_AirControl_TA                              - Instance: 0x27A53BDDC00
Class: CarComponent_AirControl_Robin_TA                        - Instance: 0x27A53BDD800
Class: CarComponent_FlipCar_TA                                 - Instance: 0x27A53BDD400
Class: CarComponent_Jump_TA                                    - Instance: 0x27A53BDD000
Class: CarComponent_Jump_Robin_TA                              - Instance: 0x27A53BDCC00
Class: CarComponent_TerritoryDemolish_TA                       - Instance: 0x27A53BDC800
Class: CarComponent_Torque_TA                                  - Instance: 0x27A53BDC400
Class: SpecialPickup_TA                                        - Instance: 0x27A53BE3C00
Class: SpecialPickup_BallGravity_TA                            - Instance: 0x27A53BE3400
Class: SpecialPickup_HauntedBallBeam_TA                        - Instance: 0x27A53BE3000
Class: SpecialPickup_Targeted_TA                               - Instance: 0x27A53BE2C00
Class: SpecialPickup_BallFreeze_TA                             - Instance: 0x27A53BE2400
Class: SpecialPickup_GrapplingHook_TA                          - Instance: 0x27A53BE2000
Class: SpecialPickup_Spring_TA                                 - Instance: 0x27A53BE1C00
Class: SpecialPickup_BallLasso_TA                              - Instance: 0x27A53BE1800
Class: SpecialPickup_Tornado_TA                                - Instance: 0x27A53BE1400
Class: CertifiedStat_TA                                        - Instance: 0x27A53BE1000
Class: CertifiedStatDatabase_TA                                - Instance: 0x27A53BE0C00
Class: ChallengeFolder_TA                                      - Instance: 0x27A53BE0800
Class: ClientInputData_TA                                      - Instance: 0x27A53BE0400
Class: ClientJitterBuffer_TA                                   - Instance: 0x27A53BD7C00
Class: CollisionTestComponent_TA                               - Instance: 0x27A53BD7800
Class: ContentConfig_TA                                        - Instance: 0x27A53BD7400
Class: CrowdActorSettings_TA                                   - Instance: 0x27A53BD7000
Class: CrowdNoiseModifier_TA                                   - Instance: 0x27A53BD6C00
Class: DataAsset_ESportsTeam_TA                                - Instance: 0x27A53BD6800
Class: DataAssetDatabase_TA                                    - Instance: 0x27A53BD6400
Class: DataAssetDatabase_ESportsTeam_TA                        - Instance: 0x27A53BD6000
Class: DecalComponent_Constrained_TA                           - Instance: 0x27A53BD5C00
Class: DistributionFloatSpeed_TA                               - Instance: 0x27A53BD5400
Class: DistributionFloatSteer_TA                               - Instance: 0x27A53BD5000
Class: DLCPack_TA                                              - Instance: 0x27A53BD4C00
Class: EngineAudioBaseComponent_TA                             - Instance: 0x27A53BD4800
Class: EngineAudioComponent_TA                                 - Instance: 0x27A53BD4400
Class: EngineAudioREVComponent_TA                              - Instance: 0x27A53BDBC00
Class: EngineAudioBlowoffComponent_TA                          - Instance: 0x27A53BDB800
Class: EngineAudioPreviewBase_TA                               - Instance: 0x27A53BDB400
Class: EngineAudioPreview_TA                                   - Instance: 0x27A53BDB000
Class: EngineAudioProfileBase_TA                               - Instance: 0x27A53BDAC00
Class: EngineAudioProfile_TA                                   - Instance: 0x27A53BDA800
Class: EngineAudioProfileREV_TA                                - Instance: 0x27A53BDA400
Class: EngineAudioRevSimBoost_TA                               - Instance: 0x27A53BDA000
Class: EngineAudioRevSimBoostLevel_TA                          - Instance: 0x27A53BD9C00
Class: EngineAudioRevSimGearManager_TA                         - Instance: 0x27A53BD9800
Class: EngineAudioRevSimLimiter_TA                             - Instance: 0x27A53BD9400
Class: EngineAudioRevSimResistance_TA                          - Instance: 0x27A53BD9000
Class: EngineAudioRevSimReverse_TA                             - Instance: 0x27A53BD8C00
Class: EngineAudioRevSimVelocitySync_TA                        - Instance: 0x27A53BD8800
Class: EngineAudioUnlocker_TA                                  - Instance: 0x27A53BD8400
Class: EngineShare_TA                                          - Instance: 0x27A53BCFC00
Class: Errors_TA                                               - Instance: 0x27A53BCF800
Class: ExplosionHitHandler_TA                                  - Instance: 0x27A53BCF400
Class: DefaultHitHandler_TA                                    - Instance: 0x27A53BCF000
Class: OrbitHitHandler_TA                                      - Instance: 0x27A53BCEC00
Class: GreenScreenEffectHandler_TA                             - Instance: 0x27A53BCE800
Class: JiggleHitHandler_TA                                     - Instance: 0x27A53BCE400
Class: OverrideMaterialsHitHandler_TA                          - Instance: 0x27A53BCE000
Class: FeatureFilterTest_TA                                    - Instance: 0x27A53BCDC00
Class: FlockActor_TA                                           - Instance: 0x27A53BCD800
Class: ForceVolume_TA                                          - Instance: 0x27A53BCD400
Class: FpsBucketRecorder_TA                                    - Instance: 0x27A53BCD000
Class: FriendsListBuilder_TA                                   - Instance: 0x27A53BCCC00
Class: FriendsListUtils_TA                                     - Instance: 0x27A53BCC800
Class: FXActor_GameEditorActor_TA                              - Instance: 0x27A53BCC400
Class: FXActor_TA                                              - Instance: 0x27A53BD3C00
Class: FXActor_Ball_TA                                         - Instance: 0x27A53BD3800
Class: FXActor_BallBreakout_TA                                 - Instance: 0x27A53BD3000
Class: FXActor_BallHaunted_TA                                  - Instance: 0x27A53BD2C00
Class: FXActor_Boost_TA                                        - Instance: 0x27A53BD2800
Class: FXActor_BreakoutPlatform_TA                             - Instance: 0x27A53BD2400
Class: FXActor_Car_TA                                          - Instance: 0x27A53BD2000
Class: FXTrait_BoostParticle_TA                                - Instance: 0x27A53BD1C00
Class: GameData_TA                                             - Instance: 0x27A53BD1800
Class: GameEngine_TA                                           - Instance: 0x27A53BD1400
Class: GameEvent_TA                                            - Instance: 0x27A53BD1000
Class: GameEvent_Team_TA                                       - Instance: 0x27A53BD0C00
Class: GameMode_TA                                             - Instance: 0x27A53BD0800
Class: GameModeList_TA                                         - Instance: 0x27A53BD0400
Class: GameObserver_TA                                         - Instance: 0x27A53BBFC00
Class: GameShare_TA                                            - Instance: 0x27A53BBF800
Class: GameViewportClient_TA                                   - Instance: 0x27A53BBF400
Class: GFxData_DevUtil_TA                                      - Instance: 0x27A53BBEC00
Class: GFxData_Personas_TA                                     - Instance: 0x27A53BBE800
Class: GFxData_ShopCatalogue_TA                                - Instance: 0x27A53BBE400
Class: GFxData_Shops_TA                                        - Instance: 0x27A53BBE000
Class: GFxEngine_TA                                            - Instance: 0x27A53BBDC00
Class: GlobalLookupTexture_TA                                  - Instance: 0x27A53BBD800
Class: Goal_TA                                                 - Instance: 0x27A53BBD400
Class: GoalVolume_TA                                           - Instance: 0x27A53BBD000
Class: GroundStaticMeshActor_TA                                - Instance: 0x27A53BBCC00
Class: HandlingPreset_TA                                       - Instance: 0x27A53BBC800
Class: HideLevelAssetsBase_TA                                  - Instance: 0x27A53BBC400
Class: GreenScreen_TA                                          - Instance: 0x27A53BC3C00
Class: ToggleActorVisibility_TA                                - Instance: 0x27A53BC3800
Class: ICanEquip_TA                                            - Instance: 0x27A53BC3400
Class: IdenticalProductCache_TA                                - Instance: 0x27A53BC3000
Class: ImpactEffectsComponent_TA                               - Instance: 0x27A53BC2C00
Class: ImpactModifier_TA                                       - Instance: 0x27A53BC2800
Class: PostImpactModifier_TA                                   - Instance: 0x27A53BC2400
Class: InputRecorder_TA                                        - Instance: 0x27A53BC2000
Class: InstanceIDUtils_TA                                      - Instance: 0x27A53BC1C00
Class: InterpTrackAnimControlWithSensibleDefault_TA            - Instance: 0x27A53BC1800
Class: InterpTrackBoostGlow_TA                                 - Instance: 0x27A53BC1400
Class: InterpTrackBoostToggle_TA                               - Instance: 0x27A53BC1000
Class: InterpTrackCameraShake_TA                               - Instance: 0x27A53BC0C00
Class: InterpTrackCarScale_TA                                  - Instance: 0x27A53BC0800
Class: InterpTrackInstVehicle_TA                               - Instance: 0x27A53BC0400
Class: InterpTrackInstVehicleToggle_TA                         - Instance: 0x27A53BBBC00
Class: InterpTrackPostProcess_TA                               - Instance: 0x27A53BBB800
Class: InterpTrackPostProcessIntensity_TA                      - Instance: 0x27A53BBB000
Class: InterpTrackSkelControlRotation_TA                       - Instance: 0x27A53BBAC00
Class: InterpTrackToggleCarOnGround_TA                         - Instance: 0x27A53BBA800
Class: InterpTrackToggleDumpMovie_TA                           - Instance: 0x27A53BBA400
Class: InterpTrackToggleSupersonic_TA                          - Instance: 0x27A53BBA000
Class: InterpTrackTriggerVehicleFX_TA                          - Instance: 0x27A53BB9C00
Class: ItemDropGroup_TA                                        - Instance: 0x27A53BB9800
Class: ITickNotify_TA                                          - Instance: 0x27A53BB9400
Class: LightCurveType_TA                                       - Instance: 0x27A53BB9000
Class: LoadoutRandomizer_TA                                    - Instance: 0x27A53BB8C00
Class: LocalPlayer_TA                                          - Instance: 0x27A53BB8800
Class: MapData_TA                                              - Instance: 0x27A53BB8400
Class: MapDataLoader_TA                                        - Instance: 0x27A53BB3C00
Class: MapList_TA                                              - Instance: 0x27A53BB3800
Class: MapSet_TA                                               - Instance: 0x27A53BB3400
Class: MatchBroadcast_TA                                       - Instance: 0x27A53BB3000
Class: MatchBroadcastLog_TA                                    - Instance: 0x27A53BB2C00
Class: MaterialParamsSet_TA                                    - Instance: 0x27A53BB2800
Class: MaxActorsGroup_TA                                       - Instance: 0x27A53BB2400
Class: Message_TA                                              - Instance: 0x27A53BB2000
Class: MtxConfig_TA                                            - Instance: 0x27A53BB1C00
Class: MTXGarageUtils_TA                                       - Instance: 0x27A53BB1800
Class: MutatorGameSetting_TA                                   - Instance: 0x27A53BB1400
Class: NavigationHandle_TA                                     - Instance: 0x27A53BB1000
Class: NetBucketRecorder_TA                                    - Instance: 0x27A53BB0C00
Class: NetMetricPlayerData_TA                                  - Instance: 0x27A53BB0800
Class: NetworkConfig_TA                                        - Instance: 0x27A53BB0400
Class: NetworkInputBuffer_TA                                   - Instance: 0x27A53BA7C00
Class: NetworkInputBuffer_CSTS_TA                              - Instance: 0x27A53BA7800
Class: NetworkInputBuffer_ServerConsume_TA                     - Instance: 0x27A53BA7400
Class: NetworkInputBuffer_STS_TA                               - Instance: 0x27A53BA7000
Class: NetworkJitterSettings_TA                                - Instance: 0x27A53BA6C00
Class: Note_Linked_TA                                          - Instance: 0x27A53BA6800
Class: Notification_TA                                         - Instance: 0x27A53BA6400
Class: GenericNotification_TA                                  - Instance: 0x27A53BA6000
Class: NotificationManager_TA                                  - Instance: 0x27A53BA5C00
Class: OnlineProduct_TA                                        - Instance: 0x27A53BA5800
Class: OnlineProductStore_TA                                   - Instance: 0x27A53BA5400
Class: OnlineSaveRecord_TA                                     - Instance: 0x27A53BA5000
Class: OnlineSessionManager_TA                                 - Instance: 0x27A53BA4C00
Class: PaintDatabase_TA                                        - Instance: 0x27A53BA4800
Class: ParticleSystemComponent_TA                              - Instance: 0x27A53BA4400
Class: Persona_TA                                              - Instance: 0x27A53BAB800
Class: Personas_TA                                             - Instance: 0x27A53BAB400
Class: PhysicalMaterialProperty_TA                             - Instance: 0x27A53BAB000
Class: PhysicsConfig_TA                                        - Instance: 0x27A53BAAC00
Class: PitchTekDrawingComponent_TA                             - Instance: 0x27A53BAA800
Class: PlayerVanity_TA                                         - Instance: 0x27A53BAA400
Class: PlayerAvatar_TA                                         - Instance: 0x27A53BAA000
Class: PlayerAvatarBorder_TA                                   - Instance: 0x27A53BA9C00
Class: PlayerBanner_TA                                         - Instance: 0x27A53BA9800
Class: PremiumSkin_TA                                          - Instance: 0x27A53BA9400
Class: PremiumSkinSet_TA                                       - Instance: 0x27A53BA9000
Class: ProductAsset_TA                                         - Instance: 0x27A53BA8C00
Class: ProductAsset_Attachment_TA                              - Instance: 0x27A53BA8800
Class: ProductAsset_Body_TA                                    - Instance: 0x27A53BA8400
Class: ProductAsset_Boost_TA                                   - Instance: 0x27A53B9F800
Class: ProductAsset_Bot_TA                                     - Instance: 0x27A53B9F400
Class: ProductAsset_Container_TA                               - Instance: 0x27A53B9F000
Class: ProductAsset_EngineAudio_TA                             - Instance: 0x27A53B9EC00
Class: ProductAsset_GoalExplosion_TA                           - Instance: 0x27A53B9E800
Class: ProductAsset_Pack_TA                                    - Instance: 0x27A53B9E400
Class: ProductAsset_PaintFinish_TA                             - Instance: 0x27A53B9E000
Class: ProductAsset_PlayerVanity_TA                            - Instance: 0x27A53B9DC00
Class: ProductAsset_PlayerAvatar_TA                            - Instance: 0x27A53B9D800
Class: ProductAsset_PlayerAvatarBorder_TA                      - Instance: 0x27A53B9D400
Class: ProductAsset_PlayerBanner_TA                            - Instance: 0x27A53B9D000
Class: ProductAsset_Skin_TA                                    - Instance: 0x27A53B9CC00
Class: ProductAsset_SupersonicTrail_TA                         - Instance: 0x27A53B9C800
Class: ProductAsset_Wheel_TA                                   - Instance: 0x27A53B9C400
Class: ProductAssetAttribute_TA                                - Instance: 0x27A53BA3C00
Class: AssetAttribute_TeamEdition_TA                           - Instance: 0x27A53BA3800
Class: AssetAttribute_TeamOverride_TA                          - Instance: 0x27A53BA3400
Class: AssetAttribute_TeamParameterOverride_TA                 - Instance: 0x27A53BA3000
Class: ProductAttribute_PaintSettings_TA                       - Instance: 0x27A53BA2C00
Class: ProductAssetLoader_TA                                   - Instance: 0x27A53BA2800
Class: ProductAssetReferenceBase_TA                            - Instance: 0x27A53BA2400
Class: ProductAssetReference_TA                                - Instance: 0x27A53BA2000
Class: ProductAssetReferenceBody_TA                            - Instance: 0x27A53BA1C00
Class: ProductAssetReferencePaintFinish_TA                     - Instance: 0x27A53BA1800
Class: ProductAssetReferenceSkin_TA                            - Instance: 0x27A53BA1400
Class: ProductAssetReferenceWheel_TA                           - Instance: 0x27A53BA1000
Class: ProductAttribute_TA                                     - Instance: 0x27A53BA0C00
Class: ProductAttribute_AnimatedSkinLabel_TA                   - Instance: 0x27A53BA0800
Class: ProductAttribute_Blueprint_TA                           - Instance: 0x27A53BA0400
Class: ProductAttribute_BodyCompatibility_TA                   - Instance: 0x27A53B97C00
Class: ProductAttribute_Certified_TA                           - Instance: 0x27A53B97800
Class: ProductAttribute_CompatibleProducts_TA                  - Instance: 0x27A53B97400
Class: ProductAttribute_Container_TA                           - Instance: 0x27A53B97000
Class: ProductAttribute_CrossEntitled_TA                       - Instance: 0x27A53B96C00
Class: ProductAttribute_Currency_TA                            - Instance: 0x27A53B96800
Class: ProductAttribute_Key_TA                                 - Instance: 0x27A53B96400
Class: ProductAttribute_Licensed_TA                            - Instance: 0x27A53B96000
Class: ProductAttribute_LicenseGroup_TA                        - Instance: 0x27A53B95C00
Class: ProductAttribute_Painted_TA                             - Instance: 0x27A53B95800
Class: ProductAttribute_PaintSettingsUpload_TA                 - Instance: 0x27A53B95400
Class: ProductAttribute_PlatformExclusive_TA                   - Instance: 0x27A53B95000
Class: ProductAttribute_PostMatchCelebration_TA                - Instance: 0x27A53B94C00
Class: ProductAttribute_PreviewOnly_TA                         - Instance: 0x27A53B94800
Class: ProductAttribute_Quality_TA                             - Instance: 0x27A53B94400
Class: ProductAttribute_QualityProductDBOverride_TA            - Instance: 0x27A53B9BC00
Class: ProductAttribute_Reactive_TA                            - Instance: 0x27A53B9B800
Class: ProductAttribute_RelatedRequiredProduct_TA              - Instance: 0x27A53B9B400
Class: ProductAttribute_RequiresOwnedProduct_TA                - Instance: 0x27A53B9B000
Class: ProductAttribute_Schematic_TA                           - Instance: 0x27A53B9AC00
Class: ProductAttribute_SortingLabel_TA                        - Instance: 0x27A53B9A800
Class: ProductAttribute_SpecialEdition_TA                      - Instance: 0x27A53B9A400
Class: ProductAttribute_SpecialEditionSettings_TA              - Instance: 0x27A53B9A000
Class: ProductAttribute_TeamEdition_TA                         - Instance: 0x27A53B99C00
Class: ProductAttribute_TeamEditionUpload_TA                   - Instance: 0x27A53B99800
Class: ProductAttribute_TeamForcedProduct_TA                   - Instance: 0x27A53B99400
Class: ProductAttribute_TeamOverride_TA                        - Instance: 0x27A53B99000
Class: ProductAttribute_TeamParameterOverride_TA               - Instance: 0x27A53B98C00
Class: ProductAttribute_Tiered_TA                              - Instance: 0x27A53B98800
Class: ProductAttribute_TitleID_TA                             - Instance: 0x27A53B98400
Class: ProductAttribute_UnlockForcedProducts_TA                - Instance: 0x27A53B8FC00
Class: ProductAttribute_UnlockMethod_TA                        - Instance: 0x27A53B8F800
Class: ProductAttribute_UserColor_TA                           - Instance: 0x27A53B8F400
Class: ProductDatabase_Builder_TA                              - Instance: 0x27A53B8F000
Class: ProductDatabase_TA                                      - Instance: 0x27A53B8EC00
Class: ProductEquipProfile_TA                                  - Instance: 0x27A53B8E800
Class: ProductEquipProfileSlot_TA                              - Instance: 0x27A53B8E400
Class: ProductEquipProfileSlot_Custom_TA                       - Instance: 0x27A53B8E000
Class: ProductEquipProfileSlot_Disabled_TA                     - Instance: 0x27A53B8DC00
Class: ProductEquipProfileSlot_Enabled_TA                      - Instance: 0x27A53B8D800
Class: ProductEquipProfileSlot_ForcedProduct_TA                - Instance: 0x27A53B8D400
Class: ProductFilter_TA                                        - Instance: 0x27A53B8D000
Class: ProductLoader_TA                                        - Instance: 0x27A53B8CC00
Class: ProductOverride_TA                                      - Instance: 0x27A53B8C800
Class: ProductOverride_MaterialParameter_TA                    - Instance: 0x27A53B8C400
Class: ProductOverride_ParticleSystemParameterBase_TA          - Instance: 0x27A53B87C00
Class: ProductOverride_ParticleSystemFloatParameter_TA         - Instance: 0x27A53B87800
Class: ProductOverride_ParticleSystemNameParameter_TA          - Instance: 0x27A53B87400
Class: ProductOverride_ParticleSystemVectorParameter_TA        - Instance: 0x27A53B87000
Class: ProductPaint_TA                                         - Instance: 0x27A53B86C00
Class: ProductSlot_TA                                          - Instance: 0x27A53B86800
Class: ProductSpecialEdition_TA                                - Instance: 0x27A53B86400
Class: ProductTemplate_TA                                      - Instance: 0x27A53B86000
Class: Product_TA                                              - Instance: 0x27A53B85C00
Class: ProductThumbnail_TA                                     - Instance: 0x27A53B85800
Class: ProductThumbnailAsset_TA                                - Instance: 0x27A53B85400
Class: ProductThumbnailAsset_Blueprint_TA                      - Instance: 0x27A53B85000
Class: ProductThumbnailQueue_TA                                - Instance: 0x27A53B84C00
Class: ProductUtil_TA                                          - Instance: 0x27A53B84800
Class: PSC_Constrained_TA                                      - Instance: 0x27A53B84400
Class: Pylon_Soccar_TA                                         - Instance: 0x27A53B8B800
Class: QuickChatTracker_TA                                     - Instance: 0x27A53B8B400
Class: Ball_Breakout_TA                                        - Instance: 0x27A53B8B000
Class: Ball_God_TA                                             - Instance: 0x27A53B8AC00
Class: Ball_Fire_TA                                            - Instance: 0x27A53B8A800
Class: Ball_Haunted_TA                                         - Instance: 0x27A53B8A400
Class: Ball_Trajectory_TA                                      - Instance: 0x27A53B8A000
Class: Vehicle_TA                                              - Instance: 0x27A53B89C00
Class: RBHistory_TA                                            - Instance: 0x27A53B89800
Class: RBVehicleHistory_TA                                     - Instance: 0x27A53B89400
Class: Replay_TA                                               - Instance: 0x27A53B89000
Class: ReplayCompatibilityActor_TA                             - Instance: 0x27A53B88C00
Class: ReplayComponent_TA                                      - Instance: 0x27A53B88800
Class: ReplayManager_TA                                        - Instance: 0x27A53B88400
Class: RLBot_SessionRecorder_TA                                - Instance: 0x27A53B77C00
Class: RLBot_Util_TA                                           - Instance: 0x27A53B77800
Class: RPC_ProductsDebugAddProducts_TA                         - Instance: 0x27A53B77400
Class: SampleHistory_TA                                        - Instance: 0x27A53B77000
Class: SampleRecordSettings_TA                                 - Instance: 0x27A53B76C00
Class: SaveData_TA                                             - Instance: 0x27A53B76800
Class: SaveGameManager_TA                                      - Instance: 0x27A53B76400
Class: SaveObjectManager_TA                                    - Instance: 0x27A53B76000
Class: SaveObjectSerializer_TA                                 - Instance: 0x27A53B75C00
Class: SeqAct_AnalyzeMusicFromCsv_TA                           - Instance: 0x27A53B75800
Class: SeqAct_CarMatinee_TA                                    - Instance: 0x27A53B75400
Class: SeqAct_DumpMovie_TA                                     - Instance: 0x27A53B75000
Class: SeqAct_HideDuplicateCar_TA                              - Instance: 0x27A53B74C00
Class: SeqAct_SetLoadout_TA                                    - Instance: 0x27A53B74800
Class: SeqAct_SetReplayFX_TA                                   - Instance: 0x27A53B74400
Class: SeqAct_SetTimeDilation_TA                               - Instance: 0x27A53B7BC00
Class: SeqAct_SpawnFXActor_TA                                  - Instance: 0x27A53B7B800
Class: SeqCond_IsFeatureEnabled_TA                             - Instance: 0x27A53B7B400
Class: SeqEvent_ReplayTime_TA                                  - Instance: 0x27A53B7B000
Class: SeqEvent_UIStateChange_TA                               - Instance: 0x27A53B7AC00
Class: SimpleSpringComponent_TA                                - Instance: 0x27A53B7A800
Class: AntennaComponent_TA                                     - Instance: 0x27A53B7A400
Class: SkelControlRotationSpring_TA                            - Instance: 0x27A53B7A000
Class: SkelControlSingleBoneCopy_TA                            - Instance: 0x27A53B79C00
Class: SkelControlSingleBoneParameterized_TA                   - Instance: 0x27A53B79800
Class: SkelControlTether_TA                                    - Instance: 0x27A53B79400
Class: SkeletalMeshActor_NoSlomo_TA                            - Instance: 0x27A53B79000
Class: SkeletalMeshActorMAT_Products_TA                        - Instance: 0x27A53B78C00
Class: SkeletalMeshComponent_NoSlomo_TA                        - Instance: 0x27A53B78400
Class: SkeletalMeshComponent_TA                                - Instance: 0x27A53B73C00
Class: CarMeshComponentBase_TA                                 - Instance: 0x27A53B73800
Class: CarMeshComponent_TA                                     - Instance: 0x27A53B73400
Class: CarPreviewMeshComponent_TA                              - Instance: 0x27A53B73000
Class: SkeletalMeshComponent_SplitBody_TA                      - Instance: 0x27A53B72C00
Class: SkyLightVolumeComponent_TA                              - Instance: 0x27A53B72800
Class: SonyPricingInfo_TA                                      - Instance: 0x27A53B72400
Class: SpecialEditionDatabase_TA                               - Instance: 0x27A53B72000
Class: StatEvent_TA                                            - Instance: 0x27A53B71C00
Class: StatFactoryBase_TA                                      - Instance: 0x27A53B71800
Class: StatGraph_TA                                            - Instance: 0x27A53B71400
Class: InputBufferGraph_TA                                     - Instance: 0x27A53B71000
Class: NetStatGraph_TA                                         - Instance: 0x27A53B70C00
Class: PerfStatGraph_TA                                        - Instance: 0x27A53B70800
Class: StatGraphDrawer_TA                                      - Instance: 0x27A53B70400
Class: StatGraphSystem_TA                                      - Instance: 0x27A53B6BC00
Class: StatGroup_TA                                            - Instance: 0x27A53B6B800
Class: StaticMeshComponent_TA                                  - Instance: 0x27A53B6B400
Class: NameplateMeshComponent_TA                               - Instance: 0x27A53B6B000
Class: TargetIndicator_TA                                      - Instance: 0x27A53B6AC00
Class: Team_TA                                                 - Instance: 0x27A53B6A800
Class: TeamColorScriptedTexture_TA                             - Instance: 0x27A53B6A400
Class: ThrottleShakeComponent_TA                               - Instance: 0x27A53B6A000
Class: ThumbnailRenderer_TA                                    - Instance: 0x27A53B69C00
Class: ThumbnailScene_TA                                       - Instance: 0x27A53B69800
Class: TickNotifyDelegate_TA                                   - Instance: 0x27A53B69400
Class: UserBugReportBulkData_TA                                - Instance: 0x27A53B69000
Class: VanityQuery_TA                                          - Instance: 0x27A53B68C00
Class: VanitySet_TA                                            - Instance: 0x27A53B68800
Class: VanitySetManager_TA                                     - Instance: 0x27A53B68400
Class: VehiclePartStaticMeshComponent_TA                       - Instance: 0x27A53B63C00
Class: VehiclePickup_TA                                        - Instance: 0x27A53B63800
Class: VehiclePickup_Boost_TA                                  - Instance: 0x27A53B63400
Class: VehicleSim_TA                                           - Instance: 0x27A53B63000
Class: VoteActor_TA                                            - Instance: 0x27A53B62C00
Class: WebBrowser_TA                                           - Instance: 0x27A53B62800
Class: Wheel_TA                                                - Instance: 0x27A53B62400
Class: WheelAssetGenerator_TA                                  - Instance: 0x27A53B62000
Class: WheelAssetGenerator_1Wheel_TA                           - Instance: 0x27A53B61C00
Class: WheelAssetGenerator_4Wheels_TA                          - Instance: 0x27A53B61800
Class: WheelAssetGenerator_FrontWheels_TA                      - Instance: 0x27A53B61400
Class: WheelAssetGenerator_RightWheels_TA                      - Instance: 0x27A53B61000
Class: WheelAssetSettings_TA                                   - Instance: 0x27A53B60C00
Class: WheelSkelMeshMAT_TA                                     - Instance: 0x27A53B60800
Class: WheelSpeedComponent_TA                                  - Instance: 0x27A53B60400
Class: WheelStaticMeshMAT_TA                                   - Instance: 0x27A53B5BC00
Class: BuildInfo_TA                                            - Instance: 0x27A53B5B800
Class: RLBot_PreTickActor                                      - Instance: 0x27A53B5B400
Class: RLBot_PostTickActor                                     - Instance: 0x27A53B5B000
Class: DeprecatedProperty                                      - Instance: 0x27A53B5AC00
Class: SkippableProperty                                       - Instance: 0x27A53B5A800
Class: ReplayPackageMap_TA                                     - Instance: 0x27A53B5A400
Class: ConsecutiveMatchTracker_TA                              - Instance: 0x27A657A3000
Class: ____ConsecutiveMatchTracker_TA__HandleGameEnded_0x1____ConsecutiveMatchTracker_TA__HandleGameEnded_0x1_0x1 - Instance: 0x27A657A2C00
Class: PRI_TA                                                  - Instance: 0x27A657A2800
Class: __ConsecutiveMatchTracker_TA__HandleGameEnded_0x1       - Instance: 0x27A657A2400
Class: ____GFxData_Clubs_TA__SetClubInvites_0x1____GFxData_Clubs_TA__SetClubInvites_0x1_0x1 - Instance: 0x27A657A2000
Class: ClubInviteNotification_TA                               - Instance: 0x27A657A1C00
Class: __GFxData_Clubs_TA__SetClubInvites_0x1                  - Instance: 0x27A657A1800
Class: ProductAsset_Logo_TA                                    - Instance: 0x27A657A1400
Class: ProductAttribute_InheritCarSetting_TA                   - Instance: 0x27A657A1000
Class: ProductStat_TA                                          - Instance: 0x27A657A0C00
Class: Car_TA                                                  - Instance: 0x27A657A0800
Class: ____GFxData_Mutators_TA__SetGameModeMutatorPresets_0x2____GFxData_Mutators_TA__SetGameModeMutatorPresets_0x2_0x1 - Instance: 0x27A657A0400
Class: GFxData_Mutators_TA                                     - Instance: 0x27A656AFC00
Class: MutatorConfig_TA                                        - Instance: 0x27A656AF800
Class: SaveObject_TA                                           - Instance: 0x27A656AEC00
Class: CustomMatchSettingsSave_TA                              - Instance: 0x27A656AF000
Class: OnlineFreeplaySettingsSave_TA                           - Instance: 0x27A656AF400
Class: GameTags_TA                                             - Instance: 0x27A656AE800
Class: Profile_TA                                              - Instance: 0x27A656AE400
Class: __GFxData_Mutators_TA__SetGameModeMutatorPresets_0x2    - Instance: 0x27A656AE000
Class: ____SaveData_TA__GetOnlineProductQuantity_0x2____SaveData_TA__GetOnlineProductQuantity_0x3_0x1 - Instance: 0x27A656ADC00
Class: __SaveData_TA__GetOnlineProductQuantity_0x2             - Instance: 0x27A656AD800
Class: ____ShopNotificationsManager_TA__HandleGetItemShopNotifications_0x1____ShopNotificationsManager_TA__HandleGetItemShopNotifications_0x3_0x1 - Instance: 0x27A656AD400
Class: ShopNotificationsManager_TA                             - Instance: 0x27A656AD000
Class: __ShopNotificationsManager_TA__HandleGetItemShopNotifications_0x1 - Instance: 0x27A656ACC00
Class: __AchievementManager_TA__HandleTradeInComplete_0x1      - Instance: 0x27A656AC800
Class: AchievementManager_TA                                   - Instance: 0x27A656AC400
Class: __AchievementManager_TA__HasItemQualityEquipped_0x1     - Instance: 0x27A65697C00
Class: __AchievementManager_TA__IsPlayingWithClubmates_0x1     - Instance: 0x27A65697800
Class: __ArenaSoundConfig_TA__GetNextEvent_0x1                 - Instance: 0x27A65697400
Class: ArenaSoundEvent_TA                                      - Instance: 0x27A65697000
Class: ArenaSoundConfig_TA                                     - Instance: 0x27A65696C00
Class: __ArenaSoundManager_TA__HandleMatchEnded_0x1            - Instance: 0x27A65696800
Class: GameEvent_Soccar_TA                                     - Instance: 0x27A65696400
Class: ArenaSoundManager_TA                                    - Instance: 0x27A65696000
Class: __AutoTour_TA__OnReceivedBracket_0x2                    - Instance: 0x27A65695C00
Class: _TourTypes_TA                                           - Instance: 0x27A65695800
Class: AutoTour_TA                                             - Instance: 0x27A65695400
Class: __AutoTour_TA__UpdateIneligibleTournament_0x2           - Instance: 0x27A65695000
Class: TourSettings_TA                                         - Instance: 0x27A65694C00
Class: __Ball_TA__Explode_0x1                                  - Instance: 0x27A65694800
Class: __BallPossessionComponent_TA__GetLastTouchWithTeamNum_0x1 - Instance: 0x27A65694400
Class: BallPossessionComponent_TA                              - Instance: 0x27A65693C00
Class: __BanSync_TA__GetBanMessage_0x1                         - Instance: 0x27A65693800
Class: BanSync_TA                                              - Instance: 0x27A65693400
Class: __BanSync_TA__GetBanMessageTypes_0x1                    - Instance: 0x27A65693000
Class: __BanSync_TA__GetPlayerBanMessages_0x1                  - Instance: 0x27A65692C00
Class: __BinaryUploader_TA__Upload_0x1                         - Instance: 0x27A65692800
Class: BinaryUploader_TA                                       - Instance: 0x27A65692400
Class: __BotConfig_TA__RefreshIDs_0x1                          - Instance: 0x27A65692000
Class: BotConfig_TA                                            - Instance: 0x27A65691C00
Class: __CameraState_PodiumSpotlight_Knockout_TA__GetFocusCenter_0x1 - Instance: 0x27A65691800
Class: CameraState_PodiumSpotlight_TA                          - Instance: 0x27A65691400
Class: CameraState_PodiumSpotlight_Knockout_TA                 - Instance: 0x27A65691000
Class: __CameraState_PodiumSpotlight_TA__GetFocusCenter_0x1    - Instance: 0x27A65690C00
Class: __Car_KnockOut_TA__AllowCarComponentActivate_0x1        - Instance: 0x27A65690800
Class: Car_KnockOut_TA                                         - Instance: 0x27A65690400
Class: __Car_KnockOut_TA__DeactivateAttackComponents_0x1       - Instance: 0x27A6568BC00
Class: __Car_KnockOut_TA__TookHitFrom_0x1                      - Instance: 0x27A6568B800
Class: __Car_KnockOut_TA__UpdatePendingHits_0x1                - Instance: 0x27A6568B400
Class: Target_TA                                               - Instance: 0x27A6568B000
Class: __Car_TA__HandleTargetRemoved_0x1                       - Instance: 0x27A6568AC00
Class: __Car_TA__QueueDemolish_0x1                             - Instance: 0x27A6568A800
Class: __Car_TA__QueueDemolish_CustomFX_0x1                    - Instance: 0x27A6568A400
Class: __CarComponent_Boost_TA__SetUnlimitedBoostDelayed_0x1   - Instance: 0x27A6568A000
Class: __CarMeshComponentBase_TA__AddVisualAsset_0x2           - Instance: 0x27A65689C00
Class: __CarMeshComponentBase_TA__ApplyPaintSettings_0x1       - Instance: 0x27A65689800
Class: __CarMeshComponentBase_TA__ApplyPaintToObject_0x1       - Instance: 0x27A65689400
Class: __CarMeshComponentBase_TA__AttachOrnament_0x1           - Instance: 0x27A65689000
Class: __CarMeshComponentBase_TA__CreateWheelAttachment_0x1    - Instance: 0x27A65688C00
Class: __CarMeshComponentBase_TA__CreateWheelMesh_0x1          - Instance: 0x27A65688800
Class: __CarMeshComponentBase_TA__RemoveProductAttributeFromProduct_0x1 - Instance: 0x27A65688400
Class: __CarPreviewActor_TA__UpdateTranslations_0x1            - Instance: 0x27A6567FC00
Class: CarPreviewActor_TA                                      - Instance: 0x27A6567F800
Class: __Challenge_TA__UpdateUnlockChallengesRewards_0x1       - Instance: 0x27A6567F400
Class: ListenObject_TA                                         - Instance: 0x27A6567E800
Class: ChallengeDefault_TA                                     - Instance: 0x27A6567EC00
Class: Challenge_TA                                            - Instance: 0x27A6567F000
Class: __ChallengeDefault_TA__RequestImage_0x1                 - Instance: 0x27A6567E400
Class: __ChallengeManager_TA__AreChallengesComplete_0x1        - Instance: 0x27A6567E000
Class: ChallengeManager_TA                                     - Instance: 0x27A6567DC00
Class: __ChallengeManager_TA__BroadcastChallengeChanges_0x7    - Instance: 0x27A6567D800
Class: __ChallengeManager_TA__FindChallengeIndex_0x1           - Instance: 0x27A6567D400
Class: __ChallengeReward_TA__Init_0x1                          - Instance: 0x27A6567D000
Class: ChallengeCurrency_TA                                    - Instance: 0x27A6567CC00
Class: ChallengeReward_TA                                      - Instance: 0x27A6567C800
Class: __ChatFilterManager_TA__HandleLocalPlayerJoin_0x1       - Instance: 0x27A6567C400
Class: ChatFilterManager_TA                                    - Instance: 0x27A6567BC00
Class: __CinematicIntroSequence_TA__GetActionBinding_0x1       - Instance: 0x27A6567B800
Class: CinematicIntroSequence_TA                               - Instance: 0x27A6567B400
Class: __CinematicIntroSequence_TA__SetTrackedBindings_0x1     - Instance: 0x27A6567B000
Class: __ClubPersonas_TA__NotifyPRIClubIDChanged_0x1           - Instance: 0x27A6567AC00
Class: PersonaClubData                                         - Instance: 0x27A6567A800
Class: ClubPersonas_TA                                         - Instance: 0x27A6567A400
Class: __ClubPersonas_TA__QueueRefresh_0x1                     - Instance: 0x27A6567A000
Class: __ClubPersonas_TA__RefreshPersona_0x1                   - Instance: 0x27A65679C00
Class: __CodeRedeemer_TA__HandlePsyNetConnected_0x1            - Instance: 0x27A65679800
Class: CodeRedeemer_TA                                         - Instance: 0x27A65679400
Class: OnlinePlayer_TA                                         - Instance: 0x27A65679000
Class: __CodeRedeemer_TA__RedeemCode_0x1                       - Instance: 0x27A65678C00
Class: RPC_RedeemCode_TA                                       - Instance: 0x27A65678800
Class: __CrowdActorManager_TA__OverrideCrowdActorSounds_0x1    - Instance: 0x27A65678400
Class: CrowdSoundsBase_TA                                      - Instance: 0x27A6566FC00
Class: CrowdActor_TA                                           - Instance: 0x27A6566F800
Class: CrowdActorManager_TA                                    - Instance: 0x27A6566F400
Class: CrowdSoundManagerBase_TA                                - Instance: 0x27A6566F000
Class: CrowdSoundSettingsBase_TA                               - Instance: 0x27A6566EC00
Class: __CrowdActorManager_TA__PlayCrowdSound_0x2              - Instance: 0x27A6566E800
Class: __CrowdActorManager_TA__StopCrowdSound_0x2              - Instance: 0x27A6566E400
Class: __CrumbTrails_TA__GetActiveCrumbs_0x1                   - Instance: 0x27A6566E000
Class: CrumbTrails_TA                                          - Instance: 0x27A6566DC00
Class: __CrumbTrails_TA__HandleTrailComplete_0x1               - Instance: 0x27A6566D800
Class: __CrumbTrails_TA__SetupActivationCondition_0x1          - Instance: 0x27A6566D400
Class: TriggerClump_TA                                         - Instance: 0x27A6566D000
Class: TriggerCondition_TA                                     - Instance: 0x27A6566CC00
Class: __CrumbTrails_TA__SetupCompletionCondition_0x1          - Instance: 0x27A6566C800
Class: __CrumbTrails_TA__SetupTrails_0x1                       - Instance: 0x27A6566C400
Class: __CurrencyProductSet_TA__GetCurrencyIndexFromHashID_0x1 - Instance: 0x27A65667C00
Class: CurrencyProductSet_TA                                   - Instance: 0x27A65667800
Class: __EngagementEventsConfig_TA__GetNextEventTime_0x1       - Instance: 0x27A65667400
Class: EngagementEventsConfig_TA                               - Instance: 0x27A65667000
Class: EOSGameClipsMetrics_TA                                  - Instance: 0x27A65666C00
Class: __EOSGameClipsMetrics_TA__RecordClipInfo_0x1            - Instance: 0x27A65666800
Class: __EOSVoiceManager_TA__ClearRoomCredentialsForPlayer_0x1 - Instance: 0x27A65666400
Class: EOSVoiceManager_TA                                      - Instance: 0x27A65666000
Class: __EOSVoiceManager_TA__GetPlayerPermissionError_0x1      - Instance: 0x27A65665C00
Class: OnlineGame_TA                                           - Instance: 0x27A65665800
Class: __EOSVoiceManager_TA__GetPlayerVoiceRoom_0x1            - Instance: 0x27A65665400
Class: __EOSVoiceManager_TA__GetPlayerVoiceRoomByEpicId_0x1    - Instance: 0x27A65665000
Class: __EOSVoiceManager_TA__GetVoiceRoomByName_0x1            - Instance: 0x27A65664C00
Class: __EOSVoiceManager_TA__HandlePlayerMatchRoomChanged_0x1  - Instance: 0x27A65664800
Class: __EOSVoiceManager_TA__HandleRemotePlayerJoinedVoiceRoom_0x1 - Instance: 0x27A65664400
Class: __EOSVoiceManager_TA__HandleRequestedLinkedAccounts_0x1 - Instance: 0x27A65657C00
Class: __EOSVoiceSettingsSave_TA__GetPreferredInputDevice_0x1  - Instance: 0x27A65657800
Class: EOSVoiceSettingsSave_TA                                 - Instance: 0x27A65657400
Class: __EOSVoiceSettingsSave_TA__GetPreferredOutputDevice_0x1 - Instance: 0x27A65657000
Class: __EOSVoiceTokenCache_TA__ClearPlayerCachedVoiceCredentials_0x1 - Instance: 0x27A65656C00
Class: EOSVoiceTokenCache_TA                                   - Instance: 0x27A65656800
Class: __EOSVoiceTokenCache_TA__RequestVoiceRoomToken_0x1      - Instance: 0x27A65656400
Class: __EpicAccountSave_TA__GetConvertPlatformFriends_0x1     - Instance: 0x27A65656000
Class: EpicAccountSave_TA                                      - Instance: 0x27A65655C00
Class: __EpicAccountSave_TA__GetHasPromptedForFriendConversion_0x1 - Instance: 0x27A65655800
Class: __EpicAccountSave_TA__Reconcile_0x1                     - Instance: 0x27A65655400
Class: __EpicAccountSave_TA__SetConvertPlatformFriends_0x1     - Instance: 0x27A65655000
Class: __EpicFriendsConverterSystem_TA__SetupEpicFriendsConverter_0x1 - Instance: 0x27A65654C00
Class: EpicFriendsConverter_TA                                 - Instance: 0x27A65654800
Class: EpicFriendsConverterSystem_TA                           - Instance: 0x27A65654400
Class: __ESportConfig_TA__DownloadEventImage_0x1               - Instance: 0x27A6564FC00
Class: ESportConfig_TA                                         - Instance: 0x27A6564F800
Class: __ESportConfig_TA__GetNextEventTime_0x1                 - Instance: 0x27A6564F400
Class: __Eula_TA__RequiresAcceptance_0x1                       - Instance: 0x27A6564F000
Class: LegalText_TA                                            - Instance: 0x27A6564E800
Class: Eula_TA                                                 - Instance: 0x27A6564EC00
Class: FirstTimeExperienceManager_TA                           - Instance: 0x27A6564E400
Class: FirstTimeExperienceSave_TA                              - Instance: 0x27A6564E000
Class: FirstTimeExperienceMetrics_TA                           - Instance: 0x27A6564DC00
Class: __FirstTimeExperienceManager_TA__DebugSetCheckpoint_0x1 - Instance: 0x27A6564D800
Class: StatusTrigger_FTEGroupComplete_TA                       - Instance: 0x27A6564D400
Class: __FirstTimeExperienceManager_TA__NotifyWhenGroupComplete_0x1 - Instance: 0x27A6564D000
Class: RPC_Challenge_FTEGroupComplete_TA                       - Instance: 0x27A6564CC00
Class: RPC_Challenge_FTECheckpointComplete_TA                  - Instance: 0x27A6564C800
Class: __FirstTimeExperienceManager_TA__SetupTrigger_0x1       - Instance: 0x27A65643C00
Class: FirstTimeExperienceRedefinition_TA                      - Instance: 0x27A65643800
Class: PlayerLegacyStatusSave_TA                               - Instance: 0x27A65643400
Class: __FirstTimeExperienceSave_TA__GetGroupIndex_0x1         - Instance: 0x27A65643000
Class: __FreeplayCommands_TA__GetDefendShotBreakout_0x1        - Instance: 0x27A65642C00
Class: FreeplayCommands_TA                                     - Instance: 0x27A65642800
Class: __FXActor_Boost_TA__DuplicateAttachment_0x1             - Instance: 0x27A65642400
Class: __FXActor_SafeZone_Knockout_TA__GetActiveSafeZoneIndex_0x1 - Instance: 0x27A65642000
Class: FXActor_SafeZone_Knockout_TA                            - Instance: 0x27A65641C00
Class: __FXActor_TA__ApplyPaint_0x1                            - Instance: 0x27A65641800
Class: __FXActor_TA__ApplyPaintToAttachment_0x1                - Instance: 0x27A65641400
Class: __GameData_TA__GetCurrentMapData_0x1                    - Instance: 0x27A65641000
Class: __GameEvent_KnockOut_TA__AddPRI_0x1                     - Instance: 0x27A65640C00
Class: GameEvent_KnockOut_TA                                   - Instance: 0x27A65640800
Class: __GameEvent_Soccar_TA__AddPRI_0x1                       - Instance: 0x27A65640400
Class: __GameEvent_Soccar_TA__ChallengePlayerToHonorDuel_0x1   - Instance: 0x27A6562FC00
Class: __GameEvent_Soccar_TA__CommitPlayerMatchData_0x1        - Instance: 0x27A6562F800
Class: ClientConnectionTracker_TA                              - Instance: 0x27A6562F400
Class: ConnectionQualitySave_TA                                - Instance: 0x27A6562F000
Class: ConnectionQualityConfig_TA                              - Instance: 0x27A6562EC00
Class: Mutator_TA                                              - Instance: 0x27A6562E800
Class: GameState_TA                                            - Instance: 0x27A6562E400
Class: MatchRecorder_TA                                        - Instance: 0x27A6562E000
Class: ListenServer_TA                                         - Instance: 0x27A6562DC00
Class: MatchAdminComponent_TA                                  - Instance: 0x27A6562D800
Class: SpawnDelayConfig_TA                                     - Instance: 0x27A6562D400
Class: MatchType_TA                                            - Instance: 0x27A6562D000
Class: PhysicsMetrics_TA                                       - Instance: 0x27A6562CC00
Class: OnlineGameDedicatedServer_TA                            - Instance: 0x27A6562C800
Class: GameMetrics_TA                                          - Instance: 0x27A6562C400
Class: SeqEvent_GameEventStateChanged_TA                       - Instance: 0x27A6561BC00
Class: MatchType_Public_TA                                     - Instance: 0x27A6561B400
Class: MatchType_PublicRanked_TA                               - Instance: 0x27A6561B800
Class: MatchType_Custom_TA                                     - Instance: 0x27A6561A800
Class: MatchType_Private_TA                                    - Instance: 0x27A6561AC00
Class: MatchType_OnlineFreeplay_TA                             - Instance: 0x27A6561B000
Class: MatchType_Tournament_TA                                 - Instance: 0x27A6561A400
Class: MatchType_AutoTournament_TA                             - Instance: 0x27A6561A000
Class: MatchType_FaceIt_TA                                     - Instance: 0x27A65619C00
Class: MatchType_Lan_TA                                        - Instance: 0x27A65619800
Class: MatchType_Offline_TA                                    - Instance: 0x27A65619400
Class: RPC_ChatLog_TA                                          - Instance: 0x27A65619000
Class: __GameEvent_TA__HasMutatorNamed_0x1                     - Instance: 0x27A65618C00
Class: __GameEvent_TA__HasMutatorType_0x1                      - Instance: 0x27A65618800
Class: PlayerSpawnTicket_TA                                    - Instance: 0x27A65613800
Class: PlayerRemovedEvent_TA                                   - Instance: 0x27A65613400
Class: GameEventFinishedState_TA                               - Instance: 0x27A65613000
Class: __GameEvent_TA__HasPlayerNamed_0x1                      - Instance: 0x27A65612C00
Class: __GameEvent_TA__GetGeneratedBotName_0x1                 - Instance: 0x27A65612800
Class: __GameEvent_TA__SetBotSkillByTeam_0x1                   - Instance: 0x27A65612400
Class: MatchType_Tutorial_TA                                   - Instance: 0x27A65612000
Class: MatchType_FTE_TA                                        - Instance: 0x27A65611C00
Class: MatchType_Freeplay_TA                                   - Instance: 0x27A65611800
Class: GameInfoBase_TA                                         - Instance: 0x27A65611000
Class: GameInfo_Replay_TA                                      - Instance: 0x27A65611400
Class: GameSettingPlaylist_TA                                  - Instance: 0x27A65610C00
Class: __GameEvent_TA__FindPlayerPRI_0x1                       - Instance: 0x27A65610800
Class: MatchBroadcastComponent_TA                              - Instance: 0x27A65610400
Class: ClubsConfig_TA                                          - Instance: 0x27A655BFC00
Class: Team_Soccar_TA                                          - Instance: 0x27A655BF800
Class: MatchSeries_TA                                          - Instance: 0x27A655BF400
Class: __GameEvent_Soccar_TA__InitClubMatch_0x2                - Instance: 0x27A655BF000
Class: ClubUtil_TA                                             - Instance: 0x27A655BEC00
Class: FunctionTemplates                                       - Instance: 0x27A655BE800
Class: __GameEvent_Soccar_TA__GetClubIDsRecordingCandidates_0x1 - Instance: 0x27A655BE400
Class: OnlineGameSkill_TA                                      - Instance: 0x27A655BE000
Class: StatFactory_TA                                          - Instance: 0x27A655BDC00
Class: ReplayDirector_TA                                       - Instance: 0x27A655BD800
Class: CrowdManager_TA                                         - Instance: 0x27A655BD400
Class: MatchWinner_TA                                          - Instance: 0x27A655BD000
Class: CountdownObject_TA                                      - Instance: 0x27A655BCC00
Class: __GameEvent_Soccar_TA__ReportFps_0x1                    - Instance: 0x27A655BC800
Class: PerfMetrics_TA                                          - Instance: 0x27A655BC400
Class: __GameEvent_Soccar_TA__HandlePlayerSkillUpdated_0x1     - Instance: 0x27A655B3800
Class: __GameEvent_Soccar_TA__FillClubRecordStatsRPC_0x1       - Instance: 0x27A655B3000
Class: RPC_MatchComplete_TA                                    - Instance: 0x27A655B2C00
Class: CarDistanceTracker_TA                                   - Instance: 0x27A655B2800
Class: GameEvent_Soccar_SubRules_TA                            - Instance: 0x27A655B2400
Class: OvertimeComponent_TA                                    - Instance: 0x27A655B2000
Class: SeqEvent_GameTimeChanged_TA                             - Instance: 0x27A655B1C00
Class: RecentPlayersMet_TA                                     - Instance: 0x27A655B1800
Class: SeqEvent_GoalScored_TA                                  - Instance: 0x27A655B1400
Class: SeqEvent_ScoreChanged_TA                                - Instance: 0x27A655B1000
Class: RPC_OnlineFreeplayComplete_TA                           - Instance: 0x27A655B0C00
Class: RPC_PrivateMatchComplete_TA                             - Instance: 0x27A655B0800
Class: GameInfo_TA                                             - Instance: 0x27A6558B800
Class: Mutator_Score_TA                                        - Instance: 0x27A6558BC00
Class: __GameEvent_Soccar_TA__SetGoalsEnabled_0x1              - Instance: 0x27A6558B400
Class: __GameEvent_Soccar_TA__GetShouldStart_0x1               - Instance: 0x27A6558B000
Class: SpawnPointCluster_TA                                    - Instance: 0x27A6558AC00
Class: __GameEvent_Soccar_TA__ShouldAutoReadyUp_0x1            - Instance: 0x27A6558A800
Class: StatCategory_TA                                         - Instance: 0x27A6558A400
Class: SeqEvent_CountDownStart_TA                              - Instance: 0x27A6558A000
Class: ServerPerformanceTracker_TA                             - Instance: 0x27A65589C00
Class: GameEventMatchActive_TA                                 - Instance: 0x27A65589800
Class: SeqEvent_CountDownCompleted_TA                          - Instance: 0x27A65589400
Class: SeqEvent_RoundStart_TA                                  - Instance: 0x27A65589000
Class: ViralItemConfig_TA                                      - Instance: 0x27A65588C00
Class: SeqEvent_LiveReplay_TA                                  - Instance: 0x27A65588800
Class: StatTitle_TA                                            - Instance: 0x27A65588400
Class: SeqEvent_PodiumStart_TA                                 - Instance: 0x27A65563C00
Class: GFxNameplatesManager_TA                                 - Instance: 0x27A65563800
Class: AssetAttribute_PostMatchCelebration_TA                  - Instance: 0x27A65563400
Class: Replay_Soccar_TA                                        - Instance: 0x27A65563000
Class: HUDBase_TA                                              - Instance: 0x27A65562800
Class: GFxHUD_TA                                               - Instance: 0x27A65562C00
Class: GoalIndicator_TA                                        - Instance: 0x27A65562400
Class: __GameEvent_Soccar_TA__GetGoalByTeamIndex_0x1           - Instance: 0x27A65562000
Class: __GameEvent_Soccar_TA__GetClosestVehicle_0x1            - Instance: 0x27A65561C00
Class: EndRoundComponent_TA                                    - Instance: 0x27A65561800
Class: __GameEvent_TrainingEditor_TA__HandlePrimaryGameplaySettingsSave_0x1 - Instance: 0x27A65561400
Class: GameplaySettingsSave_TA                                 - Instance: 0x27A65561000
Class: GameEvent_GameEditor_TA                                 - Instance: 0x27A65560800
Class: GameEvent_TrainingEditor_TA                             - Instance: 0x27A65560C00
Class: __GameEvent_Tutorial_FreePlay_TA__HandleHitGoal_0x1     - Instance: 0x27A65560400
Class: GameEvent_Tutorial_TA                                   - Instance: 0x27A6554B800
Class: GameEvent_Tutorial_FreePlay_TA                          - Instance: 0x27A6554BC00
Class: __GameEventProductAssetCache_TA__HandleCarAssetsLoaded_0x1 - Instance: 0x27A6554B400
Class: PriAssetCache_TA                                        - Instance: 0x27A6554B000
Class: GameEventProductAssetCache_TA                           - Instance: 0x27A6554AC00
Class: __GameEventProductAssetCache_TA__HandlePlayerAdded_0x1  - Instance: 0x27A6554A800
Class: __GameEventProductAssetCache_TA__HandlePlayerRemoved_0x1 - Instance: 0x27A6554A400
Class: __GameInfo_GFxMenu_TA__Destroyed_0x1                    - Instance: 0x27A6554A000
Class: GameInfo_GFxMenu_TA                                     - Instance: 0x27A65549C00
Class: __GameInfo_Soccar_TA__QueueShutdown_0x1                 - Instance: 0x27A65549800
Class: GameInfo_Soccar_TA                                      - Instance: 0x27A65549400
Class: __GameInfo_TA__RegisterCelebration_0x1                  - Instance: 0x27A65549000
Class: __GameInfo_TA__RollCelebrationAnim_0x1                  - Instance: 0x27A65548C00
Class: __GameObserver_TA__GetCarDataForPRI_0x1                 - Instance: 0x27A65548800
Class: NameplateComponent_TA                                   - Instance: 0x27A65548400
Class: __GameShare_TA__NotifyCarPreviewActorAdded_0x1          - Instance: 0x27A6553BC00
Class: __GameTags_TA__ConvertToGameTags_0x1                    - Instance: 0x27A6553B800
Class: __GameViewportClient_TA__AllowTournamentSplitscreen_0x1 - Instance: 0x27A6553B400
Class: __GFxData_AutoTour_TourCard_TA__HandleSubscriptionChanged_0x1 - Instance: 0x27A6553B000
Class: GFxData_AutoTour_TourCard_TA                            - Instance: 0x27A6553AC00
Class: __GFxData_CarRumble_TA__HandlePawnSet_0x1               - Instance: 0x27A6553A800
Class: GFxData_CarRumble_TA                                    - Instance: 0x27A6553A400
Class: __GFxData_ChallengeManager_TA__UpdateRewardsAvailable_0x1 - Instance: 0x27A6553A000
Class: GFxData_ChallengeFolder_TA                              - Instance: 0x27A65539C00
Class: GFxData_ChallengeManager_TA                             - Instance: 0x27A65539800
Class: GFxData_Chat_TA                                         - Instance: 0x27A65539400
Class: __GFxData_Chat_TA__AddChatMessage_0x1                   - Instance: 0x27A65539000
Class: ChatHistory_TA                                          - Instance: 0x27A65538C00
Class: __GFxData_Chat_TA__AddPresetMessage_0x1                 - Instance: 0x27A65538800
Class: __GFxData_Chat_TA__GetChannelHistory_0x1                - Instance: 0x27A65538400
Class: __GFxData_Chat_TA__GetMatchChatLog_0x1                  - Instance: 0x27B6BABBC00
Class: __GFxData_Chat_TA__InternalAddMessage_0x1               - Instance: 0x27B6BABB800
Class: __GFxData_ClubDetails_TA__UpdateClubMembers_0x1         - Instance: 0x27B6BABB400
Class: GFxData_ClubMember_TA                                   - Instance: 0x27B6BABB000
Class: GFxData_ClubDetails_TA                                  - Instance: 0x27B6BABAC00
Class: __GFxData_Clubs_TA__AcceptClubInvite_0x1                - Instance: 0x27B6BABA800
Class: GFxData_Clubs_TA                                        - Instance: 0x27B6BABA400
Class: GFxClubAction_TA                                        - Instance: 0x27B6BABA000
Class: __GFxData_Clubs_TA__CreateClub_0x1                      - Instance: 0x27B6BAB9C00
Class: __GFxData_Clubs_TA__CreateLeaveClubAction_0x1           - Instance: 0x27B6BAB9800
Class: __GFxData_Clubs_TA__EquipClubTitle_0x1                  - Instance: 0x27B6BAB9400
Class: __GFxData_Clubs_TA__HandleAcceptedClubInviteConfirmation_0x1 - Instance: 0x27B6BAB9000
Class: __GFxData_Clubs_TA__HandleGetClubStatsCompleted_0x5     - Instance: 0x27B6BAB8C00
Class: __GFxData_Clubs_TA__HandleRemoveEpicFriend_0x1          - Instance: 0x27B6BAB8800
Class: GFxData_Friends_TA                                      - Instance: 0x27B6BAB8400
Class: __GFxData_Clubs_TA__HandleRemovePlayerFromClub_0x1      - Instance: 0x27B6BAA7C00
Class: __GFxData_Clubs_TA__InviteToClub_0x1                    - Instance: 0x27B6BAA7800
Class: __GFxData_Clubs_TA__OnLeaveClubActionComplete_0x1       - Instance: 0x27B6BAA7400
Class: __GFxData_Clubs_TA__RejectClubInvite_0x1                - Instance: 0x27B6BAA7000
Class: __GFxData_Clubs_TA__RejectClubInviteByClubID_0x1        - Instance: 0x27B6BAA6C00
Class: GFxData_ClubInvite_TA                                   - Instance: 0x27B6BAA6800
Class: __GFxData_Clubs_TA__RemoveFromClub_0x1                  - Instance: 0x27B6BAA6400
Class: __GFxData_Clubs_TA__SetClubOwner_0x1                    - Instance: 0x27B6BAA6000
Class: __GFxData_Clubs_TA__SetNewRole_0x1                      - Instance: 0x27B6BAA5C00
Class: __GFxData_Clubs_TA__SyncClubDetails_0x1                 - Instance: 0x27B6BAA5800
Class: __GFxData_Clubs_TA__UpdateClubColors_0x1                - Instance: 0x27B6BAA5400
Class: __GFxData_Clubs_TA__UpdateClubName_0x1                  - Instance: 0x27B6BAA5000
Class: __GFxData_Clubs_TA__UpdateGFxClubDetails_0x1            - Instance: 0x27B6BAA4C00
Class: __GFxData_Clubs_TA__UpdateLocalClubMembers_0x1          - Instance: 0x27B6BAA4800
Class: __GFxData_Community_TA__HandleBlogChanged_0x1           - Instance: 0x27B6BAA4400
Class: GFxData_Community_TA                                    - Instance: 0x27B6BAA3C00
Class: __GFxData_ContainerDrops_TA__GetMatchingProductSeries_0x1 - Instance: 0x27B6BAA3800
Class: GFxData_ContainerDrops_TA                               - Instance: 0x27B6BAA3400
Class: __GFxData_Controls_TA__ClearBinding_0x1                 - Instance: 0x27B6BAA3000
Class: GFxData_Controls_TA                                     - Instance: 0x27B6BAA2C00
Class: __GFxData_Controls_TA__SetCurrentBinding_0x1            - Instance: 0x27B6BAA2800
Class: __GFxData_DLC_TA__HandleEntitlementsError_0x1           - Instance: 0x27B6BAA2400
Class: GFxData_DLC_TA                                          - Instance: 0x27B6BAA2000
Class: __GFxData_EOSVoiceManager_TA__HandleFriendsListChanged_0x1 - Instance: 0x27B6BAA1C00
Class: GFxData_EOSVoiceRoom_TA                                 - Instance: 0x27B6BAA1800
Class: GFxData_EOSVoiceManager_TA                              - Instance: 0x27B6BAA1400
Class: __GFxData_EOSVoiceManager_TA__HandleUserChatPermissionsChanged_0x1 - Instance: 0x27B6BAA1000
Class: __GFxData_EOSVoiceManager_TA__HandleVoiceChatSettingChanged_0x1 - Instance: 0x27B6BAA0C00
Class: __GFxData_EOSVoiceRoom_TA__CanSendChatNotification_0x1  - Instance: 0x27B6BAA0800
Class: __GFxData_EOSVoiceRoom_TA__GetMemberByEpicId_0x1        - Instance: 0x27B6BAA0400
Class: GFxData_EOSVoiceRoomMember_TA                           - Instance: 0x27B6BA97C00
Class: __GFxData_EOSVoiceRoom_TA__GetMemberByPlayerId_0x1      - Instance: 0x27B6BA97800
Class: __GFxData_EOSVoiceRoom_TA__HandleBlockStatusChanged_0x1 - Instance: 0x27B6BA97400
Class: __GFxData_EpicLogin_TA__RequestAccountAuthorization_0x1 - Instance: 0x27B6BA97000
Class: GFxData_EpicLogin_TA                                    - Instance: 0x27B6BA96C00
Class: __GFxData_ErrorModals_TA__AlertError_0x1                - Instance: 0x27B6BA96800
Class: GFxData_ErrorModals_TA                                  - Instance: 0x27B6BA96400
Class: __GFxData_ErrorModals_TA__RemoveErrorType_0x1           - Instance: 0x27B6BA96000
Class: __GFxData_FaceIt_TA__HandleError_0x1                    - Instance: 0x27B6BA95C00
Class: FaceItErrors_TA                                         - Instance: 0x27B6BA95800
Class: GFxData_FaceIt_TA                                       - Instance: 0x27B6BA95400
Class: GFxShell_TA                                             - Instance: 0x27B6BA95000
Class: __GFxData_Friends_TA__CreateConvertPlatformFriendsPrompt_0x2 - Instance: 0x27B6BA94C00
Class: __GFxData_Friends_TA__CreateEpicFriendAcceptedNotification_0x1 - Instance: 0x27B6BA94800
Class: __GFxData_Friends_TA__CreateEpicFriendInviteNotification_0x1 - Instance: 0x27B6BA94400
Class: FriendRequestNotification_TA                            - Instance: 0x27B6BA93C00
Class: __GFxData_Friends_TA__DeleteFriendGroup_0x1             - Instance: 0x27B6BA93800
Class: __GFxData_Friends_TA__HandleMatchGUIDChanged_0x1        - Instance: 0x27B6BA93400
Class: __GFxData_Friends_TA__HandlePartiesChanged_0x1          - Instance: 0x27B6BA93000
Class: OnlineGameParty_TA                                      - Instance: 0x27B6BA92C00
Class: RecentPlayers_TA                                        - Instance: 0x27B6BA92800
Class: IVanityLoadout_TA                                       - Instance: 0x27B6BA92400
Class: __GFxData_Friends_TA__HandlePlayerAddedToMatch_0x1      - Instance: 0x27B6BA92000
Class: __GFxData_Friends_TA__HandlePlayerBlocked_0x1           - Instance: 0x27B6BA91C00
Class: __GFxData_Friends_TA__IsFriendInParty_0x1               - Instance: 0x27B6BA91800
Class: __GFxData_Friends_TA__UnblockPlayer_0x1                 - Instance: 0x27B6BA91400
Class: __GFxData_Garage_TA__SetPreviewProduct_0x1              - Instance: 0x27B6BA91000
Class: GFxData_Garage_TA                                       - Instance: 0x27B6BA90C00
Class: __GFxData_Leaderboards_TA__PrefetchAvatars_0x1          - Instance: 0x27B6BA90800
Class: GFxData_Leaderboards_TA                                 - Instance: 0x27B6BA90400
Class: __GFxData_LocalPlayer_TA__HandleXPLoaded_0x1            - Instance: 0x27B6BA87C00
Class: ClientXPSave_TA                                         - Instance: 0x27B6BA87800
Class: GFxData_LocalPlayer_TA                                  - Instance: 0x27B6BA87400
Class: __GFxData_MatchHistoryManager_TA__GetMatchHistoryEntryFromMatchGUID_0x1 - Instance: 0x27B6BA87000
Class: GFxData_MatchHistory_TA                                 - Instance: 0x27B6BA86C00
Class: GFxData_MatchHistoryManager_TA                          - Instance: 0x27B6BA86800
Class: __GFxData_MatchHistoryManager_TA__GetMatchHistoryEntryFromReplayURL_0x1 - Instance: 0x27B6BA86400
Class: __GFxData_MenuTree_TA__EnterTreeAtRoot_0x1              - Instance: 0x27B6BA86000
Class: MenuTreeNode_TA                                         - Instance: 0x27B6BA85C00
Class: GFxData_MenuTree_TA                                     - Instance: 0x27B6BA85800
Class: __GFxData_MenuTree_TA__GetFocusedChildNodeIndex_0x2     - Instance: 0x27B6BA85400
Class: PlayMenuSave_TA                                         - Instance: 0x27B6BA85000
Class: __GFxData_MenuTree_TA__GetLastPlaylistFolderTitle_0x1   - Instance: 0x27B6BA84C00
Class: __GFxData_MenuTree_TA__JumpToBranch_0x1                 - Instance: 0x27B6BA84800
Class: __GFxData_MenuTree_TA__JumpToParentBranch_0x1           - Instance: 0x27B6BA84400
Class: __GFxData_MTXGarage_TA__HandleUnlockContainersResponse_0x1 - Instance: 0x27B6BA83C00
Class: GFxData_MTXGarage_TA                                    - Instance: 0x27B6BA83800
Class: __GFxData_MTXGarage_TA__RevealContainerUnlocks_0x1      - Instance: 0x27B6BA83400
Class: ProductsSave_TA                                         - Instance: 0x27B6BA83000
Class: __GFxData_MultiItemDrops_TA__DropItemGroup_0x1          - Instance: 0x27B6BA82C00
Class: GFxData_MultiItemDrops_TA                               - Instance: 0x27B6BA82800
Class: __GFxData_MultiItemDrops_TA__DropRewardGroup_0x1        - Instance: 0x27B6BA82400
Class: CompleteTaskDropGroup_TA                                - Instance: 0x27B6BA82000
Class: __GFxData_MultiItemDrops_TA__GetDropsByType_0x1         - Instance: 0x27B6BA81C00
Class: __GFxData_MultiItemDrops_TA__HandleChallengeRewardCollected_0x1 - Instance: 0x27B6BA81800
Class: __GFxData_MultiItemDrops_TA__HandleGroupSeen_0x1        - Instance: 0x27B6BA81400
Class: __GFxData_MultiItemDrops_TA__HandleNewOnlineItem_0x1    - Instance: 0x27B6BA81000
Class: __GFxData_MultiItemDrops_TA__IsProductInGroup_0x1       - Instance: 0x27B6BA80C00
Class: __GFxData_MusicPlayer_TA__GetTitleTrackBuilder_0x1      - Instance: 0x27B6BA80800
Class: IMusicTracklistBuilder                                  - Instance: 0x27B6BA80400
Class: MusicTrack_TA                                           - Instance: 0x27B6BA77C00
Class: GFxData_MusicPlayer_TA                                  - Instance: 0x27B6BA77800
Class: MusicTracklistFactory_TA                                - Instance: 0x27B6BA77400
Class: __GFxData_MusicPlayer_TA__MergePlaylists_0x1            - Instance: 0x27B6BA77000
Class: MusicPlaylist_TA                                        - Instance: 0x27B6BA76C00
Class: __GFxData_Mutators_TA__GetMutatorsByGroupID_0x1         - Instance: 0x27B6BA76800
Class: __GFxData_Mutators_TA__InitCustomGameSettings_0x1       - Instance: 0x27B6BA76400
Class: __GFxData_Mutators_TA__UpdateNumSelectedMutaors_0x1     - Instance: 0x27B6BA76000
Class: __GFxData_NotificationManager_TA__HandleNotificationHidden_0x1 - Instance: 0x27B6BA75C00
Class: GFxData_NotificationManager_TA                          - Instance: 0x27B6BA75800
Class: __GFxData_NotificationManager_TA__HandleNotificationRemoved_0x1 - Instance: 0x27B6BA75400
Class: __GFxData_NotificationManager_TA__OnNotificationHidden_0x1 - Instance: 0x27B6BA75000
Class: __GFxData_Party_TA__ActivatePartyUp_0x3                 - Instance: 0x27B6BA74C00
Class: StayAsPartyVoter_TA                                     - Instance: 0x27B6BA74800
Class: GFxData_Party_TA                                        - Instance: 0x27B6BA74400
Class: __GFxData_Party_TA__HandleAcceptInviteToTrade_0x1       - Instance: 0x27B6BA73C00
Class: __GFxData_Party_TA__HandleInviteToTrade_0x1             - Instance: 0x27B6BA73800
Class: __GFxData_Party_TA__HandlePartyError_0x1                - Instance: 0x27B6BA73400
Class: __GFxData_Party_TA__InvitePlayerToTrade_0x1             - Instance: 0x27B6BA73000
Class: __GFxData_Party_TA__OnPlayerInvited_0x1                 - Instance: 0x27B6BA72C00
Class: __GFxData_Party_TA__ProcessInvitationResponse_0x1       - Instance: 0x27B6BA72800
Class: __GFxData_Party_TA__SendAllowTradeRPC_0x1               - Instance: 0x27B6BA72400
Class: __GFxData_PartyInvite_TA__HandlePlayerInvitePending_0x1 - Instance: 0x27B6BA72000
Class: PartyInviteNotification_TA                              - Instance: 0x27B6BA71C00
Class: GFxData_PartyInvite_TA                                  - Instance: 0x27B6BA71800
Class: __GFxData_PartyInvite_TA__InviteToPartyInternal_0x1     - Instance: 0x27B6BA71400
Class: __GFxData_PartyInvite_TA__InviteToPartySilent_0x1       - Instance: 0x27B6BA71000
Class: __GFxData_PartyJoinRequest_TA__HandleJoinRequestReceived_0x1 - Instance: 0x27B6BA70C00
Class: GFxData_PartyJoinRequest_TA                             - Instance: 0x27B6BA70800
Class: __GFxData_PartyJoinRequest_TA__HandleNotificationAccepted_0x1 - Instance: 0x27B6BA70400
Class: __GFxData_PlayerAvatarBorderPreview_TA__CreatePlayerAvatarBorderPreview_0x1 - Instance: 0x27B6BA5FC00
Class: GFxData_PlayerAvatarBorderPreview_TA                    - Instance: 0x27B6BA5F800
Class: __GFxData_PlayerAvatarPreview_TA__CreatePlayerAvatarPreview_0x1 - Instance: 0x27B6BA5F400
Class: GFxData_PlayerAvatarPreview_TA                          - Instance: 0x27B6BA5F000
Class: ProductHash_TA                                          - Instance: 0x27B6BA5EC00
Class: __GFxData_PlayerBanners_TA__CreatePlayerBanner_0x1      - Instance: 0x27B6BA5E800
Class: GFxData_PlayerBanners_TA                                - Instance: 0x27B6BA5E400
Class: __GFxData_PlayerBanners_TA__CreatePlayerBannerPreview_0x1 - Instance: 0x27B6BA5E000
Class: __GFxData_Playlist_TA__SetPlayerCount_0x1               - Instance: 0x27B6BA5DC00
Class: GFxData_Playlist_TA                                     - Instance: 0x27B6BA5D800
Class: __GFxData_PossibleTradeIn_TA__GetNumHashInFilteredIDs_0x1 - Instance: 0x27B6BA5D400
Class: GFxData_PossibleTradeIn_TA                              - Instance: 0x27B6BA5D000
Class: __GFxData_PRI_TA__HandleOwnerChanged_0x1                - Instance: 0x27B6BA5CC00
Class: ProfileLoadoutSave_TA                                   - Instance: 0x27B6BA5C800
Class: GFxData_PRI_TA                                          - Instance: 0x27B6BA5C400
Class: __GFxData_ProductFilter_TA__GetProductAttributeFilters_0x1 - Instance: 0x27B6BA57C00
Class: GFxData_ProductFilter_TA                                - Instance: 0x27B6BA57800
Class: __GFxData_ProductFilter_TA__GetProductSortingFilters_0x1 - Instance: 0x27B6BA57400
Class: __GFxData_ProductFilter_TA__InitProductAttributes_0x1   - Instance: 0x27B6BA57000
Class: __GFxData_ProductFilter_TA__SetProhibitedAttributeTypeSelected_0x1 - Instance: 0x27B6BA56C00
Class: __GFxData_ProductFilter_TA__UpdateProductSlotNewItems_0x1 - Instance: 0x27B6BA56800
Class: Loadout_TA                                              - Instance: 0x27B6BA56400
Class: GFxData_Products_TA                                     - Instance: 0x27B6BA56000
Class: __GFxData_Products_TA__HandlePaintedProductLoaded_0x1   - Instance: 0x27B6BA55C00
Class: LoadingProduct_TA                                       - Instance: 0x27B6BA55800
Class: __GFxData_Products_TA__HandleProductThumbnailRendered_0x1 - Instance: 0x27B6BA55400
Class: __GFxData_Products_TA__InstanceAttributes_0x3           - Instance: 0x27B6BA55000
Class: IProductAttributeProvider_TA                            - Instance: 0x27B6BA54C00
Class: GFxData_ProductAttribute_TA                             - Instance: 0x27B6BA54800
Class: __GFxData_Products_TA__IsThumbnailReferenced_0x1        - Instance: 0x27B6BA54400
Class: __GFxData_Products_TA__LoadAdditionalProductReferences_0x1 - Instance: 0x27B6BA53C00
Class: __GFxData_Products_TA__LoadProduct_0x1                  - Instance: 0x27B6BA53800
Class: __GFxData_Products_TA__RenderProductThumbnail_0x1       - Instance: 0x27B6BA53400
Class: __GFxData_Products_TA__SlotContainsNewProducts_0x1      - Instance: 0x27B6BA53000
Class: __GFxData_Products_TA__StartLoadingProduct_0x1          - Instance: 0x27B6BA52C00
Class: __GFxData_Products_TA__UpdateProductData_0x1            - Instance: 0x27B6BA52800
Class: __GFxData_ProductTradeIn_TA__IsTradeInAllowed_0x1       - Instance: 0x27B6BA52400
Class: GFxData_ProductTradeIn_TA                               - Instance: 0x27B6BA52000
Class: __GFxData_ProductTradeIn_TA__UpdateTradeInQuantity_0x1  - Instance: 0x27B6BA51C00
Class: __GFxData_ReplayManager_TA__DownloadReplay_0x1          - Instance: 0x27B6BA51800
Class: GFxData_ReplayManager_TA                                - Instance: 0x27B6BA51400
Class: __GFxData_ReplayManager_TA__HandleDownload_0x1          - Instance: 0x27B6BA51000
Class: __GFxData_ReplayManager_TA__HandleMatchHistoryReplayDownloaded_0x1 - Instance: 0x27B6BA50C00
Class: __GFxData_ReplayManager_TA__SimulateDownloadReplay_0x1  - Instance: 0x27B6BA50800
Class: __GFxData_Settings_TA__CrossplayPartyValidation_0x1     - Instance: 0x27B6BA50400
Class: GFxData_UserSetting_TA                                  - Instance: 0x27B6BA3FC00
Class: GFxData_Settings_TA                                     - Instance: 0x27B6BA3F800
Class: __GFxData_Settings_TA__SetDefaults_0x1                  - Instance: 0x27B6BA3F400
Class: __GFxData_Settings_TA__SetTourScheduleRegion_0x1        - Instance: 0x27B6BA3F000
Class: __GFxData_ShopCatalogue_TA__GetOnlineProductsByCostID_0x1 - Instance: 0x27B6BA3EC00
Class: __GFxData_ShopCatalogue_TA__GetShopItemByCostID_0x1     - Instance: 0x27B6BA3E800
Class: __GFxData_ShopCatalogue_TA__LoadCatalogueInternal_0x1   - Instance: 0x27B6BA3E400
Class: __GFxData_ShopCatalogue_TA__SetOwnedDeliverableProducts_0x3 - Instance: 0x27B6BA3E000
Class: __GFxData_ShopCatalogue_TA__SyncItemImages_0x1          - Instance: 0x27B6BA3DC00
Class: __GFxData_Shops_TA__GetCrateShop_0x1                    - Instance: 0x27B6BA3D800
Class: __GFxData_Shops_TA__HandlePurchaseSuccess_0x1           - Instance: 0x27B6BA3D400
Class: __GFxData_Shops_TA__LoadAllShopCatalogues_0x1           - Instance: 0x27B6BA3D000
Class: __GFxData_Shops_TA__LoadCataloguesByIndex_0x1           - Instance: 0x27B6BA3CC00
Class: __GFxData_Shops_TA__OnPurchase_0x1                      - Instance: 0x27B6BA3C800
Class: __GFxData_SpecialEvents_TA__HandlePurchaseRewardFromStoreSuccess_0x1 - Instance: 0x27B6BA3C400
Class: RPC_SpecialEventBase_TA                                 - Instance: 0x27B6BA37800
Class: RPC_PurchaseSpecialEventReward_TA                       - Instance: 0x27B6BA37C00
Class: GFxData_SpecialEventStore_TA                            - Instance: 0x27B6BA37400
Class: GFxData_SpecialEvents_TA                                - Instance: 0x27B6BA37000
Class: __GFxData_SpecialEvents_TA__PurchaseRewardFromStore_0x1 - Instance: 0x27B6BA36C00
Class: Wallet_TA                                               - Instance: 0x27B6BA36800
Class: __GFxData_StartMenu_TA__HandleSyncOnlinePlayerStorageStarted_0x2 - Instance: 0x27B6BA36400
Class: OnlineStorageSyncManager_TA                             - Instance: 0x27B6BA36000
Class: GFxData_StartMenu_TA                                    - Instance: 0x27B6BA35C00
Class: __GFxData_Stats_TA__SetupStatData_0x1                   - Instance: 0x27B6BA35800
Class: GFxData_Stats_TA                                        - Instance: 0x27B6BA35400
Class: __GFxData_System_TA__OnShellSet_0x1                     - Instance: 0x27B6BA35000
Class: GFxData_System_TA                                       - Instance: 0x27B6BA34C00
Class: __GFxData_TextModerationManager_TA__GetTextChatChannel_0x1 - Instance: 0x27B6BA34800
Class: GFxData_TextChatChannel_TA                              - Instance: 0x27B6BA34400
Class: GFxData_TextModerationManager_TA                        - Instance: 0x27B6BA2FC00
Class: __GFxData_TextModerationManager_TA__HandleMessageReceived_0x1 - Instance: 0x27B6BA2F800
Class: __GFxData_TourBracket_TA__InitTeams_0x1                 - Instance: 0x27B6BA2F400
Class: GFxData_TourBracketTeam_TA                              - Instance: 0x27B6BA2F000
Class: GFxData_TourBracket_TA                                  - Instance: 0x27B6BA2EC00
Class: __GFxData_TourBracketMatchDetails_TA__HandleGetMatchDetails_0x1 - Instance: 0x27B6BA2E800
Class: GFxData_TourBracketMatchTeamDetails_TA                  - Instance: 0x27B6BA2E400
Class: GFxData_TourBracketMatchDetails_TA                      - Instance: 0x27B6BA2E000
Class: __GFxData_TourCheckIn_TA__HandleCheckInError_0x1        - Instance: 0x27B6BA2DC00
Class: GFxData_TourCheckIn_TA                                  - Instance: 0x27B6BA2D800
Class: OnlineGameTournaments_TA                                - Instance: 0x27B6BA2D400
Class: TourSubscriptions_TA                                    - Instance: 0x27B6BA2D000
Class: __GFxData_TourCheckIn_TA__PerformCheckIn_0x1            - Instance: 0x27B6BA2CC00
Class: __GFxData_TourCheckIn_TA__Register_0x1                  - Instance: 0x27B6BA2C800
Class: TourCheckInError_TA                                     - Instance: 0x27B6BA2C400
Class: __GFxData_TourCreate_TA__CreateTournament_0x1           - Instance: 0x27B6BA2BC00
Class: GFxData_OnlineMatch_TA                                  - Instance: 0x27B6BA2B000
Class: GFxData_PrivateMatch_TA                                 - Instance: 0x27B6BA2B400
Class: GFxData_TourCreate_TA                                   - Instance: 0x27B6BA2B800
Class: __GFxData_TourCreate_TA__GetDefaultDisabledMaps_0x3     - Instance: 0x27B6BA2AC00
Class: __GFxData_TourDependentMatch_TA__UpdateDependentMatch_0x1 - Instance: 0x27B6BA2A800
Class: GFxData_TourBracketMatch_TA                             - Instance: 0x27B6BA2A000
Class: GFxData_TourDependentMatch_TA                           - Instance: 0x27B6BA2A400
Class: __GFxData_TourEvent_TA__HandleBracketRetrieved_0x1      - Instance: 0x27B6BA29C00
Class: GFxData_TourEvent_TA                                    - Instance: 0x27B6BA29800
Class: __GFxData_TourPlatforms_TA__InitPlatformGroups_0x1      - Instance: 0x27B6BA29400
Class: GFxData_TourPlatforms_TA                                - Instance: 0x27B6BA29000
Class: __GFxData_TourRegistration_TA__Register_0x2             - Instance: 0x27B6BA28C00
Class: GFxData_TourRegistration_TA                             - Instance: 0x27B6BA28800
Class: __GFxData_TourSearch_TA__FindPrivate_0x1                - Instance: 0x27B6BA28400
Class: RPC_TourFindPrivate_TA                                  - Instance: 0x27B6BA1FC00
Class: GFxData_TourSearch_TA                                   - Instance: 0x27B6BA1F800
Class: __GFxData_TourSubscriptions_TA__Unsubscribe_0x2         - Instance: 0x27B6BA1F400
Class: GFxData_TourSubscriptions_TA                            - Instance: 0x27B6BA1F000
Class: TourErrors_TA                                           - Instance: 0x27B6BA1EC00
Class: __GFxData_TradeInFilter_TA__GetPossibleTradeInData_0x1  - Instance: 0x27B6BA1E800
Class: GFxData_TradeInFilter_TA                                - Instance: 0x27B6BA1E400
Class: __GFxData_TradeInFilter_TA__UpdatePossibleTradeInQuantities_0x1 - Instance: 0x27B6BA1E000
Class: __GFxData_Training_TA__HandlePrimaryGameplaySettingsSave_0x1 - Instance: 0x27B6BA1DC00
Class: GFxData_Training_TA                                     - Instance: 0x27B6BA1D800
Class: __GFxData_Training_TA__SetTrainingEditorGameEvent_0x2   - Instance: 0x27B6BA1D400
Class: TrainingEditorNavigation_TA                             - Instance: 0x27B6BA1D000
Class: __GFxData_Wallet_TA__GetCurrencyRow_0x1                 - Instance: 0x27B6BA1CC00
Class: GFxData_WalletCurrency_TA                               - Instance: 0x27B6BA1C800
Class: GFxData_Wallet_TA                                       - Instance: 0x27B6BA1C400
Class: __GFxEngine_TA__InitOnlineSub_0x1                       - Instance: 0x27B6BA17C00
Class: __GFxHUD_TA__GetVoteBySubject_0x1                       - Instance: 0x27B6BA17800
Class: __GFxHUD_TA__HandlePlayerAdded_0x1                      - Instance: 0x27B6BA17400
Class: __GFxHUD_TA__HandlePlayerNameChanged_0x1                - Instance: 0x27B6BA17000
Class: __GFxHUD_TA__HandleVoteFinished_0x1                     - Instance: 0x27B6BA16C00
Class: __GFxModal_Processing_TA__CreateAndBind_0x1             - Instance: 0x27B6BA16800
Class: GFxModal_Processing_TA                                  - Instance: 0x27B6BA16400
Class: __GFxModal_Processing_TA__CreateAndBindNoCancel_0x1     - Instance: 0x27B6BA16000
Class: __GFxNameplatesManager_TA__HandleCameraStateChanged_0x1 - Instance: 0x27B6BA15C00
Class: GFxData_Nameplate_TA                                    - Instance: 0x27B6BA15800
Class: __GFxProductAttributeMap_TA__MapAttribute_0x1           - Instance: 0x27B6BA15400
Class: GFxProductAttributeMap_TA                               - Instance: 0x27B6BA15000
Class: __GFxShell_TA__SetInputActionEnabled_0x1                - Instance: 0x27B6BA14C00
Class: __GFxShell_TA__ShowRankedReconnectModal_0x1             - Instance: 0x27B6BA14800
Class: __GFxTourList_TA__HandleTournamentsChanged_0x1          - Instance: 0x27B6BA14400
Class: TourList_TA                                             - Instance: 0x27B6BA13C00
Class: GFxData_TourSubscription_TA                             - Instance: 0x27B6BA13800
Class: GFxTourList_TA                                          - Instance: 0x27B6BA13400
Class: __InMapDragonManager_TA__IsGoalFirstByTeam_0x1          - Instance: 0x27B6BA13000
Class: InMapDragonManager_TA                                   - Instance: 0x27B6BA12C00
Class: __InMapDragonManager_TA__PlayAnimOnAll_0x1              - Instance: 0x27B6BA12800
Class: __InMapDragonManager_TA__SetAllHidden_0x1               - Instance: 0x27B6BA12400
Class: __InMapDragonManager_TA__UnregisterDragon_0x1           - Instance: 0x27B6BA12000
Class: __Loadout_TA__ApplyCompatibleAttributeProducts_0x1      - Instance: 0x27B6BA11C00
Class: __Loadout_TA__ValidateForcedProducts_0x1                - Instance: 0x27B6BA11800
Class: LoadoutValidation_TA                                    - Instance: 0x27B6BA11400
Class: __LoadoutValidation_TA__CorrectDLCOwnership_0x1         - Instance: 0x27B6BA11000
Class: __MapsConfig_TA__AdjustClientMapSet_0x1                 - Instance: 0x27B6BA10C00
Class: MapsConfig_TA                                           - Instance: 0x27B6BA10800
Class: __MapsConfig_TA__GetMapFrequencyForSet_0x1              - Instance: 0x27B6BA10400
Class: __MapsConfig_TA__GetMapSetByName_0x1                    - Instance: 0x27B6B9FFC00
Class: __MapSet_TA__GetMap_0x1                                 - Instance: 0x27B6B9FF800
Class: __MatchmakingViewFilter_MenuTree_TA__GetAccessiblePlaylists_0x1 - Instance: 0x27B6B9FF400
Class: MatchmakingViewFilter_MenuTree_TA                       - Instance: 0x27B6B9FF000
Class: __MatchSeries_TA__GetSeriesWinnerFromData_0x1           - Instance: 0x27B6B9FEC00
Class: __MatchType_Public_TA__CanSkipPreMatchLobby_0x1         - Instance: 0x27B6B9FE800
Class: __MatchType_Tournament_TA__CanSkipPreMatchLobby_0x2     - Instance: 0x27B6B9FE400
Class: __MenuSequencer_TA__GetSequence_0x1                     - Instance: 0x27B6B9FE000
Class: MenuSequence_TA                                         - Instance: 0x27B6B9FDC00
Class: MenuSequencer_TA                                        - Instance: 0x27B6B9FD800
Class: __MenuTreeBranch_TA__OnChildNodeClicked_0x1             - Instance: 0x27B6B9FD400
Class: MenuTreeBranch_TA                                       - Instance: 0x27B6B9FD000
Class: __MenuTreeBuilder_TA__BuildTree_0x1                     - Instance: 0x27B6B9FCC00
Class: MenuTreeBuilder_TA                                      - Instance: 0x27B6B9FC800
Class: RPC_GetActivePlaylists_TA                               - Instance: 0x27B6B9FC400
Class: __MenuTreePlaylistManager_TA__HandlePlaylistRPCComplete_0x1 - Instance: 0x27B6B9F7C00
Class: MenuTreeNode_Playlist_TA                                - Instance: 0x27B6B9F7800
Class: MenuTreePlaylistManager_TA                              - Instance: 0x27B6B9F7400
Class: __MtxConfig_TA__CreateModalForError_0x1                 - Instance: 0x27B6B9F7000
Class: __MTXGarageCatalogCache_TA__CatalogResponseCoreLogic_0x3 - Instance: 0x27B6B9F6C00
Class: MTXGarageCatalogCache_TA                                - Instance: 0x27B6B9F6800
Class: __Mutator_Freeplay_Base_TA__HandleTeams_0x1             - Instance: 0x27B6B9F6400
Class: Mutator_Freeplay_Base_TA                                - Instance: 0x27B6B9F6000
Class: __Mutator_Freeplay_TA__HandlePrimaryGameplaySettingsSave_0x1 - Instance: 0x27B6B9F5C00
Class: Mutator_Freeplay_TA                                     - Instance: 0x27B6B9F5800
Class: __Mutator_Freeplay_TA__MutateObject_0x1                 - Instance: 0x27B6B9F5400
Class: __Mutator_Robin_TA__Construct_0x1                       - Instance: 0x27B6B9F5000
Class: Mutator_Robin_TA                                        - Instance: 0x27B6B9F4C00
Class: __OnlineDLCProductCache_TA__GetOldGeneratedOnlineProduct_0x1 - Instance: 0x27B6B9F4800
Class: OnlineDLCProductCache_TA                                - Instance: 0x27B6B9F4400
Class: __OnlineGameDedicatedServer_TA__GetNextRandomMapName_0x1 - Instance: 0x27B6B9EFC00
Class: __OnlineGameDedicatedServer_TA__HandleVoiceTokenCacheError_0x1 - Instance: 0x27B6B9EF800
Class: __OnlineGameDedicatedServer_TA__HandleVoiceTokenCacheResponse_0x1 - Instance: 0x27B6B9EF400
Class: __OnlineGameDedicatedServer_TA__InitFlatbufferUpload_0x1 - Instance: 0x27B6B9EF000
Class: RPC_GetUploadUrls_TA                                    - Instance: 0x27B6B9EEC00
Class: __OnlineGameDedicatedServer_TA__InitMatchLogUpload_0x1  - Instance: 0x27B6B9EE800
Class: __OnlineGameDedicatedServer_TA__InitReplayUpload_0x1    - Instance: 0x27B6B9EE400
Class: __OnlineGameDLC_TA__GetDlcIdFromName_0x1                - Instance: 0x27B6B9EE000
Class: OnlineGameDLC_TA                                        - Instance: 0x27B6B9EDC00
Class: __OnlineGameParty_TA__AddPlayerPartyServiceLobbyMessage_0x1 - Instance: 0x27B6B9ED800
Class: __OnlineGameParty_TA__GetPartyMessageError_0x3          - Instance: 0x27B6B9ED400
Class: __OnlineGameParty_TA__GetProfileProducts_0x1            - Instance: 0x27B6B9ED000
Class: __OnlineGameParty_TA__HandleCrossplayEnabledChanged_0x1 - Instance: 0x27B6B9ECC00
Class: AccountSettingsComponent_TA                             - Instance: 0x27B6B9EC800
Class: __OnlineGameParty_TA__HandleGameplaySettingsChanged_0x1 - Instance: 0x27B6B9EC400
Class: __OnlineGameParty_TA__HandleProfileSet_0x2              - Instance: 0x27B6B9EBC00
Class: __OnlineGameParty_TA__HandleTradingEnabledChanged_0x1   - Instance: 0x27B6B9EB800
Class: __OnlineGameParty_TA__HandleVoiceSettingsChanged_0x1    - Instance: 0x27B6B9EB400
Class: __OnlineGameParty_TA__IsPrimaryMemberForPlayer_0x1      - Instance: 0x27B6B9EB000
Class: __OnlineGameParty_TA__IsProductValidAfterVerify_0x1     - Instance: 0x27B6B9EAC00
Class: __OnlineGameParty_TA__RestoreArchivedAndFavoritedPendingProductOffers_0x1 - Instance: 0x27B6B9EA800
Class: ProductsHashSave_TA                                     - Instance: 0x27B6B9EA000
Class: ProductsArchiveSave_TA                                  - Instance: 0x27B6B9EA400
Class: ProductsFavoriteSave_TA                                 - Instance: 0x27B6B9E9C00
Class: __OnlineGameParty_TA__SendTradeToBackEnd_0x1            - Instance: 0x27B6B9E9800
Class: __OnlineGameTourServer_TA__AllPlayersInGame_0x2         - Instance: 0x27B6B9E9400
Class: OnlineGameTourServer_TA                                 - Instance: 0x27B6B9E9000
Class: __OnlineGameTourServer_TA__FilterMapData_0x1            - Instance: 0x27B6B9E8C00
Class: __OnlineGameTourServer_TA__GetTeamScore_0x1             - Instance: 0x27B6B9E8800
Class: __OnlineGameTourServer_TA__IsBotOnlyTeam_0x1            - Instance: 0x27B6B9E8400
Class: OnlinePlayerFriends_TA                                  - Instance: 0x27B6B9DFC00
Class: __OnlinePlayerFriends_TA__DownloadRecentPlayerDetails_0x1 - Instance: 0x27B6B9DF800
Class: RPC_GetPersonaInfo_TA                                   - Instance: 0x27B6B9DF400
Class: __OnlinePlayerMTX_TA__HandleClaimSuccess_0x1            - Instance: 0x27B6B9DF000
Class: RPC_MicroTransactions_ClaimEntitlements_TA              - Instance: 0x27B6B9DEC00
Class: OnlinePlayerMTX_TA                                      - Instance: 0x27B6B9DE800
Class: __OnlineProduct_TA__RemoveAttributes_0x1                - Instance: 0x27B6B9DE400
Class: __OnlineProduct_TA__SortOnlineProductsByQuality_0x1     - Instance: 0x27B6B9DE000
Class: __OnlineProductExpirationHelper_TA__HandleNotificationSaveAdded_0x1 - Instance: 0x27B6B9DDC00
Class: ProductExpirationNotification_TA                        - Instance: 0x27B6B9DD800
Class: OnlineProductExpirationHelper_TA                        - Instance: 0x27B6B9DD400
Class: __OnlineProductStore_TA__FindProductsFromHash_0x1       - Instance: 0x27B6B9DD000
Class: OnlineProductStoreSet_TA                                - Instance: 0x27B6B9DCC00
Class: __OnlineSessionManager_TA__GetRemoteSessionPlayerIds_0x2 - Instance: 0x27B6B9DC800
Class: __OnlineStorageSyncManager_TA__SyncCloudData_0x1        - Instance: 0x27B6B9DC400
Class: __OutOfWorldVolume_TA__Touch_0x1                        - Instance: 0x27B6B9D7C00
Class: OutOfWorldVolume_TA                                     - Instance: 0x27B6B9D7800
Class: __OutOfWorldVolume_TA__UnTouch_0x1                      - Instance: 0x27B6B9D7400
Class: __PerfStatGraph_TA__UpdateGraphRanges_0x1               - Instance: 0x27B6B9D7000
Class: __Personas_TA__GetOrCreateAndLink_0x1                   - Instance: 0x27B6B9D6C00
Class: __PhysicsMetrics_TA__AddCorrection_0x1                  - Instance: 0x27B6B9D6800
Class: __PlatformMetrics_TA__DispatchAndRemove_0x1             - Instance: 0x27B6B9D6400
Class: PlatformMetrics_TA                                      - Instance: 0x27B6B9D6000
Class: __PlatformMetrics_TA__SetType_0x1                       - Instance: 0x27B6B9D5C00
Class: __PlayerController_TA__ClientNotifyChallengedToHonorDuel_0x1 - Instance: 0x27B6B9D5800
Class: __PlayerController_TA__ClientNotifyHonorDuelWithPlayers_0x1 - Instance: 0x27B6B9D5400
Class: __PlayerController_TA__HandleProfileGamepadSave_0x1     - Instance: 0x27B6B9D5000
Class: ProfileGamepadSave_TA                                   - Instance: 0x27B6B9D4C00
Class: __PlayerController_TA__InitNetworkSave_0x1              - Instance: 0x27B6B9D4800
Class: NetworkSave_TA                                          - Instance: 0x27B6B9D4400
Class: __PlayerControllerBase_TA__InitFromProfile_0x1          - Instance: 0x27B6B9CFC00
Class: __PlayerControllerBase_TA__Say_TA_0x3                   - Instance: 0x27B6B9CF800
Class: __PlayerInput_TA__RemoveBindingsForKey_0x1              - Instance: 0x27B6B9CF400
Class: PlayerInput_TA                                          - Instance: 0x27B6B9CF000
Class: __PlayerSpawnSystem_TA__CreateSpawnTicket_0x1           - Instance: 0x27B6B9CEC00
Class: PlayerSpawnSystem_TA                                    - Instance: 0x27B6B9CE800
Class: __PlayerVanity_TA__EquipProduct_0x1                     - Instance: 0x27B6B9CE400
Class: __PlaylistSkillDataSave_TA__Reconcile_0x1               - Instance: 0x27B6B9CE000
Class: PlaylistSkillDataSave_TA                                - Instance: 0x27B6B9CDC00
Class: __PrivacyPolicySave_TA__FindPolicyIndex_0x1             - Instance: 0x27B6B9CD800
Class: PrivacyPolicySave_TA                                    - Instance: 0x27B6B9CD400
Class: __ProductAsset_Attachment_TA__ModifyThumbnailScene_0x1  - Instance: 0x27B6B9CD000
Class: __ProductAsset_Skin_TA__AttemptApplyChassisOverride_0x1 - Instance: 0x27B6B9CCC00
Class: ProductOverride_SpecificMaterials_TA                    - Instance: 0x27B6B9CC800
Class: __ProductAsset_Skin_TA__GetSkinBodySettings_0x1         - Instance: 0x27B6B9CC400
Class: __ProductAsset_Skin_TA__GetSkinParameters_0x1           - Instance: 0x27B6B9C7C00
Class: __ProductAttribute_MapProductAssetOverride_TA__ShouldUseDefaultProductasset_0x1 - Instance: 0x27B6B9C7800
Class: ProductAttribute_MapProductAssetOverride_TA             - Instance: 0x27B6B9C7400
Class: __ProductAttribute_ModifyTransformationPerBody_TA__ApplyToObject_0x1 - Instance: 0x27B6B9C7000
Class: ProductAttribute_ModifyTransformationPerBody_TA         - Instance: 0x27B6B9C6C00
Class: __ProductAttribute_Painted_TA__ApplyPaintOverridesToObject_0x1 - Instance: 0x27B6B9C6800
Class: __ProductAttribute_Painted_TA__ApplyToSetParameter_0x2  - Instance: 0x27B6B9C6400
Class: __ProductAttribute_UnlockForcedProducts_TA__ContainsSlotToUnlock_0x1 - Instance: 0x27B6B9C6000
Class: __ProductLoader_TA__GetAssetByID_0x1                    - Instance: 0x27B6B9C5C00
Class: __ProductLoader_TA__GetAssetBySlot_0x1                  - Instance: 0x27B6B9C5800
Class: __ProductOverride_MaterialParameter_TA__ForceApplyOverrideToMIC_0x1 - Instance: 0x27B6B9C5400
Class: __ProductOverride_ParticleSystemColorParameter_TA__ApplyToObject_0x1 - Instance: 0x27B6B9C5000
Class: ProductOverride_ParticleSystemColorParameter_TA         - Instance: 0x27B6B9C4C00
Class: __ProductOverride_TA__ApplyOverrides_0x1                - Instance: 0x27B6B9C4800
Class: __ProductsHashSave_TA__UpdateInstanceIDs_0x2            - Instance: 0x27B6B9C4400
Class: __ProductTransactions_TA__GetEquippedProducts_0x2       - Instance: 0x27B6B9C3C00
Class: ProductTransactions_TA                                  - Instance: 0x27B6B9C3800
Class: __ProductTransactions_TA__GetUnequippedProducts_0x2     - Instance: 0x27B6B9C3400
Class: __Profile_TA__ValidateLoadoutsWithProduct_0x1           - Instance: 0x27B6B9C3000
Class: LoadoutSet_TA                                           - Instance: 0x27B6B9C2C00
Class: __RecentPlayers_TA__AddMatchMate_0x1                    - Instance: 0x27B6B9C2800
Class: __RecentPlayers_TA__AddPlayerInternal_0x1               - Instance: 0x27B6B9C2400
Class: __RecentPlayers_TA__FilterFriends_0x1                   - Instance: 0x27B6B9C2000
Class: __RecentPlayersMet_TA__RecordRecentPlayers_0x2          - Instance: 0x27B6B9C1C00
Class: __ReplayManager_TA__PlayReplayFile_0x1                  - Instance: 0x27B6B9C1800
Class: __RocketPass_TA__SetRewardAsClaimed_0x1                 - Instance: 0x27B6B9C1400
Class: RocketPass_TA                                           - Instance: 0x27B6B9C1000
Class: RocketPassNotificationsManager_TA                       - Instance: 0x27B6B9C0C00
Class: GFxData_RocketPass_TA                                   - Instance: 0x27B6B9C0800
Class: RocketPassNotification_TA                               - Instance: 0x27B6B9C0400
Class: PlayerController_Menu_TA                                - Instance: 0x27B6B9B3C00
Class: GFxData_MenuStack_TA                                    - Instance: 0x27B6B9B3800
Class: __RocketPassNotificationsManager_TA__HandleAssetLoaded_0x1 - Instance: 0x27B6B9B3400
Class: __RocketPassNotificationsManager_TA__LoadProductNotification_0x1 - Instance: 0x27B6B9B3000
Class: __RPC_GetTradeInFilters_TA__OnSuccess_0x1               - Instance: 0x27B6B9B2C00
Class: RPC_GetTradeInFilters_TA                                - Instance: 0x27B6B9B2800
Class: __RTSphere_TA__OnRender_0x1                             - Instance: 0x27B6B9B2400
Class: RTObjectBase_TA                                         - Instance: 0x27B6B9B1C00
Class: RTSphere_TA                                             - Instance: 0x27B6B9B2000
Class: __SaveData_TA__FilterEquippedOnlineProducts_0x1         - Instance: 0x27B6B9B1800
Class: __SaveData_TA__HandleOnlineProductsReceived_0x1         - Instance: 0x27B6B9B1400
Class: __SaveData_TA__ValidateLoadoutsWithProduct_0x1          - Instance: 0x27B6B9B1000
Class: __SeqAct_SetLoadout_TA__ApplyNewChangesToProductAssets_0x1 - Instance: 0x27B6B9B0C00
Class: __SFXConfig_TA__CanPlaySound_0x1                        - Instance: 0x27B6B9B0800
Class: SFXConfig_TA                                            - Instance: 0x27B6B9B0400
Class: ShopAdsConfig_TA                                        - Instance: 0x27B6B9ABC00
Class: __ShopAdsConfig_TA__Apply_0x1                           - Instance: 0x27B6B9AB800
Class: ShopCatalogueCacheSave_TA                               - Instance: 0x27B6B9AB400
Class: __ShopCatalogueCacheSave_TA__HasNewContent_0x1          - Instance: 0x27B6B9AB000
Class: NotificationSave_TA                                     - Instance: 0x27B6B9AAC00
Class: ItemShopNotificationsConfig_TA                          - Instance: 0x27B6B9AA800
Class: ShopsManager_TA                                         - Instance: 0x27B6B9AA400
Class: ItemShopNotification_TA                                 - Instance: 0x27B6B9AA000
Class: __ShopNotificationsManager_TA__LoadNotificationIcon_0x1 - Instance: 0x27B6B9A9C00
Class: __ShopNotificationsManager_TA__HandleAssetLoaded_0x1    - Instance: 0x27B6B9A9800
Class: ShopMetrics_TA                                          - Instance: 0x27B6B9A9400
Class: ShopsService_TA                                         - Instance: 0x27B6B9A9000
Class: __ShopsManager_TA__Purchase_0x1                         - Instance: 0x27B6B9A8C00
Class: __ShopsService_PsyNet_TA__GetAllShops_0x1               - Instance: 0x27B6B9A8800
Class: RPC_GetAllShops_TA                                      - Instance: 0x27B6B9A8400
Class: ShopsService_PsyNet_TA                                  - Instance: 0x27B6B987C00
Class: __ShopsService_PsyNet_TA__GetCrateShop_0x1              - Instance: 0x27B6B987800
Class: RPC_GetCrateShop_TA                                     - Instance: 0x27B6B987400
Class: __ShopsService_PsyNet_TA__GetItemShopNotifications_0x1  - Instance: 0x27B6B987000
Class: RPC_GetItemShopNotifications_TA                         - Instance: 0x27B6B986C00
Class: __ShopsService_PsyNet_TA__GetShopCatalogue_0x1          - Instance: 0x27B6B986800
Class: RPC_GetShopCatalogue_TA                                 - Instance: 0x27B6B986400
Class: __ShopsService_PsyNet_TA__GetShopCatalogues_0x1         - Instance: 0x27B6B986000
Class: __ShopsService_PsyNet_TA__Purchase_0x1                  - Instance: 0x27B6B985C00
Class: RPC_PurchaseItemFromShop_TA                             - Instance: 0x27B6B985800
Class: __SpecialEventConfig_TA__SyncImageForIndex_0x1          - Instance: 0x27B6B985400
Class: SpecialEventConfig_TA                                   - Instance: 0x27B6B985000
Class: __StatFactory_TA__OnGoalScored_0x1                      - Instance: 0x27B6B984C00
Class: __StatusObserver_Products_TA__UpdateTriggersBySlot_0x1  - Instance: 0x27B6B984800
Class: StatusTrigger_Product_TA                                - Instance: 0x27B6B984400
Class: StatusObserver_Products_TA                              - Instance: 0x27B6B97FC00
Class: __StatusTriggerManager_TA__AddTriggerCondition_0x1      - Instance: 0x27B6B97F800
Class: StatusTriggerManager_TA                                 - Instance: 0x27B6B97F400
Class: __StatusTriggerManager_TA__Init_0x2                     - Instance: 0x27B6B97F000
Class: __StatusTriggerManager_TA__RegisterTriggers_0x1         - Instance: 0x27B6B97EC00
Class: __StatusTriggerManager_TA__RemoveTriggers_0x1           - Instance: 0x27B6B97E800
Class: __StayAsPartySystem_TA__CreateVoteStartEvent_0x1        - Instance: 0x27B6B97E400
Class: ServerStartVoteEvent_TA                                 - Instance: 0x27B6B97E000
Class: StayAsPartySystem_TA                                    - Instance: 0x27B6B97DC00
Class: __StayAsPartySystem_TA__FindHumanTeammatesOfID_0x1      - Instance: 0x27B6B97D800
Class: __StayAsPartySystem_TA__GFxLeaderActive_0x1             - Instance: 0x27B6B97D400
Class: __StayAsPartySystem_TA__GFxPlayerJoinedParty_0x1        - Instance: 0x27B6B97D000
Class: PartyLeaderChangedEvent_TA                              - Instance: 0x27B6B97CC00
Class: __StayAsPartySystem_TA__HandlePartyChanged_0x1          - Instance: 0x27B6B97C800
Class: __StayAsPartySystem_TA__IsOneParty_0x1                  - Instance: 0x27B6B97C400
Class: __StayAsPartySystem_TA__MergeEventConfirmFollower_0x1   - Instance: 0x27B6B977C00
Class: MergePartyEvent_TA                                      - Instance: 0x27B6B977800
Class: __StayAsPartySystem_TA__ProcessVote_0x2                 - Instance: 0x27B6B977400
Class: __StayAsPartySystem_TA__SetVoteActive_0x1               - Instance: 0x27B6B977000
Class: __StayAsPartyVote_TA__AddFollowerToLeader_0x1           - Instance: 0x27B6B976C00
Class: StayAsPartyVote_TA                                      - Instance: 0x27B6B976800
Class: __StayAsPartyVote_TA__RemoveFollower_0x1                - Instance: 0x27B6B976400
Class: __TAsyncResult__PrivilegeCheck_X__Copy_0x1              - Instance: 0x27B6B976000
Class: TAsyncResult__PrivilegeCheck_X                          - Instance: 0x27B6B975C00
Class: __TAsyncResult__PrivilegeCheck_X__NotifyOnResult_0x1    - Instance: 0x27B6B975800
Class: __TAsyncResult__PrivilegeCheck_X__NotifyOnResultComplete_0x1 - Instance: 0x27B6B975400
Class: __TAsyncResult__PrivilegeCheck_X__SetResultWhen_0x1     - Instance: 0x27B6B975000
Class: __TAsyncResult__UserBugReportUploadResult_TA__Copy_0x1  - Instance: 0x27B6B974C00
Class: TAsyncResult__UserBugReportUploadResult_TA              - Instance: 0x27B6B974800
Class: UserBugReportUploadResult_TA                            - Instance: 0x27B6B974400
Class: __TAsyncResult__UserBugReportUploadResult_TA__NotifyOnResult_0x1 - Instance: 0x27B6B96FC00
Class: __TAsyncResult__UserBugReportUploadResult_TA__NotifyOnResultComplete_0x1 - Instance: 0x27B6B96F800
Class: __TAsyncResult__UserBugReportUploadResult_TA__SetResultWhen_0x1 - Instance: 0x27B6B96F400
Class: __Team_TA__GetPartyFollowerIds_0x1                      - Instance: 0x27B6B96F000
Class: __Team_TA__OnPlayerMarkedAsIdleBanned_0x1               - Instance: 0x27B6B96EC00
Class: __TeamDemoAudioComponent_TA__HandlePreparingDemoFX_0x1  - Instance: 0x27B6B96E800
Class: TeamDemoAudioComponent_TA                               - Instance: 0x27B6B96E400
Class: __TextChatActor_TA__GetOrCreateStagedMessage_0x1        - Instance: 0x27B6B96E000
Class: StagedMessageData                                       - Instance: 0x27B6B96DC00
Class: TextChatActor_TA                                        - Instance: 0x27B6B96D800
Class: __TextChatActor_TA__SendSignedMessage_0x1               - Instance: 0x27B6B96D400
Class: __TextModerationManager_TA__HandleCryptoKeyCreated_0x1  - Instance: 0x27B6B96D000
Class: TextModerationManager_TA                                - Instance: 0x27B6B96CC00
Class: KeyRegistrationResponse                                 - Instance: 0x27B6B96C800
Class: __TextModerationManager_TA__HandleCryptoKeyRegistered_0x1 - Instance: 0x27B6B96C400
Class: __TextModerationManager_TA__HandlePsyNetConnection_0x1  - Instance: 0x27B6B96BC00
Class: __TextModerationManager_TA__HandleTextMessageSigned_0x1 - Instance: 0x27B6B96B800
Class: __TextModerationManager_TA__HandleTextMessageValidated_0x1 - Instance: 0x27B6B96B400
Class: __TextModerationManager_TA__OnKeyFailedToGenerate_0x1   - Instance: 0x27B6B96B000
Class: __TextModerationManager_TA__PreFilterMessage_0x1        - Instance: 0x27B6B96AC00
Class: __TextModerationManager_TA__SignMessage_0x1             - Instance: 0x27B6B96A800
Class: __TourBracketCache_TA__Request_0x1                      - Instance: 0x27B6B96A400
Class: TourBracketCache_TA                                     - Instance: 0x27B6B96A000
Class: TourConfig_TA                                           - Instance: 0x27B6B969C00
Class: __TourBracketCache_TA__RequestCached_0x2                - Instance: 0x27B6B969800
Class: __TourBracketSimulator_TA__RoundStep_0x1                - Instance: 0x27B6B969400
Class: TourUtils_TA                                            - Instance: 0x27B6B969000
Class: TourBracketSimulator_TA                                 - Instance: 0x27B6B968C00
Class: __TourCheckIn_TA__CheckIn_0x1                           - Instance: 0x27B6B968800
Class: TournamentMetrics_TA                                    - Instance: 0x27B6B968400
Class: TourCheckIn_TA                                          - Instance: 0x27B6B957C00
Class: __TourCheckInError_TA__AlertSignupError_0x1             - Instance: 0x27B6B957800
Class: __TourGameUpdateDispatcher_TA__HandleUpdateGameSuccess_0x1 - Instance: 0x27B6B957400
Class: RPC_TourUpdateGame_TA                                   - Instance: 0x27B6B957000
Class: TourGameUpdateDispatcher_TA                             - Instance: 0x27B6B956C00
Class: __TourGameUpdateDispatcher_TA__Init_0x3                 - Instance: 0x27B6B956800
Class: __TourList_TA__AddUnique_0x1                            - Instance: 0x27B6B956400
Class: __TourList_TA__GetTournamentResult_0x1                  - Instance: 0x27B6B956000
Class: __TourPartyCheckIn_TA__HandleLeaderCheckIn_0x2          - Instance: 0x27B6B955C00
Class: TourPartyCheckInTransaction_TA                          - Instance: 0x27B6B955800
Class: PartyMessage_TourCheckIn_TA                             - Instance: 0x27B6B955400
Class: TourPartyCheckIn_TA                                     - Instance: 0x27B6B955000
Class: TourRegistration_TA                                     - Instance: 0x27B6B954C00
Class: __TourRegistration_TA__Register_0x1                     - Instance: 0x27B6B954800
Class: TourService_TA                                          - Instance: 0x27B6B954400
Class: __TourService_PsyNet_TA__CheckIn_0x1                    - Instance: 0x27B6B953C00
Class: RPC_TourCheckIn_TA                                      - Instance: 0x27B6B953800
Class: TourService_PsyNet_TA                                   - Instance: 0x27B6B953400
Class: __TourService_PsyNet_TA__CreateTournament_0x1           - Instance: 0x27B6B953000
Class: RPC_TourCreate_TA                                       - Instance: 0x27B6B952C00
Class: __TourService_PsyNet_TA__GetBracket_0x1                 - Instance: 0x27B6B952800
Class: RPC_TourGetBracket_TA                                   - Instance: 0x27B6B952400
Class: __TourService_PsyNet_TA__GetMatch_0x1                   - Instance: 0x27B6B952000
Class: RPC_TourGetMatch_TA                                     - Instance: 0x27B6B951C00
Class: __TourService_PsyNet_TA__GetMatchDetails_0x1            - Instance: 0x27B6B951800
Class: RPC_TourGetMatchDetails_TA                              - Instance: 0x27B6B951400
Class: __TourService_PsyNet_TA__RegisterTournament_0x1         - Instance: 0x27B6B951000
Class: RPC_TourRegister_TA                                     - Instance: 0x27B6B950C00
Class: __TourService_PsyNet_TA__StartMatchmaking_0x1           - Instance: 0x27B6B950800
Class: TourStatus_TA                                           - Instance: 0x27B6B950400
Class: TourEvent_TA                                            - Instance: 0x27B6B94BC00
Class: OnlineGameTourMatchmaking_TA                            - Instance: 0x27B6B94B800
Class: TourEventMatch_TA                                       - Instance: 0x27B6B94B400
Class: TourSettingsCache_TA                                    - Instance: 0x27B6B94B000
Class: __TourStatus_TA__GetStatus_0x1                          - Instance: 0x27B6B94AC00
Class: __TourSubscriptions_TA__GetTournament_0x1               - Instance: 0x27B6B94A800
Class: __TourUtils_TA__CalcTeamWins_0x1                        - Instance: 0x27B6B94A400
Class: __TriggerCondition_TA__AddTriggers_0x1                  - Instance: 0x27B6B94A000
Class: __UIConfig_TA__FindXPTier_0x1                           - Instance: 0x27B6B949C00
Class: UIConfig_TA                                             - Instance: 0x27B6B949800
Class: _UserBugReportTypes_TA                                  - Instance: 0x27B6B949400
Class: __UserBugReportConfig_TA__GetCategories_0x1             - Instance: 0x27B6B949000
Class: UserBugReportConfig_TA                                  - Instance: 0x27B6B948C00
Class: __UserBugReportConfig_TA__GetCategory_0x1               - Instance: 0x27B6B948800
Class: UserBugReportGeneratedData_TA                           - Instance: 0x27B6B948400
Class: UserBugReportMetaData_TA                                - Instance: 0x27B6B937C00
Class: __UserBugReportGeneratedData_TA__Init_0x1               - Instance: 0x27B6B937800
Class: __UserSettingObserverEventCache_TA__RecordSetting_0x1   - Instance: 0x27B6B937400
Class: UserSettingObserverEventCache_TA                        - Instance: 0x27B6B937000
Class: __VanityQuery_TA__CompleteRequests_0x1                  - Instance: 0x27B6B936C00
Class: __VanitySetManager_TA__RequestAvatars_0x1               - Instance: 0x27B6B936800
Class: __VanitySetManager_TA__RequestBanners_0x1               - Instance: 0x27B6B936400
Class: __VanitySetManager_TA__RequestsBorders_0x1              - Instance: 0x27B6B936000
Class: __ViralItemConfig_TA__GetSeriesInfectedType_0x1         - Instance: 0x27B6B935C00
Class: __ViralItemConfig_TA__SetSeriesInfected_0x1             - Instance: 0x27B6B935800
Class: __ViralItemFXComponent_TA__ShouldShowAura_0x1           - Instance: 0x27B6B935400
Class: ViralItemFXComponent_TA                                 - Instance: 0x27B6B935000
Class: __VoteActor_TA__GetVotes_0x1                            - Instance: 0x27B6B934C00
Class: __Wallet_TA__GetCurrency_0x1                            - Instance: 0x27B6B934800
Class: __Wallet_TA__GiveCurrencyDrops_0x1                      - Instance: 0x27B6B934400
Class: _CrowdTypes_TA                                          - Instance: 0x27B6B933C00
Class: _FreeplayCommandsTypes_TA                               - Instance: 0x27B6B933800
Class: _TourNotifications_TA                                   - Instance: 0x27B6B933400
Class: _TrainingTypes_TA                                       - Instance: 0x27B6B933000
Class: Achievement_TA                                          - Instance: 0x27B6B932C00
Class: Achievement_AG_FarFarAway_TA                            - Instance: 0x27B6B932800
Class: AchievementSave_TA                                      - Instance: 0x27B6B932400
Class: UpdateDistanceDrivenTimer_TA                            - Instance: 0x27B6B932000
Class: AchievementSystem_TA                                    - Instance: 0x27B6B931C00
Class: Achievement_AG_Stocked_TA                               - Instance: 0x27B6B931800
Class: RandomItemsDroppedEvent_TA                              - Instance: 0x27B6B931400
Class: Achievement_AG_SuperVictorious_TA                       - Instance: 0x27B6B931000
Class: AchievementsGameEventWon_TA                             - Instance: 0x27B6B930C00
Class: Achievement_AG_TheStreak_TA                             - Instance: 0x27B6B930800
Class: AchievementsGameEventLost_TA                            - Instance: 0x27B6B930400
Class: Achievement_AG_Virtuoso_TA                              - Instance: 0x27B6B91BC00
Class: AchievementUnlockedEvent_TA                             - Instance: 0x27B6B91B800
Class: Achievement_AG_Winner_TA                                - Instance: 0x27B6B91B400
Class: AchievementClassCollection_TA                           - Instance: 0x27B6B91B000
Class: PlayerVanitySave_TA                                     - Instance: 0x27B6B91A800
Class: PlayerAvatarBorderSave_TA                               - Instance: 0x27B6B91AC00
Class: PlayerBannerSave_TA                                     - Instance: 0x27B6B91A400
Class: GameEvent_Season_TA                                     - Instance: 0x27B6B91A000
Class: GameInfo_Basketball_TA                                  - Instance: 0x27B6B919800
Class: SeasonSave_TA                                           - Instance: 0x27B6B919400
Class: Season_TA                                               - Instance: 0x27B6B919000
Class: GameInfo_Breakout_TA                                    - Instance: 0x27B6B918C00
Class: GameEvent_Training_TA                                   - Instance: 0x27B6B918800
Class: MapPrefsSave_TA                                         - Instance: 0x27B6B918400
Class: ProfileStatsSave_TA                                     - Instance: 0x27B6B8DBC00
Class: GameEvent_Breakout_TA                                   - Instance: 0x27B6B8DB800
Class: VersionHelper_TA                                        - Instance: 0x27B6B8DB400
Class: ReconcileUtil_TA                                        - Instance: 0x27B6B8DB000
Class: ActiveGameState_TA                                      - Instance: 0x27B6B8DAC00
Class: ActivityFeedManager_TA                                  - Instance: 0x27B6B8DA800
Class: ActorChannelMetrics_TA                                  - Instance: 0x27B6B8DA400
Class: ActorChannelMonitor_TA                                  - Instance: 0x27B6B8DA000
Class: ActorFactorySkeletalMeshactorMat_Products_TA            - Instance: 0x27B6B8D9C00
Class: ActorTarget_TA                                          - Instance: 0x27B6B8D9800
Class: AdManager_TA                                            - Instance: 0x27B6B8D9400
Class: RPC_AdsGet_TA                                           - Instance: 0x27B6B8D9000
Class: AdManagerConfig_TA                                      - Instance: 0x27B6B8D8C00
Class: RumblePickups_TA                                        - Instance: 0x27B6B8D8400
Class: AIController_Breakout_TA                                - Instance: 0x27B6B893400
Class: AIProxy_TA                                              - Instance: 0x27B6B892C00
Class: AnimNotify_PlayAKSound_TA                               - Instance: 0x27B6B892800
Class: AnimNotify_SetBoneVisibility_TA                         - Instance: 0x27B6B892400
Class: AnimNotify_SetFXState_TA                                - Instance: 0x27B6B892000
Class: AnimNotify_TriggerTurntableEvent_TA                     - Instance: 0x27B6B891C00
Class: TurnTableActor_TA                                       - Instance: 0x27B6B891800
Class: AntiAddiction_TA                                        - Instance: 0x27B6B891400
Class: Notification_AntiAddiction_TA                           - Instance: 0x27B6B891000
Class: ApplyVelocityHitHandler_TA                              - Instance: 0x27B6B890C00
Class: AppMetrics_TA                                           - Instance: 0x27B6B890800
Class: GameplayMusicPlayer_TA                                  - Instance: 0x27B6B890400
Class: MusicPlayerSave_TA                                      - Instance: 0x27B6B873C00
Class: StreamerSafeConfig_TA                                   - Instance: 0x27B6B873800
Class: ProductAsset_MusicStingers_TA                           - Instance: 0x27B6B873400
Class: ArenaSoundPlayer_TA                                     - Instance: 0x27B6B873000
Class: MapInfo_TA                                              - Instance: 0x27B6B872C00
Class: SoundSettingsSave_TA                                    - Instance: 0x27B6B872800
Class: SoundSettingsManager_TA                                 - Instance: 0x27B6B872400
Class: AssetAttribute_ChangeProductDrawScale_TA                - Instance: 0x27B6B871C00
Class: AssetAttribute_ForceWheelAxle_TA                        - Instance: 0x27B6B871800
Class: AssetAttribute_GoalCountChanging_TA                     - Instance: 0x27B6B871400
Class: AssetAttribute_SoundOverrides_TA                        - Instance: 0x27B6B871000
Class: AttachmentAnim_TA                                       - Instance: 0x27B6B870C00
Class: AudioFieldSideComponent_TA                              - Instance: 0x27B6B870800
Class: AudioMixStateComponent_TA                               - Instance: 0x27B6B870400
Class: CameraSettingsActor_TA                                  - Instance: 0x27B6B843C00
Class: AudioParamsSuperSonicComponent_TA                       - Instance: 0x27B6B843800
Class: AudioParamsSuperSonicReplayComponent_TA                 - Instance: 0x27B6B843400
Class: Camera_TA                                               - Instance: 0x27B6B842C00
Class: Camera_Replay_TA                                        - Instance: 0x27B6B843000
Class: CameraState_TA                                          - Instance: 0x27B6B842000
Class: CameraState_Replay_TA                                   - Instance: 0x27B6B842400
Class: CameraState_ReplayPlayerView_TA                         - Instance: 0x27B6B842800
Class: CameraState_DirectorProxy_TA                            - Instance: 0x27B6B841800
Class: CameraState_DirectorPlayerView_TA                       - Instance: 0x27B6B841C00
Class: PlayerController_Replay_TA                              - Instance: 0x27B6B841400
Class: AudioSlomoReplayComponent_TA                            - Instance: 0x27B6B841000
Class: AudioSpectatorMixComponent_TA                           - Instance: 0x27B6B840C00
Class: CameraState_Director_TA                                 - Instance: 0x27B6B840800
Class: AutoTourConfig_TA                                       - Instance: 0x27B6B840400
Class: PsyNetService_AutoTourFound_TA                          - Instance: 0x27B6B81FC00
Class: RPC_TourGetScheduleRegion_TA                            - Instance: 0x27B6B81F800
Class: RPC_TourSetScheduleRegion_TA                            - Instance: 0x27B6B81F400
Class: RPC_AutoTour_GetSchedule_TA                             - Instance: 0x27B6B81F000
Class: RPC_AutoTour_GetCycleData_TA                            - Instance: 0x27B6B81EC00
Class: TournamentCompletedEvent_TA                             - Instance: 0x27B6B81E800
Class: BackFillPolicy_TA                                       - Instance: 0x27B6B81E400
Class: BallCamTarget_TA                                        - Instance: 0x27B6B81DC00
Class: GoalExplosionOrientation_TA                             - Instance: 0x27B6B81D800
Class: Ball_GameEditor_TA                                      - Instance: 0x27B6B81D400
Class: Interface_GameEditor_TA                                 - Instance: 0x27B6B81D000
Class: Ball_Spawner_TA                                         - Instance: 0x27B6B81CC00
Class: Ball_Tutorial_TA                                        - Instance: 0x27B6B81C800
Class: BallKeepUpComponent_TA                                  - Instance: 0x27B6B81C400
Class: KeepUpIndicator_TA                                      - Instance: 0x27B6B7ABC00
Class: SeqEvent_BallInRange_TA                                 - Instance: 0x27B6B7AAC00
Class: BallSlomoComponent_TA                                   - Instance: 0x27B6B7AA800
Class: BallStaleTimerComponent_TA                              - Instance: 0x27B6B7AA400
Class: SplineLoftActorSpawnable_TA                             - Instance: 0x27B6B7AA000
Class: BanSave_TA                                              - Instance: 0x27B6B7A9C00
Class: RPC_GetBanStatus_TA                                     - Instance: 0x27B6B7A9800
Class: BeamTraceComponent_TA                                   - Instance: 0x27B6B7A9400
Class: BlogTileCache_TA                                        - Instance: 0x27B6B7A9000
Class: BlogTileConfig_X                                        - Instance: 0x27B6B7A8C00
Class: BlueprintErrors_TA                                      - Instance: 0x27B6B7A8800
Class: BlueprintThumbnailLoadResult                            - Instance: 0x27B6B7A8400
Class: BotReplacement_TA                                       - Instance: 0x27B6B76FC00
Class: BreakoutPlatformCollision_TA                            - Instance: 0x27B6B76F800
Class: BreakoutFloor_TA                                        - Instance: 0x27B6B76F400
Class: BTAction_BlockGoal                                      - Instance: 0x27B6B76F000
Class: BTAction_DivertBall                                     - Instance: 0x27B6B76EC00
Class: BTAction_Jump                                           - Instance: 0x27B6B76E800
Class: BTAction_DodgeHit                                       - Instance: 0x27B6B76E400
Class: BTAction_Face                                           - Instance: 0x27B6B76E000
Class: BTAction_PowerSlide                                     - Instance: 0x27B6B76D800
Class: BTAction_Test                                           - Instance: 0x27B6B76D000
Class: BTAction_WallBounce                                     - Instance: 0x27B6B76CC00
Class: BTC_AIPlayerIndex                                       - Instance: 0x27B6B76C800
Class: BTC_AreaClear                                           - Instance: 0x27B6B76C400
Class: BTC_BallWelded                                          - Instance: 0x27B6B74BC00
Class: BTC_Between                                             - Instance: 0x27B6B74B800
Class: BTC_Boost                                               - Instance: 0x27B6B74B400
Class: BTC_BounceHeight                                        - Instance: 0x27B6B74B000
Class: BTC_CanJumpTo                                           - Instance: 0x27B6B74AC00
Class: BTC_ClosestTime                                         - Instance: 0x27B6B74A800
Class: BTC_ClosestTo                                           - Instance: 0x27B6B74A400
Class: BTC_JumpHit                                             - Instance: 0x27B6B74A000
Class: BTC_DodgeHit                                            - Instance: 0x27B6B749C00
Class: BTC_Facing                                              - Instance: 0x27B6B749400
Class: BTC_FieldDistance                                       - Instance: 0x27B6B749000
Class: BTC_GameInfoType                                        - Instance: 0x27B6B748C00
Class: BTC_GameScore                                           - Instance: 0x27B6B748800
Class: BTC_GameState                                           - Instance: 0x27B6B748400
Class: BTC_HitLanding                                          - Instance: 0x27B6B73BC00
Class: BTC_HumanPlayerOnOpposingTeam                           - Instance: 0x27B6B73B800
Class: BTC_HumanPlayerOnTeam                                   - Instance: 0x27B6B73B400
Class: BTC_Impact                                              - Instance: 0x27B6B73B000
Class: BTC_InCone                                              - Instance: 0x27B6B73AC00
Class: BTC_Landing                                             - Instance: 0x27B6B73A800
Class: BTC_Lock                                                - Instance: 0x27B6B73A400
Class: BTC_SegmentDistance                                     - Instance: 0x27B6B73A000
Class: BTC_Skill                                               - Instance: 0x27B6B739C00
Class: BTC_SoccarState                                         - Instance: 0x27B6B739800
Class: BTC_Stuck                                               - Instance: 0x27B6B739400
Class: BTC_TargetNumberSatisfying                              - Instance: 0x27B6B739000
Class: BTC_TeamSize                                            - Instance: 0x27B6B738C00
Class: BTC_TimeSinceBallHit                                    - Instance: 0x27B6B738800
Class: BTC_Traits                                              - Instance: 0x27B6B738400
Class: BTC_Vehicle                                             - Instance: 0x27B6B733C00
Class: BTMoveModifier_Boost                                    - Instance: 0x27B6B733800
Class: BugReportSync_TA                                        - Instance: 0x27B6B733000
Class: PsyNetService_BugReport_TA                              - Instance: 0x27B6B732C00
Class: CameraConfig_TA                                         - Instance: 0x27B6B732800
Class: SeqAct_AttachFX_TA                                      - Instance: 0x27B6B732400
Class: Camera_Edit_TA                                          - Instance: 0x27B6B732000
Class: CameraState_Edit_TA                                     - Instance: 0x27B6B731C00
Class: Camera_GameEditor_TA                                    - Instance: 0x27B6B731800
Class: CameraState_GameEditor_TA                               - Instance: 0x27B6B731400
Class: Camera_MainMenu_TA                                      - Instance: 0x27B6B731000
Class: CameraState_CarPreview_TA                               - Instance: 0x27B6B730C00
Class: ProfileCameraSave_TA                                    - Instance: 0x27B6B730800
Class: CameraState_CarRef_TA                                   - Instance: 0x27B6B70B800
Class: CameraState_Car_TA                                      - Instance: 0x27B6B70BC00
Class: CameraState_BallCam_TA                                  - Instance: 0x27B6B730400
Class: CameraSettingsActorCopy_TA                              - Instance: 0x27B6B70B400
Class: TargetFinder_TA                                         - Instance: 0x27B6B70B000
Class: CameraState_BallCam_KnockOut_TA                         - Instance: 0x27B6B70A800
Class: Target_Knockout_TA                                      - Instance: 0x27B6B70A400
Class: CameraState_BallCamInverted_TA                          - Instance: 0x27B6B70A000
Class: CameraState_CarInverted_TA                              - Instance: 0x27B6B709C00
Class: CameraState_LiveReplay_TA                               - Instance: 0x27B6B709800
Class: CameraState_BasketballLiveReplay_TA                     - Instance: 0x27B6B709400
Class: CameraState_BreakoutLiveReplay_TA                       - Instance: 0x27B6B709000
Class: CameraState_CameraTrack_TA                              - Instance: 0x27B6B708C00
Class: CameraTrack_TA                                          - Instance: 0x27B6B708800
Class: CameraState_Car_KnockOut_TA                             - Instance: 0x27B6B708400
Class: CameraVolume_KnockOut_TA                                - Instance: 0x27B6B6D3C00
Class: Target_World_TA                                         - Instance: 0x27B6B6D3800
Class: CameraState_PremiumGarage_TA                            - Instance: 0x27B6B6D3400
Class: CarPreviewSet_TA                                        - Instance: 0x27B6B6D3000
Class: CameraState_Countdown_TA                                - Instance: 0x27B6B6D2C00
Class: CameraState_CustomFocus_TA                              - Instance: 0x27B6B6D2800
Class: CustomFocusTarget_TA                                    - Instance: 0x27B6B6D2400
Class: CameraState_Demolished_TA                               - Instance: 0x27B6B6D2000
Class: CameraState_Prespawn_TA                                 - Instance: 0x27B6B6D1C00
Class: CameraStateSelector_TA                                  - Instance: 0x27B6B6D1400
Class: CameraState_DirectorBallCam_TA                          - Instance: 0x27B6B6D1000
Class: CameraState_DirectorCountdownRotate_TA                  - Instance: 0x27B6B6D0C00
Class: CameraState_DirectorCountdownTailPass_TA                - Instance: 0x27B6B6D0800
Class: CameraState_DirectorGoalScorer_TA                       - Instance: 0x27B6B6D0400
Class: CameraState_DirectorKickoff_TA                          - Instance: 0x27B6B6B3C00
Class: CameraState_DirectorMoving_TA                           - Instance: 0x27B6B6B3800
Class: CameraState_Freecam_TA                                  - Instance: 0x27B6B6B3400
Class: CameraState_IntroMenu_TA                                - Instance: 0x27B6B6B3000
Class: SkeletalMeshActorMAT_IntroCar_TA                        - Instance: 0x27B6B6B2C00
Class: CameraState_Lobby_TA                                    - Instance: 0x27B6B6B2800
Class: CameraState_LobbyFocus_TA                               - Instance: 0x27B6B6B2400
Class: PreMatchLobby_TA                                        - Instance: 0x27B6B6B2000
Class: CameraState_MenuCamActor_TA                             - Instance: 0x27B6B6B1C00
Class: PremiumGaragePreviewSet_TA                              - Instance: 0x27B6B6B1800
Class: CameraState_PrePodiumSpotlight_TA                       - Instance: 0x27B6B6B1400
Class: CameraState_ReplayAutoCam_TA                            - Instance: 0x27B6B6B1000
Class: CameraState_ReplayFly_TA                                - Instance: 0x27B6B6B0400
Class: CameraState_ReplayFollow_TA                             - Instance: 0x27B6B65FC00
Class: CameraState_ReplaySoftAttach_TA                         - Instance: 0x27B6B65F800
Class: CameraState_ReplayHardAttach_TA                         - Instance: 0x27B6B65F400
Class: CameraState_SeasonIntro_TA                              - Instance: 0x27B6B65F000
Class: CameraState_StadiumSide_TA                              - Instance: 0x27B6B65EC00
Class: CameraState_Waiting_TA                                  - Instance: 0x27B6B65E800
Class: PRI_KnockOut_TA                                         - Instance: 0x27B6B65E400
Class: CameraStateSelector_Priority_TA                         - Instance: 0x27B6B65E000
Class: CameraStateSelector_Sequence_TA                         - Instance: 0x27B6B65DC00
Class: CameraStateSelector_RandomSequence_TA                   - Instance: 0x27B6B65D800
Class: CameraTrackPoint_TA                                     - Instance: 0x27B6B65D400
Class: Cannon_TA                                               - Instance: 0x27B6B65D000
Class: LocalPlayerAudioParamsComponent_TA                      - Instance: 0x27B6B65CC00
Class: TeamColorPreferences_TA                                 - Instance: 0x27B6B65C400
Class: ThrottleStateComponent_TA                               - Instance: 0x27B6B62F400
Class: CarTrajectoryComponent_TA                               - Instance: 0x27B6B62EC00
Class: NameplateComponentCar_TA                                - Instance: 0x27B6B62E800
Class: CarDemoActor_TA                                         - Instance: 0x27B6B62E400
Class: DemoExplosionHandler_TA                                 - Instance: 0x27B6B62E000
Class: DemolishedCar_TA                                        - Instance: 0x27B6B62DC00
Class: Car_Freeplay_TA                                         - Instance: 0x27B6B62D400
Class: FXActor_Knockout_Attack_TA                              - Instance: 0x27B6B62D000
Class: Stunlock_TA                                             - Instance: 0x27B6B62CC00
Class: Car_Season_TA                                           - Instance: 0x27B6B62C400
Class: ProfileControlsSave_TA                                  - Instance: 0x27B6B56FC00
Class: CarGrappleTracker_TA                                    - Instance: 0x27B6B56F400
Class: CarJointSpinner_TA                                      - Instance: 0x27B6B56F000
Class: CarMeshComponentHelper                                  - Instance: 0x27B6B56EC00
Class: CarPreviewAnim_TA                                       - Instance: 0x27B6B56E800
Class: ProductAttribute_SetPreviewObjectSpeedShaderParam_TA    - Instance: 0x27B6B56E400
Class: ProductAttribute_PreviewWheelSpin_TA                    - Instance: 0x27B6B56E000
Class: EngineAudioPreviewRev_TA                                - Instance: 0x27B6B56D400
Class: RotateComponent_TA                                      - Instance: 0x27B6B56CC00
Class: PartyMemberLoadout_TA                                   - Instance: 0x27B6B56C800
Class: CarThumbnailActor_TA                                    - Instance: 0x27B6B56C400
Class: ChallengeRequirement_TA                                 - Instance: 0x27B6B523C00
Class: GFxData_Notification_TA                                 - Instance: 0x27B6B523800
Class: ChallengeNotification_TA                                - Instance: 0x27B6B523400
Class: ChallengeDefaultManager_TA                              - Instance: 0x27B6B523000
Class: ChallengeAvailableNotification_TA                       - Instance: 0x27B6B522C00
Class: GFxData_ChallengeAvaliableNotification_TA               - Instance: 0x27B6B522800
Class: ChallengeCompleteNotification_TA                        - Instance: 0x27B6B522400
Class: GFxData_ChallengeCompleteNotification_TA                - Instance: 0x27B6B522000
Class: ChallengeConfig_TA                                      - Instance: 0x27B6B521C00
Class: PsyNetService_ChallengeDefault_TA                       - Instance: 0x27B6B521800
Class: RPC_GetChallengeDefault_TA                              - Instance: 0x27B6B521400
Class: GFxData_ItemDropGroup_TA                                - Instance: 0x27B6B521000
Class: ChallengeDropGroup_TA                                   - Instance: 0x27B6B520C00
Class: GFxData_ChallengeDropGroup_TA                           - Instance: 0x27B6B520800
Class: ChallengeEvents_TA                                      - Instance: 0x27B6B520400
Class: ChallengeFilter_TA                                      - Instance: 0x27B6B4F7C00
Class: ChallengeFilter_Default_TA                              - Instance: 0x27B6B4F7800
Class: ChallengeFilter_Progress_TA                             - Instance: 0x27B6B4F7400
Class: PsyNetService_ChallengeProgress_TA                      - Instance: 0x27B6B4F7000
Class: Tutorial_TA                                             - Instance: 0x27B6B4F6C00
Class: RPC_GetChallengeProgress_TA                             - Instance: 0x27B6B4F6800
Class: RPC_Challenge_ClearNewInfo_TA                           - Instance: 0x27B6B4F6000
Class: RPC_Challenge_AvailableReceived_TA                      - Instance: 0x27B6B4F5C00
Class: RPC_Challenge_CompleteReceived_TA                       - Instance: 0x27B6B4F5800
Class: GameEvent_Tutorial_Basic_TA                             - Instance: 0x27B6B4F5000
Class: GameEvent_Tutorial_Advanced_TA                          - Instance: 0x27B6B4F5400
Class: RPC_Challenge_TutorialComplete_TA                       - Instance: 0x27B6B4F4C00
Class: RPC_Challenge_TrainingComplete_TA                       - Instance: 0x27B6B4F4800
Class: ChampionshipTrophy_TA                                   - Instance: 0x27B6B4F4400
Class: ScreenDisplayActor_TA                                   - Instance: 0x27B6B4E3C00
Class: ChatConfig_TA                                           - Instance: 0x27B6B4E3800
Class: StoredChatData_TA                                       - Instance: 0x27B6B4E3000
Class: CheatManagerBase_TA                                     - Instance: 0x27B6B4E2C00
Class: CheatManager_TA                                         - Instance: 0x27B6B4E2800
Class: CheckoutErrors_TA                                       - Instance: 0x27B6B4E2400
Class: GFxModal_Cinematic_TA                                   - Instance: 0x27B6B4E2000
Class: SeqEvent_CinematicIntroSeqFinished_TA                   - Instance: 0x27B6B4E1C00
Class: GFxData_CinematicIntro_TA                               - Instance: 0x27B6B4E1800
Class: CinematicsCar_TA                                        - Instance: 0x27B6B4E1400
Class: ClientJitterBuffer_STS_TA                               - Instance: 0x27B6B4E1000
Class: ClientStayAsPartyVoteBeginEvent_TA                      - Instance: 0x27B6B4E0C00
Class: XPManager_TA                                            - Instance: 0x27B6B4E0800
Class: RewardDrop_TA                                           - Instance: 0x27B6B4CBC00
Class: RewardDrop_XP_TA                                        - Instance: 0x27B6B4E0400
Class: ClubDropGroup_TA                                        - Instance: 0x27B6B4CB800
Class: ClubBadgeDropGroup_TA                                   - Instance: 0x27B6B4CB400
Class: GFxData_ClubBadgeDropGroup_TA                           - Instance: 0x27B6B4CB000
Class: GFxData_ClubInviteNotification_TA                       - Instance: 0x27B6B4CAC00
Class: ClubNotificationsSync_TA                                - Instance: 0x27B6B4CA800
Class: PsyNetService_ClubsUpdate_TA                            - Instance: 0x27B6B4CA400
Class: PsyNetService_ClubsOwnerChanged_TA                      - Instance: 0x27B6B4CA000
Class: PsyNetService_ClubsMemberRemoved_TA                     - Instance: 0x27B6B4C9C00
Class: PsyNetService_ClubsMemberAdded_TA                       - Instance: 0x27B6B4C9800
Class: PsyNetService_ClubsMemberUpdate_TA                      - Instance: 0x27B6B4C9400
Class: PsyNetService_ClubsRewardsReceived_TA                   - Instance: 0x27B6B4C9000
Class: ClubSave_TA                                             - Instance: 0x27B6B4C8C00
Class: ClubTitleDropGroup_TA                                   - Instance: 0x27B6B4C8800
Class: GFxData_ClubTitleDropGroup_TA                           - Instance: 0x27B6B4C8400
Class: CollisionTestTrack_TA                                   - Instance: 0x27B6B4BBC00
Class: Constraint2D_TA                                         - Instance: 0x27B6B4BB800
Class: ContentSave_TA                                          - Instance: 0x27B6B4BB400
Class: ConvertPlatformFriendsEvent_TA                          - Instance: 0x27B6B4BB000
Class: CountryConfig_TA                                        - Instance: 0x27B6B4BAC00
Class: CreateAccountResponse                                   - Instance: 0x27B6B4BA800
Class: CrewDropGroup_TA                                        - Instance: 0x27B6B4BA400
Class: GFxData_CrewDropGroup_TA                                - Instance: 0x27B6B4BA000
Class: CrossEntitlementManager_TA                              - Instance: 0x27B6B4B9C00
Class: RPC_GetCrossEntitlementProducts_TA                      - Instance: 0x27B6B4B9800
Class: CrowdSoundManager_Knockout_TA                           - Instance: 0x27B6B4B9000
Class: CrowdSoundSettings_Knockout_TA                          - Instance: 0x27B6B4B8C00
Class: CrowdSounds_Knockout_TA                                 - Instance: 0x27B6B4B8800
Class: CrowdSoundManager_TA                                    - Instance: 0x27B6B4B8400
Class: CrowdSoundSettings_TA                                   - Instance: 0x27B6B47FC00
Class: CrowdSounds_TA                                          - Instance: 0x27B6B47F800
Class: CrumbTrailMetrics_TA                                    - Instance: 0x27B6B47F400
Class: CrumbTrailRedefinition_TA                               - Instance: 0x27B6B47F000
Class: CrumbTrailSave_TA                                       - Instance: 0x27B6B47EC00
Class: StatusTrigger_Named_TA                                  - Instance: 0x27B6B47E400
Class: StatusTrigger_MenuButton_TA                             - Instance: 0x27B6B47E800
Class: MenuTreeNodeCrumbTrail_TA                               - Instance: 0x27B6B47E000
Class: CurrencyConverter_TA                                    - Instance: 0x27B6B47DC00
Class: DataProductCache_TA                                     - Instance: 0x27B6B47D800
Class: DebugHelpMenu_TA                                        - Instance: 0x27B6B47D400
Class: DebugInput_TA                                           - Instance: 0x27B6B47D000
Class: DecalBlockingActor_TA                                   - Instance: 0x27B6B47CC00
Class: DedicatedServerNetMetrics_TA                            - Instance: 0x27B6B47C800
Class: NetMetricPlayerDataExport_TA                            - Instance: 0x27B6B47C400
Class: DisplayNameResponse                                     - Instance: 0x27B6B437C00
Class: DynamicLogosConfig_TA                                   - Instance: 0x27B6B437800
Class: DynamicMapEventsConfig_TA                               - Instance: 0x27B6B437400
Class: SeqEvent_DynamicMapEvents_TA                            - Instance: 0x27B6B437000
Class: DynamicMeshActor_TA                                     - Instance: 0x27B6B436C00
Class: PlayerStart_TA                                          - Instance: 0x27B6B436800
Class: DynamicPlayerStart_TA                                   - Instance: 0x27B6B436000
Class: DynamicSpawnPoint_TA                                    - Instance: 0x27B6B435800
Class: GameEditor_Actor_TA                                     - Instance: 0x27B6B435400
Class: DynamicSpawnPointMesh_TA                                - Instance: 0x27B6B435000
Class: EmptyResponse                                           - Instance: 0x27B6B434C00
Class: EndRoundComponent_HauntedBall_TA                        - Instance: 0x27B6B434800
Class: EndRoundComponent_KnockOut_TA                           - Instance: 0x27B6B434400
Class: EndRoundComponent_Rugby_TA                              - Instance: 0x27B6B423C00
Class: EndRoundComponent_TrainingEditor_TA                     - Instance: 0x27B6B423800
Class: EndRoundComponent_Tutorial_TA                           - Instance: 0x27B6B423400
Class: EnforceMaxTeamSizeConfig_TA                             - Instance: 0x27B6B423000
Class: EngagementEventNotification_TA                          - Instance: 0x27B6B422C00
Class: GFxData_EngagementEventNotification_TA                  - Instance: 0x27B6B422800
Class: SystemSettingsManager_TA                                - Instance: 0x27B6B422400
Class: EnteredMainMenu_TA                                      - Instance: 0x27B6B422000
Class: EnvironmentZone_TA                                      - Instance: 0x27B6B421C00
Class: EOSGameClipsConfig_TA                                   - Instance: 0x27B6B421800
Class: EOSGameClipsController_TA                               - Instance: 0x27B6B421400
Class: EOSGameClipsManager_TA                                  - Instance: 0x27B6B421000
Class: EOSGameClipsSettingsSave_TA                             - Instance: 0x27B6B420C00
Class: EOSShopPurchaseEvent_X                                  - Instance: 0x27B6B420800
Class: EOSMtxPurchaseEvent_X                                   - Instance: 0x27B6B420400
Class: EOSOnlineStorageSync_TA                                 - Instance: 0x27B6B3E7C00
Class: OnlineStorageConfig_TA                                  - Instance: 0x27B6B3E7800
Class: EOSOnlineStorageUploader_TA                             - Instance: 0x27B6B3E7400
Class: EOSPermissions_TA                                       - Instance: 0x27B6B3E7000
Class: K3SUserPermissions_TA                                   - Instance: 0x27B6B3E6C00
Class: EOSUserPermissionsError_TA                              - Instance: 0x27B6B3E6800
Class: EOSUserPermissions_TA                                   - Instance: 0x27B6B3E6400
Class: EOSVoiceConfig_TA                                       - Instance: 0x27B6B3E6000
Class: EOSVoiceErrors_TA                                       - Instance: 0x27B6B3E5C00
Class: RPC_RequestPartyVoiceToken_TA                           - Instance: 0x27B6B3E5800
Class: PartyMessage_CurrentVoiceRoom_TA                        - Instance: 0x27B6B3E4C00
Class: EOSVoiceMetrics_TA                                      - Instance: 0x27B6B3E4800
Class: RPC_RequestMatchVoiceTokens_TA                          - Instance: 0x27B6B3E4400
Class: EpicFriendsConverterConfig_TA                           - Instance: 0x27B6B387C00
Class: UISavedValues_TA                                        - Instance: 0x27B6B387800
Class: EulaConfig_TA                                           - Instance: 0x27B6B387400
Class: EulaSave_TA                                             - Instance: 0x27B6B387000
Class: GFxData_Eula_TA                                         - Instance: 0x27B6B386C00
Class: EventsPageConfig_TA                                     - Instance: 0x27B6B386800
Class: ExclusiveInteraction_TA                                 - Instance: 0x27B6B386400
Class: ExhibitionMatchSettingsSave_TA                          - Instance: 0x27B6B386000
Class: ExplosionPreviewer_TA                                   - Instance: 0x27B6B385C00
Class: SeqEvent_PreviewGoalExplosion_TA                        - Instance: 0x27B6B385800
Class: PaintedFXSelector_TA                                    - Instance: 0x27B6B385400
Class: FaceIt_TA                                               - Instance: 0x27B6B385000
Class: FaceItConfig_TA                                         - Instance: 0x27B6B384C00
Class: PsyNetService_FaceItMatchCancelled_TA                   - Instance: 0x27B6B384800
Class: PsyNetService_FaceItMatchComplete_TA                    - Instance: 0x27B6B384400
Class: FaceItMatchNotification_TA                              - Instance: 0x27B6B363C00
Class: RPC_FaceItFindMatchForPlayer_TA                         - Instance: 0x27B6B363800
Class: FaceItFindServerTask_TA                                 - Instance: 0x27B6B363400
Class: RPC_FaceItPlayerFailedJoin_TA                           - Instance: 0x27B6B362C00
Class: FaceItClientReservationMessage_X                        - Instance: 0x27B6B362800
Class: GFxData_FaceItMatchNotification_TA                      - Instance: 0x27B6B362400
Class: FloppyBits_TA                                           - Instance: 0x27B6B362000
Class: FollowersChangedEvent_TA                                - Instance: 0x27B6B361C00
Class: FreeplayCommandsConfig_TA                               - Instance: 0x27B6B361800
Class: FreeplayCommandsMetrics_TA                              - Instance: 0x27B6B361400
Class: FreeplayCommandsStatics_TA                              - Instance: 0x27B6B361000
Class: FreeplayErrors_TA                                       - Instance: 0x27B6B360C00
Class: Goal_Hoops_TA                                           - Instance: 0x27B6B360800
Class: FreeplayConfig_TA                                       - Instance: 0x27B6B360400
Class: FreeplaySessionManager_TA                               - Instance: 0x27B6B32BC00
Class: FreeToPlayConfig_TA                                     - Instance: 0x27B6B32B800
Class: GFxData_FriendRequestNotification_TA                    - Instance: 0x27B6B32B400
Class: FXActor_BallPossession_TA                               - Instance: 0x27B6B32B000
Class: FXActor_BallResetWarn_TA                                - Instance: 0x27B6B32A800
Class: FXActor_Car_Knockout_TA                                 - Instance: 0x27B6B32A000
Class: FXActor_KeepUp_TA                                       - Instance: 0x27B6B329C00
Class: FXActor_TrainingEditor_TA                               - Instance: 0x27B6B328C00
Class: FXExplosionHandler_TA                                   - Instance: 0x27B6B328800
Class: FXTrait_PreviewParticle_TA                              - Instance: 0x27B6B328400
Class: TeamNameComponent_TA                                    - Instance: 0x27B6B2CBC00
Class: SeqEvent_StadiumTeamColorsChanged_TA                    - Instance: 0x27B6B2CB800
Class: ProductAttribute_ProductLink_TA                         - Instance: 0x27B6B2CB000
Class: ProductAttribute_Masterpiece_TA                         - Instance: 0x27B6B2CAC00
Class: ProductAttribute_Level_TA                               - Instance: 0x27B6B2CA800
Class: ProductAttribute_EquippableSlot_TA                      - Instance: 0x27B6B2CA400
Class: ProductAttribute_Expiration_TA                          - Instance: 0x27B6B2CA000
Class: ProductAttribute_Rental_TA                              - Instance: 0x27B6B2C9C00
Class: ProductAttribute_Indestructible_TA                      - Instance: 0x27B6B2C9800
Class: ProductAttribute_BlueprintCost_TA                       - Instance: 0x27B6B2C9400
Class: ProductAttribute_NoNotify_TA                            - Instance: 0x27B6B2C9000
Class: GameEditor_Pawn_TA                                      - Instance: 0x27B6B2C8C00
Class: GameEditor_Trigger_TA                                   - Instance: 0x27B6B2C8800
Class: GameEditor_Ring_TA                                      - Instance: 0x27B6B2C8400
Class: GameEditor_Switch_TA                                    - Instance: 0x27B6B287C00
Class: GameEvent_Football_TA                                   - Instance: 0x27B6B287800
Class: GameEvent_FTE_TA                                        - Instance: 0x27B6B287400
Class: Save_TA                                                 - Instance: 0x27B6B286C00
Class: SaveData_GameEditor_TA                                  - Instance: 0x27B6B287000
Class: IGetRoundNumber_TA                                      - Instance: 0x27B6B286800
Class: GameEvent_GodBall_TA                                    - Instance: 0x27B6B286400
Class: StatFactory_KnockOut_TA                                 - Instance: 0x27B6B285C00
Class: VehiclePickup_Item_TA                                   - Instance: 0x27B6B285800
Class: PlayerStart_Platform_TA                                 - Instance: 0x27B6B285400
Class: GameEvent_Lobby_TA                                      - Instance: 0x27B6B285000
Class: GameEvent_PostGameLobby_TA                              - Instance: 0x27B6B284C00
Class: SimilarSeasonLogos_TA                                   - Instance: 0x27B6B284800
Class: GameEvent_Soccar_SubRules_Basketball_TA                 - Instance: 0x27B6B284400
Class: GameEvent_Soccar_SubRules_Items_TA                      - Instance: 0x27B6B20FC00
Class: PlayerItemDispenser_TA                                  - Instance: 0x27B6B20F800
Class: GameEvent_Territory_TA                                  - Instance: 0x27B6B20F400
Class: GameEvent_Training_Goalie_TA                            - Instance: 0x27B6B20F000
Class: GameEvent_Training_Aerial_TA                            - Instance: 0x27B6B20EC00
Class: GameEvent_Training_Striker_TA                           - Instance: 0x27B6B20E800
Class: TutorialSave_TA                                         - Instance: 0x27B6B20E400
Class: UIStrings_TA                                            - Instance: 0x27B6B20E000
Class: TrainingEditorMirror_TA                                 - Instance: 0x27B6B20DC00
Class: TrainingEditorManipulationConfig_TA                     - Instance: 0x27B6B20D800
Class: TrainingEditorNavigationConfig_TA                       - Instance: 0x27B6B20D400
Class: SaveData_GameEditor_Training_TA                         - Instance: 0x27B6B20D000
Class: TrainingEditorMetrics_TA                                - Instance: 0x27B6B20CC00
Class: TrainingEditorData_TA                                   - Instance: 0x27B6B20C800
Class: TrainingPackProgress_TA                                 - Instance: 0x27B6B20C400
Class: TrainingProgressSave_TA                                 - Instance: 0x27B6B1A7C00
Class: IStartRound_TA                                          - Instance: 0x27B6B1A7800
Class: IGetShotAttempt_TA                                      - Instance: 0x27B6B1A7400
Class: ProductAssetCache_TA                                    - Instance: 0x27B6B1A7000
Class: MapSelector_TA                                          - Instance: 0x27B6B1A6C00
Class: GameInfo_Cinematic_TA                                   - Instance: 0x27B6B1A6800
Class: PlayerController_Cinematic_TA                           - Instance: 0x27B6B1A6400
Class: GameInfo_CollisionTest_TA                               - Instance: 0x27B6B1A6000
Class: GameInfo_Entry_TA                                       - Instance: 0x27B6B1A5C00
Class: LoadingScreen_TA                                        - Instance: 0x27B6B1A5800
Class: GameInfo_Football_TA                                    - Instance: 0x27B6B1A5400
Class: GameInfo_FTE_TA                                         - Instance: 0x27B6B1A5000
Class: GameInfo_GameEditor_TA                                  - Instance: 0x27B6B1A4C00
Class: MusicStingersPreviewer_TA                               - Instance: 0x27B6B1A4800
Class: PostMatchCelebrationPreviewer_TA                        - Instance: 0x27B6B1A4400
Class: GFxData_MenuSequence_TA                                 - Instance: 0x27B6B16BC00
Class: GameInfo_GodBall_TA                                     - Instance: 0x27B6B16B800
Class: GameInfo_HeatseekerTerritory_TA                         - Instance: 0x27B6B16B400
Class: GameInfo_Hockey_TA                                      - Instance: 0x27B6B16B000
Class: GameInfo_Hops_TA                                        - Instance: 0x27B6B16AC00
Class: GameInfo_Items_TA                                       - Instance: 0x27B6B16A800
Class: GameInfo_KeepUp_TA                                      - Instance: 0x27B6B16A400
Class: GameInfo_KnockOut_TA                                    - Instance: 0x27B6B16A000
Class: GameInfo_LTM_AprilFool_TA                               - Instance: 0x27B6B169C00
Class: GameInfo_LTM_BeachBall_TA                               - Instance: 0x27B6B169800
Class: GameInfo_LTM_BoomerBall_TA                              - Instance: 0x27B6B169400
Class: GameInfo_LTM_Demolition_TA                              - Instance: 0x27B6B169000
Class: GameInfo_LTM_DropshotRumble_TA                          - Instance: 0x27B6B168C00
Class: GameInfo_LTM_Eggstra_TA                                 - Instance: 0x27B6B168800
Class: GameInfo_LTM_GForce_TA                                  - Instance: 0x27B6B168400
Class: GameInfo_LTM_Moonball_TA                                - Instance: 0x27B6B15BC00
Class: GameInfo_LTM_Pinball_TA                                 - Instance: 0x27B6B15B800
Class: GameInfo_LTM_SpeedDemon_TA                              - Instance: 0x27B6B15B400
Class: GameInfo_LTM_SpikeRush_TA                               - Instance: 0x27B6B15B000
Class: GameInfo_LTM_SuperCube_TA                               - Instance: 0x27B6B15AC00
Class: GameInfo_MagnusFutball_TA                               - Instance: 0x27B6B15A800
Class: GameInfo_PerfTest_TA                                    - Instance: 0x27B6B15A400
Class: GameInfo_Possession_TA                                  - Instance: 0x27B6B15A000
Class: PostProcessManager_TA                                   - Instance: 0x27B6B159C00
Class: GameInfo_Season_TA                                      - Instance: 0x27B6B159800
Class: GameInfo_SnowDayTerritory_TA                            - Instance: 0x27B6B159400
Class: GameInfo_SpikeDrop_TA                                   - Instance: 0x27B6B159000
Class: GameInfo_Territory_TA                                   - Instance: 0x27B6B158C00
Class: GameInfo_TrainingEditor_TA                              - Instance: 0x27B6B158800
Class: GameInfo_Transition_TA                                  - Instance: 0x27B6B158400
Class: GameInfo_Tutorial_TA                                    - Instance: 0x27B6B143C00
Class: SeqEvent_TutorialHelper_TA                              - Instance: 0x27B6B143800
Class: GameModesConfig_TA                                      - Instance: 0x27B6B143400
Class: GameMusicComponent_TA                                   - Instance: 0x27B6B143000
Class: GameSettingCategory_TA                                  - Instance: 0x27B6B142C00
Class: TourServerInfo_TA                                       - Instance: 0x27B6B142800
Class: PlaylistSettings_TA                                     - Instance: 0x27B6B142400
Class: OverlayInteractionEGS_TA                                - Instance: 0x27B6B142000
Class: GarageArchiveSlot_TA                                    - Instance: 0x27B6B141C00
Class: ProductAttribute_Archived_TA                            - Instance: 0x27B6B141400
Class: GarageFavoritedSlot_TA                                  - Instance: 0x27B6B141000
Class: GarageSlotDropGroup_TA                                  - Instance: 0x27B6B140C00
Class: GFxData_GarageSlotDropGroup_TA                          - Instance: 0x27B6B140800
Class: GFxData_GenericNotification_TA                          - Instance: 0x27B6B140400
Class: GetUploadUrlsMatch_TA                                   - Instance: 0x27B6B0F7C00
Class: GetUploadUrlsPlayer_TA                                  - Instance: 0x27B6B0F7800
Class: GFxData_AdHoc_TA                                        - Instance: 0x27B6B0F7400
Class: GFxData_AutoTour_CompletedResults_TA                    - Instance: 0x27B6B0F7000
Class: RPC_AutoTour_GetCompletedResult_TA                      - Instance: 0x27B6B0F6C00
Class: PsyNetService_AutoTourCompletedResultReceived_TA        - Instance: 0x27B6B0F6800
Class: GFxData_AutoTour_TA                                     - Instance: 0x27B6B0F6400
Class: GFxData_AutoTour_Week_TA                                - Instance: 0x27B6B0F6000
Class: PsyNetService_AutoTourReceiveBan_TA                     - Instance: 0x27B6B0F5C00
Class: PsyNetService_AutoTourReceiveBannedPartyMembers_TA      - Instance: 0x27B6B0F5800
Class: PsyNetService_AutoTourNotFound_TA                       - Instance: 0x27B6B0F5400
Class: GFxData_Matchmaking_TA                                  - Instance: 0x27B6B0F5000
Class: GFxModal_CurrencyMessage_TA                             - Instance: 0x27B6B0F4C00
Class: TourCheckInWindowWatcher_TA                             - Instance: 0x27B6B0F4800
Class: GFxData_BanManager_TA                                   - Instance: 0x27B6B0F4400
Class: GFxData_BanMessage_TA                                   - Instance: 0x27B6B0DFC00
Class: GFxData_BlogTile_TA                                     - Instance: 0x27B6B0DF800
Class: GFxData_BlueprintGarage_TA                              - Instance: 0x27B6B0DF400
Class: GFxData_MainMenu_TA                                     - Instance: 0x27B6B0DF000
Class: RPC_RevealBlueprint_TA                                  - Instance: 0x27B6B0DEC00
Class: RPC_BuildBlueprint_TA                                   - Instance: 0x27B6B0DE800
Class: GFxData_CarColors_TA                                    - Instance: 0x27B6B0DE400
Class: GFxData_CarKnockOut_TA                                  - Instance: 0x27B6B0DE000
Class: GFxHUD_Spectator_TA                                     - Instance: 0x27B6B0DDC00
Class: GFxData_ChallengeObject_TA                              - Instance: 0x27B6B0DD800
Class: GFxData_ChallengeBase_TA                                - Instance: 0x27B6B0DD400
Class: GFxData_ChallengeCurrency_TA                            - Instance: 0x27B6B0DD000
Class: GFxData_ChallengeRequirement_TA                         - Instance: 0x27B6B0DCC00
Class: GFxData_ChallengeReward_TA                              - Instance: 0x27B6B0DC800
Class: RPC_Challenge_RequestReward_TA                          - Instance: 0x27B6B0BFC00
Class: GFxData_Challenge_TA                                    - Instance: 0x27B6B0BF800
Class: GFxData_ChallengeBucket_TA                              - Instance: 0x27B6B0BF400
Class: GFxData_ChallengeConfig_TA                              - Instance: 0x27B6B0BF000
Class: GFxData_ChallengePage_TA                                - Instance: 0x27B6B0BEC00
Class: GFxData_ChallengeTab_TA                                 - Instance: 0x27B6B0BE800
Class: TextModerationConfig_TA                                 - Instance: 0x27B6B0BE400
Class: ProfileQuickChatSave_TA                                 - Instance: 0x27B6B0BE000
Class: GFxData_TeamInfo_TA                                     - Instance: 0x27B6B0BD800
Class: SeqAct_CinematicIntroStartNextSeq_TA                    - Instance: 0x27B6B0BD400
Class: GFxData_ClientPerformanceStats_TA                       - Instance: 0x27B6B0BD000
Class: PsyNetService_ClubsInvite_TA                            - Instance: 0x27B6B0BC800
Class: GFxModal_Error_TA                                       - Instance: 0x27B6B0BC400
Class: GFxData_ClubsConfig_TA                                  - Instance: 0x27B6B04FC00
Class: GFxData_ClubServerBrowser_TA                            - Instance: 0x27B6B04F800
Class: GFxData_ServerBrowser_TA                                - Instance: 0x27B6B04F400
Class: GFxData_ConnectionStats_TA                              - Instance: 0x27B6B04F000
Class: RPC_MicroTransactions_GetContainerDropTable_TA          - Instance: 0x27B6B04EC00
Class: ProfilePCSave_TA                                        - Instance: 0x27B6B04E800
Class: GFxData_Credits_TA                                      - Instance: 0x27B6B04DC00
Class: GFxData_CrumbTrails_TA                                  - Instance: 0x27B6B04D800
Class: GFxData_CustomTeams_TA                                  - Instance: 0x27B6B04D400
Class: GFxData_DateTime_TA                                     - Instance: 0x27B6B04D000
Class: ShowroomMetrics_TA                                      - Instance: 0x27B6B04CC00
Class: GFxData_DynamicLogos_TA                                 - Instance: 0x27B6B04C800
Class: PlayerInputSequence_TA                                  - Instance: 0x27B6B04C400
Class: GFxData_EngagementEventsConfig_TA                       - Instance: 0x27B6AFF3C00
Class: GFxData_EOSGameClipsConfig_TA                           - Instance: 0x27B6AFF3800
Class: GFxData_EOSGameClipsController_TA                       - Instance: 0x27B6AFF3400
Class: GFxData_EOSGameClipsLocalPlayer_TA                      - Instance: 0x27B6AFF3000
Class: GFxData_EOSGameClipsMaskArea_TA                         - Instance: 0x27B6AFF2C00
Class: GFxData_EOSVoiceUser_TA                                 - Instance: 0x27B6AFF2400
Class: GFxData_FirstTimeExperience_TA                          - Instance: 0x27B6AFF2000
Class: GFxData_ESportConfig_TA                                 - Instance: 0x27B6AFF1C00
Class: GFxData_EventsPageBrowser_TA                            - Instance: 0x27B6AFF1800
Class: PsyNetService_FaceItSearchStarted_TA                    - Instance: 0x27B6AFF1400
Class: GFxData_Features_TA                                     - Instance: 0x27B6AFF1000
Class: TravelManager_TA                                        - Instance: 0x27B6AFF0400
Class: GFxData_Freeplay_TA                                     - Instance: 0x27B6AFF0800
Class: GFxData_FreeToPlayRewards_TA                            - Instance: 0x27B6AF9FC00
Class: PersonaSave_TA                                          - Instance: 0x27B6AF9F800
Class: OtherPlayerProfile_TA                                   - Instance: 0x27B6AF9F400
Class: GFxData_PlayerBanner_TA                                 - Instance: 0x27B6AF9F000
Class: GFxData_PlayerAvatarBorder_TA                           - Instance: 0x27B6AF9EC00
Class: GFxData_FriendsHiddenManager_TA                         - Instance: 0x27B6AF9E800
Class: GFxData_PersonaGroup_TA                                 - Instance: 0x27B6AF9E000
Class: RPC_ReportPlayer_TA                                     - Instance: 0x27B6AF9DC00
Class: GFxData_GameEvent_TA                                    - Instance: 0x27B6AF9D800
Class: GFxData_ProductSlot_TA                                  - Instance: 0x27B6AF9D000
Class: GFxData_GarageProductSlot_TA                            - Instance: 0x27B6AF9D400
Class: ICustomizableSlot                                       - Instance: 0x27B6AF9CC00
Class: GFxData_IntroCarSelect_TA                               - Instance: 0x27B6AF9C400
Class: IntroCarTemplates_TA                                    - Instance: 0x27B6AF3BC00
Class: SeqEvent_CarSelectStart_TA                              - Instance: 0x27B6AF3B800
Class: GFxData_ItemShopNotification_TA                         - Instance: 0x27B6AF3B400
Class: GFxData_ItemShopNotificationsConfig_TA                  - Instance: 0x27B6AF3B000
Class: GFxData_KismetOverlay_TA                                - Instance: 0x27B6AF3AC00
Class: GFxData_LanBrowser_TA                                   - Instance: 0x27B6AF3A800
Class: GFxData_LanServer_TA                                    - Instance: 0x27B6AF3A400
Class: GFxData_LanMatch_TA                                     - Instance: 0x27B6AF3A000
Class: LanServerMetaData_TA                                    - Instance: 0x27B6AF39C00
Class: GFxData_LastChanceBan_TA                                - Instance: 0x27B6AF39800
Class: LeaderboardsConfig_TA                                   - Instance: 0x27B6AF39400
Class: GFxData_LegacyStatus_TA                                 - Instance: 0x27B6AF39000
Class: RPC_GetLegacyStatus_TA                                  - Instance: 0x27B6AF38800
Class: GFxData_LegalText_TA                                    - Instance: 0x27B6AF38400
Class: PrivacyPolicy_TA                                        - Instance: 0x27B6AF17C00
Class: GFxData_LoadoutSets_TA                                  - Instance: 0x27B6AF17800
Class: LoadoutSequencer_TA                                     - Instance: 0x27B6AF17400
Class: GFxData_LocalCar_TA                                     - Instance: 0x27B6AF17000
Class: GFxData_PlayerVanity_TA                                 - Instance: 0x27B6AF16C00
Class: ProfileGameplaySave_TA                                  - Instance: 0x27B6AF16400
Class: SkillDecayedEvent_TA                                    - Instance: 0x27B6AF15C00
Class: GFxData_Map_TA                                          - Instance: 0x27B6AF15800
Class: GFxData_MapPrefs_TA                                     - Instance: 0x27B6AF15000
Class: GFxData_MapSelection_TA                                 - Instance: 0x27B6AF14C00
Class: GFxData_MatchAdmin_TA                                   - Instance: 0x27B6AF14800
Class: MatchHistoryItem_TA                                     - Instance: 0x27B6AF14400
Class: GFxData_MatchHistoryPlayer_TA                           - Instance: 0x27B6AEE3800
Class: MatchHistoryConfig_TA                                   - Instance: 0x27B6AEE3400
Class: RPC_GetMatchHistory_TA                                  - Instance: 0x27B6AEE3000
Class: MatchHistoryMetrics_TA                                  - Instance: 0x27B6AEE2C00
Class: GFxData_OnlineMatchStatus_TA                            - Instance: 0x27B6AEE2800
Class: GFxData_Regions_TA                                      - Instance: 0x27B6AEE2400
Class: MatchmakingViewFilters_TA                               - Instance: 0x27B6AEE2000
Class: MatchmakingSettingsSave_TA                              - Instance: 0x27B6AEE1C00
Class: ViewingMatchmaking_TA                                   - Instance: 0x27B6AEE1800
Class: MenuTreeConfig_TA                                       - Instance: 0x27B6AEE1400
Class: GFxData_MenuTreeNode_TA                                 - Instance: 0x27B6AEE1000
Class: MenuTreeNode_GenericFolder_TA                           - Instance: 0x27B6AEE0400
Class: MenuTreeNode_PlaylistFolder_TA                          - Instance: 0x27B6AEE0800
Class: GFxData_SaveData_TA                                     - Instance: 0x27A5B0D7C00
Class: MenuTreeNodeEnabledChecker_TA                           - Instance: 0x27A5B0D7800
Class: GFxData_MenuTreeNode_Custom_TA                          - Instance: 0x27A5B0D7400
Class: MenuTreeNode_Custom_TA                                  - Instance: 0x27A5B0D7000
Class: GFxData_MenuTreeNode_ExternalScreen_TA                  - Instance: 0x27A5B0D6C00
Class: MenuTreeNode_ExternalScreen_TA                          - Instance: 0x27A5B0D6800
Class: GFxData_MenuTreeNode_GenericFolder_TA                   - Instance: 0x27A5B0D6400
Class: GFxData_MenuTreeNode_Playlist_TA                        - Instance: 0x27A5B0D6000
Class: GFxData_MenuTreeNode_PlaylistFolder_TA                  - Instance: 0x27A5B0D5C00
Class: GFxData_MenuTreeNode_PrivateMatchJoin_TA                - Instance: 0x27A5B0D5800
Class: MenuTreeNode_PrivateMatchJoin_TA                        - Instance: 0x27A5B0D5400
Class: GFxData_MenuTreeNode_Tournaments_TA                     - Instance: 0x27A5B0D5000
Class: MenuTreeNode_Tournaments_TA                             - Instance: 0x27A5B0D4C00
Class: GFxData_MicroEvent_TA                                   - Instance: 0x27A5B0D4800
Class: MicroEvent_TA                                           - Instance: 0x27A5B0D4400
Class: MicroEventConfig_TA                                     - Instance: 0x27A5B0CFC00
Class: GFxData_MiniScoreboard_TA                               - Instance: 0x27A5B0CF800
Class: RPC_MicroTransactions_GetCatalog_TA                     - Instance: 0x27A5B0CF400
Class: SonyPricingInfoConfig_TA                                - Instance: 0x27A5B0CF000
Class: RPC_MicroTransactions_UnlockContainer_TA                - Instance: 0x27A5B0CEC00
Class: MTXPricingTableValidation_TA                            - Instance: 0x27A5B0CE800
Class: RPC_MicroTransactions_StartPurchase_TA                  - Instance: 0x27A5B0CE400
Class: RPC_MicroTransactions_FinalizePurchase_TA               - Instance: 0x27A5B0CDC00
Class: SeqEvent_MTXGarageBlueprintPreview_TA                   - Instance: 0x27A5B0CD800
Class: MultiItemDropConfig_TA                                  - Instance: 0x27A5B0CD400
Class: RewardDropGroup_TA                                      - Instance: 0x27A5B0CD000
Class: GFxData_PlayerTitles_TA                                 - Instance: 0x27A5B0CCC00
Class: MusicTheme_TA                                           - Instance: 0x27A5B0CC800
Class: MusicTracklistBuildStep_RemoveTrack_TA                  - Instance: 0x27A5B0CC400
Class: IMusicTracklist_TA                                      - Instance: 0x27A5B077C00
Class: MusicUrlConfig_TA                                       - Instance: 0x27A5B077800
Class: MusicTracklistBuildStep_ShuffleTracks_TA                - Instance: 0x27A5B077400
Class: MusicTracklistBuildStep_RemoveStreamerUnsafeTracks_TA   - Instance: 0x27A5B077000
Class: MusicThemeConfig_TA                                     - Instance: 0x27A5B076C00
Class: MusicTracklistBuildStep_CreateDefault_TA                - Instance: 0x27A5B076800
Class: MusicMetrics_TA                                         - Instance: 0x27A5B076400
Class: GFxData_MusicStingers_TA                                - Instance: 0x27A5B076000
Class: MutatorGameSettingPreset_TA                             - Instance: 0x27A5B075C00
Class: GFxData_Notification_AchievementProgress_TA             - Instance: 0x27A5B074C00
Class: Notification_AchievementProgress_TA                     - Instance: 0x27A5B074800
Class: GFxData_Notification_AchievementUnlocked_TA             - Instance: 0x27A5B074400
Class: Notification_AchievementUnlocked_TA                     - Instance: 0x27A5B037C00
Class: GFxData_Notification_AntiAddiction_TA                   - Instance: 0x27A5B037800
Class: PrivateMatchSettingsSave_TA                             - Instance: 0x27A5B037400
Class: GFxData_OnlineFreeplay_TA                               - Instance: 0x27A5B037000
Class: GFxData_Persona_TA                                      - Instance: 0x27A5B036C00
Class: GFxData_PartyInviteNotification_TA                      - Instance: 0x27A5B036800
Class: PartyJoinRequestNotification_TA                         - Instance: 0x27A5B036400
Class: GFxData_PartyJoinRequestNotification_TA                 - Instance: 0x27A5B036000
Class: GFxData_PartyMemberProfile_TA                           - Instance: 0x27A5B035C00
Class: GFxData_PlatformAuth_TA                                 - Instance: 0x27A5B035800
Class: RPC_PlatformAuth_TA                                     - Instance: 0x27A5B035400
Class: GFxData_PlayerAvatar_TA                                 - Instance: 0x27A5B035000
Class: GFxData_PlayerRecord_TA                                 - Instance: 0x27A5B034800
Class: GFxData_PlayerReport_TA                                 - Instance: 0x27A5B034400
Class: PlayerReportConfig_TA                                   - Instance: 0x27A5AFDFC00
Class: OnlineGamePlayerTitles_TA                               - Instance: 0x27A5AFDF800
Class: GFxData_PreMatchLobby_TA                                - Instance: 0x27A5AFDF400
Class: GFxData_PremiumGarage_TA                                - Instance: 0x27A5AFDF000
Class: GFxData_SpectatorStat_TA                                - Instance: 0x27A5AFDEC00
Class: GFxData_ScoreboardStat_TA                               - Instance: 0x27A5AFDE800
Class: GFxData_SpectatorStatNames_TA                           - Instance: 0x27A5AFDE400
Class: GFxData_PrivacyPolicy_TA                                - Instance: 0x27A5AFDDC00
Class: GFxData_Privileges_TA                                   - Instance: 0x27A5AFDD800
Class: GFxData_ProductAttribute_Anthem_TA                      - Instance: 0x27A5AFDD400
Class: GFxData_ProductAttribute_Blueprint_TA                   - Instance: 0x27A5AFDD000
Class: GFxData_ProductAttribute_Certified_TA                   - Instance: 0x27A5AFDCC00
Class: GFxData_ProductAttribute_Container_TA                   - Instance: 0x27A5AFDC800
Class: GFxData_ProductAttribute_ContainerKey_TA                - Instance: 0x27A5AFDC400
Class: GFxData_ProductAttribute_CreatorDetails_TA              - Instance: 0x27A5AFA3C00
Class: ProductAttribute_CreatorDetails_TA                      - Instance: 0x27A5AFA3800
Class: GFxData_ProductAttribute_Currency_TA                    - Instance: 0x27A5AFA3400
Class: GFxData_ProductAttribute_Expiration_TA                  - Instance: 0x27A5AFA3000
Class: GFxData_ProductAttribute_Indestructible_TA              - Instance: 0x27A5AFA2C00
Class: GFxData_ProductAttribute_Level_TA                       - Instance: 0x27A5AFA2800
Class: ProductAttribute_LevelSettings_TA                       - Instance: 0x27A5AFA2400
Class: GFxData_ProductAttribute_Painted_TA                     - Instance: 0x27A5AFA2000
Class: GFxData_ProductAttribute_PostMatchCelebration_TA        - Instance: 0x27A5AFA1C00
Class: GFxData_ProductAttribute_ProductLink_TA                 - Instance: 0x27A5AFA1800
Class: GFxData_ProductAttribute_Reactive_TA                    - Instance: 0x27A5AFA1400
Class: GFxData_ProductAttribute_Rental_TA                      - Instance: 0x27A5AFA1000
Class: GFxData_ProductAttribute_Schematic_TA                   - Instance: 0x27A5AFA0C00
Class: GFxData_ProductAttribute_ShopItem_TA                    - Instance: 0x27A5AFA0800
Class: ProductAsset_ShopItem_TA                                - Instance: 0x27A5AFA0400
Class: ProductAttribute_ShopItem_TA                            - Instance: 0x27A5AF9BC00
Class: GFxData_ProductAttribute_SpecialEdition_TA              - Instance: 0x27A5AF9B800
Class: GFxData_ProductAttribute_TeamEdition_TA                 - Instance: 0x27A5AF9B400
Class: ProductAsset_ESportsTeam_TA                             - Instance: 0x27A5AF9B000
Class: GFxData_ProductAttribute_Tiered_TA                      - Instance: 0x27A5AF9AC00
Class: GFxData_ProductAttribute_Title_TA                       - Instance: 0x27A5AF9A800
Class: GFxData_ProductExpirationNotification_TA                - Instance: 0x27A5AF9A400
Class: ProductsConfig_TA                                       - Instance: 0x27A5AF9A000
Class: ProductAttribute_SpecialEditionLabel_TA                 - Instance: 0x27A5AF99C00
Class: GFxData_ProductLevelUpgrade_TA                          - Instance: 0x27A5AF99800
Class: GFxData_ProductsSave_TA                                 - Instance: 0x27A5AF99400
Class: RPC_ProductsTradeIn_TA                                  - Instance: 0x27A5AF99000
Class: GFxData_QuickChatBindings_TA                            - Instance: 0x27A5AF98C00
Class: GFxData_RedeemCodes_TA                                  - Instance: 0x27A5AF98800
Class: GFxData_RegionRestrictions_TA                           - Instance: 0x27A5AF98400
Class: GFxData_Replay_TA                                       - Instance: 0x27A5AF37C00
Class: MatchHistoryErrors_TA                                   - Instance: 0x27A5AF37800
Class: GFxData_ReplayViewer_TA                                 - Instance: 0x27A5AF36C00
Class: GFxData_Restrictions_TA                                 - Instance: 0x27A5AF36400
Class: UIUtil_TA                                               - Instance: 0x27A5AF36000
Class: GFxModal_Info_TA                                        - Instance: 0x27A5AF35C00
Class: GFxData_RewardDrop_TA                                   - Instance: 0x27A5AF35800
Class: GFxData_RewardDrop_XP_TA                                - Instance: 0x27A5AF35400
Class: GFxData_RewardDropGroup_TA                              - Instance: 0x27A5AF35000
Class: GFxData_RewardDrops_TA                                  - Instance: 0x27A5AF34C00
Class: RocketPassConfig_TA                                     - Instance: 0x27A5AF34800
Class: RocketPassMetrics_TA                                    - Instance: 0x27A5AF34400
Class: GFxData_RocketPassBundleContainer_TA                    - Instance: 0x27A5AEFF800
Class: RocketPassBundleContainer_TA                            - Instance: 0x27A5AEFF400
Class: GFxData_RocketPassNotification_TA                       - Instance: 0x27A5AEFF000
Class: GFxData_SchematicTradeIn_TA                             - Instance: 0x27A5AEFEC00
Class: RPC_SchematicsTradeIn_TA                                - Instance: 0x27A5AEFE800
Class: GFxData_Scoreboard_TA                                   - Instance: 0x27A5AEFE400
Class: GFxData_Season_TA                                       - Instance: 0x27A5AEFE000
Class: ProductAttribute_Trademark_TA                           - Instance: 0x27A5AEFDC00
Class: ProductAttribute_DisplayLabelSlot_TA                    - Instance: 0x27A5AEFD800
Class: ProductAttribute_CannotBeArchived_TA                    - Instance: 0x27A5AEFD400
Class: GFxData_SeasonMode_TA                                   - Instance: 0x27A5AEFD000
Class: GFxData_SeasonReward_TA                                 - Instance: 0x27A5AEFCC00
Class: ServerBrowserSettingsSave_TA                            - Instance: 0x27A5AEFC800
Class: GFxData_ServerPerformanceStats_TA                       - Instance: 0x27A5AEFC400
Class: UserSettingObserver_TA                                  - Instance: 0x27A5AEDBC00
Class: UserSettingMetrics_TA                                   - Instance: 0x27A5AEDB800
Class: VideoSettingsSave_TA                                    - Instance: 0x27A5AEDB400
Class: SoundSettingsControllerSave_TA                          - Instance: 0x27A5AEDB000
Class: SettingsMenuConfig_TA                                   - Instance: 0x27A5AEDAC00
Class: VideoSettingsSavePC_TA                                  - Instance: 0x27A5AEDA800
Class: VideoSettingsSaveConsole_TA                             - Instance: 0x27A5AEDA400
Class: SeqEvent_WeatherToggled_TA                              - Instance: 0x27A5AEDA000
Class: SeqEvent_UserSettingChanged_TA                          - Instance: 0x27A5AED9C00
Class: GFxData_ShopAds_TA                                      - Instance: 0x27A5AED9400
Class: ShopsConfig_TA                                          - Instance: 0x27A5AED9000
Class: ShopAutoLoadHelper_TA                                   - Instance: 0x27A5AED8C00
Class: ShopItemExpirationHelper_TA                             - Instance: 0x27A5AED8800
Class: LoadedMtxCatalog_TA                                     - Instance: 0x27A5AE53C00
Class: ShopTabs_TA                                             - Instance: 0x27A5AE53800
Class: ShopTabsConfig_TA                                       - Instance: 0x27A5AE53400
Class: ShopErrors_TA                                           - Instance: 0x27A5AE52C00
Class: RPC_GetSpecialEventCurrencyRewards_TA                   - Instance: 0x27A5AE52800
Class: GFxData_SplitscreenMatch_TA                             - Instance: 0x27A5AE52000
Class: GFxData_SupportACreator_TA                              - Instance: 0x27A5AE51C00
Class: RPC_SupportACreator_Get_TA                              - Instance: 0x27A5AE51800
Class: RPC_SupportACreator_Clear_TA                            - Instance: 0x27A5AE51400
Class: RPC_SupportACreator_Set_TA                              - Instance: 0x27A5AE51000
Class: SupportACreatorErrors_TA                                - Instance: 0x27A5AE50400
Class: RPC_ReportTextChatChannel_TA                            - Instance: 0x27A5AE50800
Class: GFxData_TextChatUser_TA                                 - Instance: 0x27A5AE03800
Class: GFxData_ThankYouMessageManager_TA                       - Instance: 0x27A5AE03400
Class: ThankYouMessageConfig_TA                                - Instance: 0x27A5AE03000
Class: TourBracketSync_TA                                      - Instance: 0x27A5AE02C00
Class: GFxData_TourBracketGame_TA                              - Instance: 0x27A5AE02800
Class: GFxData_TourBracketLeaderboard_TA                       - Instance: 0x27A5AE02400
Class: TournamentSettingsSave_TA                               - Instance: 0x27A5AE02000
Class: TourCredentials_TA                                      - Instance: 0x27A5AE01C00
Class: GFxData_TourCheckInError_TA                             - Instance: 0x27A5AE01800
Class: GFxData_TourConfig_TA                                   - Instance: 0x27A5AE01400
Class: GFxData_TourDependentGame_TA                            - Instance: 0x27A5AE01000
Class: GFxData_TourDependentTeam_TA                            - Instance: 0x27A5AE00C00
Class: GFxData_TourDetails_TA                                  - Instance: 0x27A5AE00800
Class: TourDetailsSync_TA                                      - Instance: 0x27A5AE00400
Class: TourRewards_TA                                          - Instance: 0x27A5ADCBC00
Class: GFxData_TourMatchmaking_TA                              - Instance: 0x27A5ADCB800
Class: GFxData_TourSearchResult_TA                             - Instance: 0x27A5ADCB400
Class: RPC_TourGetPublic_TA                                    - Instance: 0x27A5ADCB000
Class: GFxData_TourSpectate_TA                                 - Instance: 0x27A5ADCAC00
Class: TourMatchServerBrowser_TA                               - Instance: 0x27A5ADCA800
Class: GFxData_TourStatus_TA                                   - Instance: 0x27A5ADCA400
Class: RPC_TourCancelCreated_TA                                - Instance: 0x27A5ADCA000
Class: TrainingConfig_TA                                       - Instance: 0x27A5ADC9C00
Class: TrainingProgressTracker_TA                              - Instance: 0x27A5ADC9800
Class: GFxData_TrainingMode_TA                                 - Instance: 0x27A5ADC9000
Class: GFxData_TrainingModeBrowser_TA                          - Instance: 0x27A5ADC8C00
Class: RPC_TrainingEditor_AddTrainingData_TA                   - Instance: 0x27A5ADC8800
Class: RPC_TrainingEditor_UpdateTrainingData_TA                - Instance: 0x27A5ADC8400
Class: RPC_TrainingEditor_GetTrainingData_TA                   - Instance: 0x27A5AD87C00
Class: GFxData_TrainingModeConstants_TA                        - Instance: 0x27A5AD87800
Class: RPC_TrainingEditor_DeleteTrainingData_TA                - Instance: 0x27A5AD87400
Class: RPC_TrainingEditor_ListPlayerTrainingDataTimestamp_TA   - Instance: 0x27A5AD86800
Class: RPC_TrainingEditor_ListPlayerTrainingData_TA            - Instance: 0x27A5AD86400
Class: RPC_TrainingEditor_BrowseTrainingData_TA                - Instance: 0x27A5AD86000
Class: RPC_TrainingEditor_GetTrainingMetadata_TA               - Instance: 0x27A5AD85C00
Class: GFxData_TrainingModeEditor_TA                           - Instance: 0x27A5AD85800
Class: GFxData_UIConfig_TA                                     - Instance: 0x27A5AD85400
Class: GFxData_UserBugReport_TA                                - Instance: 0x27A5AD85000
Class: UserBugReportUploader_TA                                - Instance: 0x27A5AD84C00
Class: UserBugReportSubmissionData_TA                          - Instance: 0x27A5AD84800
Class: GFxData_ViewMetrics_TA                                  - Instance: 0x27A5AD84400
Class: ViewMetricsConfig_TA                                    - Instance: 0x27A5AD57C00
Class: ViewMetrics_TA                                          - Instance: 0x27A5AD57800
Class: GFxData_Vote_TA                                         - Instance: 0x27A5AD57400
Class: GFxData_WebBrowser_TA                                   - Instance: 0x27A5AD57000
Class: GFxData_Workshop_TA                                     - Instance: 0x27A5AD56C00
Class: GFxData_XP_TA                                           - Instance: 0x27A5AD56800
Class: GRI_TA                                                  - Instance: 0x27A5AD56000
Class: PickupTimer_TA                                          - Instance: 0x27A5AD55C00
Class: GFxHUD_GameEditor_TA                                    - Instance: 0x27A5AD55800
Class: GFxHUD_Soccar_TA                                        - Instance: 0x27A5AD55400
Class: GFxHUD_KnockOut_TA                                      - Instance: 0x27A5AD55000
Class: GFxHUD_Replay_TA                                        - Instance: 0x27A5AD54C00
Class: GFxHUD_Season_TA                                        - Instance: 0x27A5AD54800
Class: GFxHUD_Training_TA                                      - Instance: 0x27A5AD54400
Class: GFxModal_Ban_TA                                         - Instance: 0x27A5ACF7C00
Class: GFxModal_FriendJoin_TA                                  - Instance: 0x27A5ACF7800
Class: GFxModal_RankedReconnect_TA                             - Instance: 0x27A5ACF7400
Class: GFxModal_TextInput_TA                                   - Instance: 0x27A5ACF7000
Class: GFxModal_Tutorial_TA                                    - Instance: 0x27A5ACF6C00
Class: GFxModal_Warning_TA                                     - Instance: 0x27A5ACF6800
Class: NameplateRenderTarget_TA                                - Instance: 0x27A5ACF6400
Class: PsyNetService_CrewUnknownStatus_TA                      - Instance: 0x27A5ACF5C00
Class: RankedReconnectSave_TA                                  - Instance: 0x27A5ACF5800
Class: SeqEvent_MenuChanged_TA                                 - Instance: 0x27A5ACF5000
Class: GFxStayAsPartyDisplayButton_TA                          - Instance: 0x27A5ACF4C00
Class: GoalCrossbarVolume_TA                                   - Instance: 0x27A5ACF4800
Class: GoalCrossbarVolumeManager_TA                            - Instance: 0x27A5ACF4400
Class: GoalVolume_Hoops_TA                                     - Instance: 0x27A5BCAFC00
Class: HauntedBallTrapTrigger_TA                               - Instance: 0x27A5BCAF800
Class: HUDActor_TA                                             - Instance: 0x27A5BCAF400
Class: IDefaultProduct                                         - Instance: 0x27A5BCAF000
Class: IdleAction_TA                                           - Instance: 0x27A5BCAEC00
Class: IdleFeature_TA                                          - Instance: 0x27A5BCAE800
Class: IdleBanFeature_TA                                       - Instance: 0x27A5BCAE400
Class: IdleSystem_TA                                           - Instance: 0x27A5BCAE000
Class: IdleTimer_TA                                            - Instance: 0x27A5BCADC00
Class: IdlePlayer_TA                                           - Instance: 0x27A5BCAD800
Class: IdleWarning_TA                                          - Instance: 0x27A5BCAD400
Class: IdleBanSystem_TA                                        - Instance: 0x27A5BCAD000
Class: TourGameUpdate_TA                                       - Instance: 0x27A5BCACC00
Class: IdleKickFeature_TA                                      - Instance: 0x27A5BCAC800
Class: IdleKickSystem_TA                                       - Instance: 0x27A5BCAC400
Class: IdleTrackFeature_TA                                     - Instance: 0x27A5BC9BC00
Class: IdleTrackSystem_TA                                      - Instance: 0x27A5BC9B800
Class: IForcedProduct                                          - Instance: 0x27A5BC9B400
Class: IMatchmakingViewFilter_TA                               - Instance: 0x27A5BC9B000
Class: IMicroEventConfig_TA                                    - Instance: 0x27A5BC9AC00
Class: MusicTracklist_TA                                       - Instance: 0x27A5BC9A800
Class: InMapScoreboard_TA                                      - Instance: 0x27A5BC9A400
Class: InputBufferUtil_TA                                      - Instance: 0x27A5BC9A000
Class: ItemPool_TA                                             - Instance: 0x27A5BC99C00
Class: ItemPoolCycle_TA                                        - Instance: 0x27A5BC99800
Class: ItemPoolSelection_TA                                    - Instance: 0x27A5BC99400
Class: ItemPoolWeightMultiplier_TA                             - Instance: 0x27A5BC99000
Class: JoinGameConnectionChecker_TA                            - Instance: 0x27A5BC98C00
Class: K3SUserPermissionsError_TA                              - Instance: 0x27A5BC98800
Class: LightBarComponent_TA                                    - Instance: 0x27A5BC98400
Class: LightEnvironment_TA                                     - Instance: 0x27A5BC3FC00
Class: LoadoutRenderer_TA                                      - Instance: 0x27A5BC3F400
Class: LoadoutUtils_TA                                         - Instance: 0x27A5BC3F000
Class: LocalizationConfig_TA                                   - Instance: 0x27A5BC3E800
Class: LocalPlayerSkillSync_TA                                 - Instance: 0x27A5BC3DC00
Class: MapGroups_TA                                            - Instance: 0x27A5BC3D800
Class: MapPrefsMetrics_TA                                      - Instance: 0x27A5BC3D400
Class: MatchCompleteMetrics_TA                                 - Instance: 0x27A5BC3D000
Class: MatchmakingViewFilter_Casual_TA                         - Instance: 0x27A5BC3CC00
Class: MatchmakingViewFilter_DebugMicroEvent_TA                - Instance: 0x27A5BC3C800
Class: MatchmakingViewFilter_Unranked_TA                       - Instance: 0x27A5BC3C400
Class: MatchmakingViewFilter_MicroEvent_TA                     - Instance: 0x27A5BBCBC00
Class: MatchmakingViewFilter_Ranked_TA                         - Instance: 0x27A5BBCB800
Class: MatchmakingViewFilter_RankedSports_TA                   - Instance: 0x27A5BBCB400
Class: MatchmakingViewFilter_UnrankedSports_TA                 - Instance: 0x27A5BBCB000
Class: MatchType_AdHoc_TA                                      - Instance: 0x27A5BBCA800
Class: TourServerConfig_TA                                     - Instance: 0x27A5BBCA400
Class: MatchType_PhysicsLogPlayback_TA                         - Instance: 0x27A5BBCA000
Class: MaxTimeComponent_TA                                     - Instance: 0x27A5BBC9C00
Class: MaxTimeEndGame_TA                                       - Instance: 0x27A5BBC9800
Class: MaxTimeState_TA                                         - Instance: 0x27A5BBC9400
Class: MaxTimeSystem_TA                                        - Instance: 0x27A5BBC9000
Class: MaxTimeWarningData_TA                                   - Instance: 0x27A5BBC8C00
Class: MaxTimeWarning_TA                                       - Instance: 0x27A5BBC8800
Class: MenuSequence_MusicStingers_TA                           - Instance: 0x27A5BBC8400
Class: SeqEvent_PreviewMusicStingerVisualizer_TA               - Instance: 0x27A5BB8FC00
Class: MenuSequence_PremiumGarage_TA                           - Instance: 0x27A5BB8F800
Class: MenuSequence_PremiumGarageReveal_TA                     - Instance: 0x27A5BB8F400
Class: MenuSequence_PremiumGarageSnap_TA                       - Instance: 0x27A5BB8F000
Class: MenuTreePlaylistQueue_TA                                - Instance: 0x27A5BB8E800
Class: PointInSpace_TA                                         - Instance: 0x27A5BB8E000
Class: MirrorAxis_TA                                           - Instance: 0x27A5BB8DC00
Class: MtxErrors_TA                                            - Instance: 0x27A5BB8D800
Class: MultiItemDropsSave_TA                                   - Instance: 0x27A5BB8D000
Class: MusicTracklistNull_TA                                   - Instance: 0x27A5BB8CC00
Class: Mutator_ActorSpawner_TA                                 - Instance: 0x27A5BB8C800
Class: Mutator_Attachment_TA                                   - Instance: 0x27A5BB8C400
Class: SpecialAttachment_TA                                    - Instance: 0x27A5BB27C00
Class: Mutator_Audio_TA                                        - Instance: 0x27A5BB27800
Class: Mutator_Ball_TA                                         - Instance: 0x27A5BB27400
Class: Mutator_Booster_TA                                      - Instance: 0x27A5BB27000
Class: Mutator_Breakout_TA                                     - Instance: 0x27A5BB26800
Class: Mutator_Car_TA                                          - Instance: 0x27A5BB26400
Class: Mutator_Demolish_TA                                     - Instance: 0x27A5BB26000
Class: Mutator_DisableScoring_TA                               - Instance: 0x27A5BB25C00
Class: Mutator_GameEvent_TA                                    - Instance: 0x27A5BB25800
Class: Mutator_GameSpeed_TA                                    - Instance: 0x27A5BB25400
Class: Mutator_Gravity_TA                                      - Instance: 0x27A5BB25000
Class: Mutator_Handicap_TA                                     - Instance: 0x27A5BB24C00
Class: Mutator_Input_TA                                        - Instance: 0x27A5BB24800
Class: Mutator_Loadout_TA                                      - Instance: 0x27A5BB24400
Class: Mutator_Match_TA                                        - Instance: 0x27A5BB07C00
Class: OvertimeSettings_TA                                     - Instance: 0x27A5BB07800
Class: Mutator_OnlineFreeplay_TA                               - Instance: 0x27A5BB07400
Class: Mutator_PhysicsLogPlayback_TA                           - Instance: 0x27A5BB07000
Class: Mutator_RespawnTime_TA                                  - Instance: 0x27A5BB06C00
Class: PlayerSpawnFeature_TA                                   - Instance: 0x27A5BB06800
Class: Mutator_Territory_TA                                    - Instance: 0x27A5BB06400
Class: TrackerWallDynamicMeshActor_TA                          - Instance: 0x27A5BB06000
Class: NameplateComponentMatinee_TA                            - Instance: 0x27A5BB05C00
Class: NetMetricsConfig_TA                                     - Instance: 0x27A5BB05800
Class: PartyClubSync_TA                                        - Instance: 0x27A5BB05400
Class: OnlineGameJoinGame_TA                                   - Instance: 0x27A5BB05000
Class: PartyMessage_Loadout_TA                                 - Instance: 0x27A5BB04C00
Class: PartyMessage_ProfileChange_TA                           - Instance: 0x27A5BB04800
Class: PartyMessage_Rejoined_TA                                - Instance: 0x27A5BB04400
Class: PartyMessage_SignedChat_TA                              - Instance: 0x27A5BAAFC00
Class: PartyMessage_UserChatReportingLevel_TA                  - Instance: 0x27A5BAAF800
Class: PartyMessage_LevelAndChallengesUpdate_TA                - Instance: 0x27A5BAAF400
Class: PartyMessage_XPLevelUpdate_TA                           - Instance: 0x27A5BAAF000
Class: PartyMessage_ChallengesUpdate_TA                        - Instance: 0x27A5BAAEC00
Class: PartyMessage_LegacyStatusUpdate_TA                      - Instance: 0x27A5BAAE800
Class: PartyMessage_Chat_TA                                    - Instance: 0x27A5BAAD800
Class: TextModerationErrors_TA                                 - Instance: 0x27A5BAAD400
Class: OnlineGamePlaylists_TA                                  - Instance: 0x27A5BAAD000
Class: OnlineGameRegions_TA                                    - Instance: 0x27A5BAACC00
Class: RegionPingCache_TA                                      - Instance: 0x27A5BAAC800
Class: OnlineGameReservations_TA                               - Instance: 0x27A5BAAC400
Class: TourMatchInfoMessage_TA                                 - Instance: 0x27A5BA7BC00
Class: TourPartyLeaderLeave_TA                                 - Instance: 0x27A5BA7B800
Class: PsyNetService_CreateTournament_X                        - Instance: 0x27A5BA7B000
Class: PsyNetService_JoinTournament_X                          - Instance: 0x27A5BA7AC00
Class: PsyNetService_CreateExternalMatch_X                     - Instance: 0x27A5BA7A800
Class: PsyNetService_JoinExternalMatch_X                       - Instance: 0x27A5BA7A400
Class: TourServerInfo_FaceIt_TA                                - Instance: 0x27A5BA79800
Class: OnlineGameVersion_TA                                    - Instance: 0x27A5BA79400
Class: PlayerActivityTracker_TA                                - Instance: 0x27A5BA79000
Class: OnlinePlayerAuthentication_TA                           - Instance: 0x27A5BA78400
Class: RPC_ProductsClearExpired_TA                             - Instance: 0x27A5BA3F400
Class: RPC_ProductsPlayerGet_TA                                - Instance: 0x27A5BA3F000
Class: RPC_XPRequest_TA                                        - Instance: 0x27A5BA3EC00
Class: PartyMessage_ClubChanged_TA                             - Instance: 0x27A5BA3E800
Class: PartyMessage_TourCheckInError_TA                        - Instance: 0x27A5BA3E400
Class: PartyMessage_TourLeaveTournament_TA                     - Instance: 0x27A5BA3E000
Class: PartyMessage_TourPreCheckIn_TA                          - Instance: 0x27A5BA3DC00
Class: PartyMessage_TourPreCheckInError_TA                     - Instance: 0x27A5BA3D800
Class: ProductAttribute_UserColorable_TA                       - Instance: 0x27A5BA3CC00
Class: PlayerBindingUtils_TA                                   - Instance: 0x27A5BA3C800
Class: SpectatorVolume_TA                                      - Instance: 0x27A5BA3C400
Class: PsyNetService_VoiceChatMatchToken_TA                    - Instance: 0x27A5B9A7800
Class: ProductMetrics_TA                                       - Instance: 0x27A5B9A7400
Class: PlayerReportComponent_TA                                - Instance: 0x27A5B9A6C00
Class: PlayerInput_Game_TA                                     - Instance: 0x27A5B9A6400
Class: PlayerController_KnockOut_TA                            - Instance: 0x27A5B9A6000
Class: PlayerInput_Menu_TA                                     - Instance: 0x27A5B9A5C00
Class: PlayerInput_Edit_TA                                     - Instance: 0x27A5B9A5800
Class: PlayerInput_GameEditor_TA                               - Instance: 0x27A5B9A5400
Class: PlayerInput_Replay_TA                                   - Instance: 0x27A5B9A5000
Class: PlayerInput_Spectator_TA                                - Instance: 0x27A5B9A4C00
Class: SeqEvent_InputSequence_TA                               - Instance: 0x27A5B9A4800
Class: PlayerSpawnConfig_TA                                    - Instance: 0x27A5B9A4400
Class: PlayerSpawnState_TA                                     - Instance: 0x27A5B94BC00
Class: ReplicatedRespawnTicket_TA                              - Instance: 0x27A5B94B800
Class: PrespawnConfig_TA                                       - Instance: 0x27A5B94B400
Class: SeqEvent_PreviewPostMatchCelebration_TA                 - Instance: 0x27A5B94AC00
Class: SeqEvent_MTXGarageReveal_TA                             - Instance: 0x27A5B94A400
Class: ViralItemActor_TA                                       - Instance: 0x27A5B94A000
Class: StayAsPartyVoteYes_TA                                   - Instance: 0x27A5B949C00
Class: RPC_ProductsLoadoutGet_TA                               - Instance: 0x27A5B949400
Class: StayAsPartyLeader_TA                                    - Instance: 0x27A5B948C00
Class: ServerInviteeConfirmedMergeEvent_TA                     - Instance: 0x27A5B948800
Class: PRI_Breakout_TA                                         - Instance: 0x27A5B8D7C00
Class: PRI_KeepUp_TA                                           - Instance: 0x27A5B8D7800
Class: PRI_Possession_TA                                       - Instance: 0x27A5B8D7400
Class: PrivacyPolicyConfig_TA                                  - Instance: 0x27A5B8D7000
Class: ProductAsset_AntennaPack_TA                             - Instance: 0x27A5B8D6C00
Class: ProductAsset_CountryFlags_TA                            - Instance: 0x27A5B8D6800
Class: ProductAsset_Currency_TA                                - Instance: 0x27A5B8D6400
Class: ProductAsset_PlayerTitle_TA                             - Instance: 0x27A5B8D6000
Class: ProductAsset_UnderGlow_TA                               - Instance: 0x27A5B8D5C00
Class: ProductAttribute_BonusCrate_TA                          - Instance: 0x27A5B8D5800
Class: ProductOverride_SkeletalMesh_TA                         - Instance: 0x27A5B8D4C00
Class: ProductOverride_StaticMesh_TA                           - Instance: 0x27A5B8D4800
Class: ProductOverride_Materials_TA                            - Instance: 0x27A5B8D4400
Class: ProductAttribute_RocketPassPremium_TA                   - Instance: 0x27A5B86FC00
Class: ProductAttribute_SwapMICParameterValues_TA              - Instance: 0x27A5B86F800
Class: ProductBuilder_TA                                       - Instance: 0x27A5B86F400
Class: ProductEquipProfileSlots_TA                             - Instance: 0x27A5B86F000
Class: ProductOverride_DisableSkelControl_TA                   - Instance: 0x27A5B86EC00
Class: ProductOverride_ParticleSystemComponent_TA              - Instance: 0x27A5B86E800
Class: ProductOverride_StopAttachmentBehaviors_TA              - Instance: 0x27A5B86E400
Class: ProductOverride_WheelAttachment_TA                      - Instance: 0x27A5B86E000
Class: ProductOverride_WheelOverrides_TA                       - Instance: 0x27A5B86DC00
Class: ProductStat_SoccarEventBase_TA                          - Instance: 0x27A5B86D800
Class: ProductStat_AerialGoals_TA                              - Instance: 0x27A5B86D400
Class: ProductStat_Assists_TA                                  - Instance: 0x27A5B86D000
Class: ProductStat_BackwardsGoals_TA                           - Instance: 0x27A5B86CC00
Class: ProductStat_Baskets_TA                                  - Instance: 0x27A5B86C800
Class: ProductStat_BicycleGoals_TA                             - Instance: 0x27A5B86C400
Class: ProductStat_BoostTime_TA                                - Instance: 0x27A5B823C00
Class: ProductStat_Centers_TA                                  - Instance: 0x27A5B823800
Class: ProductStat_Clears_TA                                   - Instance: 0x27A5B823400
Class: ProductStat_Demolishes_TA                               - Instance: 0x27A5B823000
Class: ProductStat_DistanceDriven_TA                           - Instance: 0x27A5B822C00
Class: ProductStat_EpicSaves_TA                                - Instance: 0x27A5B822800
Class: ProductStat_GamesPlayed_TA                              - Instance: 0x27A5B822400
Class: ProductStat_Goals_TA                                    - Instance: 0x27A5B822000
Class: ProductStat_InfectedPlayersDefeated_TA                  - Instance: 0x27A5B821C00
Class: ProductStat_Juggles_TA                                  - Instance: 0x27A5B821800
Class: ProductStat_LongGoals_TA                                - Instance: 0x27A5B821400
Class: ProductStat_MVPs_TA                                     - Instance: 0x27A5B821000
Class: ProductStat_PlayersInfected_TA                          - Instance: 0x27A5B820C00
Class: ProductStat_Saves_TA                                    - Instance: 0x27A5B820800
Class: ProductStat_ShotsOnGoal_TA                              - Instance: 0x27A5B820400
Class: ProductStat_TimePlayed_TA                               - Instance: 0x27A5B81BC00
Class: ProductStat_TurtleGoals_TA                              - Instance: 0x27A5B81B800
Class: ProductStat_Wins_TA                                     - Instance: 0x27A5B81B400
Class: PsyNetService_CurrencyAdded_TA                          - Instance: 0x27A5B81B000
Class: PsyNetService_FaceItReservationFound_TA                 - Instance: 0x27A5B81AC00
Class: PsyNetService_RewardDropReceived_TA                     - Instance: 0x27A5B81A800
Class: PsyNetService_TourConcluded_TA                          - Instance: 0x27A5B81A400
Class: PsyNetService_TourKicked_TA                             - Instance: 0x27A5B81A000
Class: PsyNetService_TourMatchFound_TA                         - Instance: 0x27A5B819C00
Class: PsyNetService_TourReceivedBye_TA                        - Instance: 0x27A5B819800
Class: RemoteAvatarPermissions_TA                              - Instance: 0x27A5B819000
Class: RequestPartyUpEvent_TA                                  - Instance: 0x27A5B818400
Class: RewardDrop_XPMultiplier_TA                              - Instance: 0x27A5B7A7C00
Class: RPC_RocketPassGetPlayerInfo_TA                          - Instance: 0x27A5B7A7800
Class: RPC_RocketPassGetRewardContent_TA                       - Instance: 0x27A5B7A7400
Class: RPC_RocketPassGetPlayerPrestigeRewards_TA               - Instance: 0x27A5B7A7000
Class: RPC_RocketPassPurchasePremium_TA                        - Instance: 0x27A5B7A6C00
Class: RPC_RocketPassPurchaseTiers_TA                          - Instance: 0x27A5B7A6800
Class: RocketPassErrors_TA                                     - Instance: 0x27A5B7A6400
Class: RPC_BanSelf_TA                                          - Instance: 0x27A5B7A6000
Class: RPC_Challenge_ResetAllProgress_TA                       - Instance: 0x27A5B7A5C00
Class: RPC_Challenge_ResetChallengeProgress_TA                 - Instance: 0x27A5B7A5800
Class: RPC_Challenge_SetProgress_TA                            - Instance: 0x27A5B7A5400
Class: RPC_DebugAddXP_TA                                       - Instance: 0x27A5B7A5000
Class: RPC_DebugSetXP_TA                                       - Instance: 0x27A5B7A4C00
Class: RPC_DebugUnlinkPrimaryAccount_TA                        - Instance: 0x27A5B7A4800
Class: RPC_DebugUpdateClubStats_TA                             - Instance: 0x27A5B7A4400
Class: RPC_DecaySkill_TA                                       - Instance: 0x27A5B773C00
Class: RPC_FaceItMatchStarted_TA                               - Instance: 0x27A5B773800
Class: RPC_FaceItUpdateGame_TA                                 - Instance: 0x27A5B773400
Class: RPC_GetSpecialEventCurrency_TA                          - Instance: 0x27A5B773000
Class: RPC_GetSpecialEvents_TA                                 - Instance: 0x27A5B772C00
Class: RPC_GetWallet_TA                                        - Instance: 0x27A5B772800
Class: RPC_ProductsDebugAddProduct_TA                          - Instance: 0x27A5B772400
Class: RPC_ProductsDebugAddRandom_TA                           - Instance: 0x27A5B772000
Class: RPC_ProductsDebugSetCertified_TA                        - Instance: 0x27A5B771C00
Class: RPC_ProductsDebugSetEdition_TA                          - Instance: 0x27A5B771800
Class: RPC_ProductsDebugSetPainted_TA                          - Instance: 0x27A5B771400
Class: RPC_ProductsPlayerClear_TA                              - Instance: 0x27A5B771000
Class: RPC_PsyNetGetVanities_TA                                - Instance: 0x27A5B770C00
Class: RPC_PsyNetGetAvatars_TA                                 - Instance: 0x27A5B770800
Class: RPC_PsyNetSetVanity_TA                                  - Instance: 0x27A5B770400
Class: RPC_RequestHonorDuel_TA                                 - Instance: 0x27A5B73BC00
Class: RPC_SchematicResourcesGet_TA                            - Instance: 0x27A5B73B800
Class: RPC_SubmitUserBugReport_TA                              - Instance: 0x27A5B73B400
Class: RPC_TourGetMatchReservations_TA                         - Instance: 0x27A5B73B000
Class: RPC_TourGetMatchReservations_FaceIt_TA                  - Instance: 0x27A5B73AC00
Class: RPC_TourGetMatchServer_TA                               - Instance: 0x27A5B73A800
Class: RPC_TourGetRewards_TA                                   - Instance: 0x27A5B73A400
Class: RPC_TourGetSubscriptions_TA                             - Instance: 0x27A5B73A000
Class: RPC_TourStartMatchmaking_TA                             - Instance: 0x27A5B739C00
Class: RPC_TourUnsubscribe_TA                                  - Instance: 0x27A5B739800
Class: RPC_UpdateTwoFactorStatus_TA                            - Instance: 0x27A5B739400
Class: RPC_UploadXP_TA                                         - Instance: 0x27A5B739000
Class: RTBox_TA                                                - Instance: 0x27A5B738C00
Class: RTCircle_TA                                             - Instance: 0x27A5B738800
Class: SaveDataMetrics_TA                                      - Instance: 0x27A5B6E3C00
Class: Scout_TA                                                - Instance: 0x27A5B6E3800
Class: ScriptedTextureComponent_TA                             - Instance: 0x27A5B6E3400
Class: SeqAct_AddGameBall_TA                                   - Instance: 0x27A5B6E2C00
Class: SeqAct_ApplyCarProducts_TA                              - Instance: 0x27A5B6E2800
Class: SeqAct_AttachAssetToCar_TA                              - Instance: 0x27A5B6E2400
Class: SeqAct_CheckRotationAngle_TA                            - Instance: 0x27A5B6E2000
Class: SeqAct_CompleteFTECheckpoint_TA                         - Instance: 0x27A5B6E1C00
Class: SeqAct_ConcatenateStrings_TA                            - Instance: 0x27A5B6E1800
Class: SeqAct_ControlCarMovement_TA                            - Instance: 0x27A5B6E1400
Class: SeqAct_Counter_TA                                       - Instance: 0x27A5B6E1000
Class: SeqAct_CreateAttachComponent_TA                         - Instance: 0x27A5B6E0800
Class: SeqAct_DemoCar_TA                                       - Instance: 0x27A5B6E0400
Class: SeqAct_DisableForceInFXActor_TA                         - Instance: 0x27A5B6A7C00
Class: SeqAct_DisplayMessage_TA                                - Instance: 0x27A5B6A7800
Class: SeqAct_DriveSpline_TA                                   - Instance: 0x27A5B6A7400
Class: SeqAct_DynamicMapEvents_TA                              - Instance: 0x27A5B6A7000
Class: SeqAct_EndTutorial_TA                                   - Instance: 0x27A5B6A6C00
Class: SeqAct_ExitToMainMenu_TA                                - Instance: 0x27A5B6A6800
Class: SeqAct_ExplodeGameBall_TA                               - Instance: 0x27A5B6A6400
Class: SeqAct_GameURLHasOption_TA                              - Instance: 0x27A5B6A6000
Class: SeqAct_GetDetailMode_TA                                 - Instance: 0x27A5B6A5C00
Class: SeqAct_GetEdition_TA                                    - Instance: 0x27A5B6A5800
Class: SeqAct_GetEffectIntensity_TA                            - Instance: 0x27A5B6A5400
Class: SeqAct_GetFTEState_TA                                   - Instance: 0x27A5B6A5000
Class: SeqAct_GetGameBall_TA                                   - Instance: 0x27A5B6A4C00
Class: SeqAct_GetPlayerCar_TA                                  - Instance: 0x27A5B6A4800
Class: SeqAct_GetPlaylistType_TA                               - Instance: 0x27A5B6A4400
Class: SeqAct_GetRarityColor_TA                                - Instance: 0x27A5B69BC00
Class: SeqAct_GetSaveData_TA                                   - Instance: 0x27A5B69B800
Class: SeqAct_GetTeamScore_TA                                  - Instance: 0x27A5B69B400
Class: SeqAct_GetTutorialType_TA                               - Instance: 0x27A5B69B000
Class: SeqAct_GetWeatherEnabled_TA                             - Instance: 0x27A5B69AC00
Class: SeqAct_GiveBoost_TA                                     - Instance: 0x27A5B69A800
Class: SeqAct_HighlightReelFinished_TA                         - Instance: 0x27A5B69A400
Class: SeqAct_InstanceMaterial_TA                              - Instance: 0x27A5B69A000
Class: SeqAct_IntroMenuCarsInPosition_TA                       - Instance: 0x27A5B699C00
Class: SeqAct_IsActionPressed_TA                               - Instance: 0x27A5B699800
Class: SeqAct_IsCrateRouletteEnabled_TA                        - Instance: 0x27A5B699400
Class: SeqAct_IsHumanPlayer_TA                                 - Instance: 0x27A5B699000
Class: SeqAct_IsTargetInPlayerCameraView                       - Instance: 0x27A5B698C00
Class: SeqAct_LoadMap_TA                                       - Instance: 0x27A5B698800
Class: SeqAct_LookAtActor_TA                                   - Instance: 0x27A5B698400
Class: SeqAct_MainMenuSwitch_TA                                - Instance: 0x27A5B693C00
Class: SeqAct_MatchCountdown_TA                                - Instance: 0x27A5B693800
Class: SeqAct_MoveActor_TA                                     - Instance: 0x27A5B693400
Class: SeqAct_NotifyEventOnTutorial_TA                         - Instance: 0x27A5B693000
Class: SeqAct_RegisterMapDragon_TA                             - Instance: 0x27A5B692C00
Class: SeqAct_ReinitPhys_TA                                    - Instance: 0x27A5B692800
Class: SeqAct_RotateActor_TA                                   - Instance: 0x27A5B692400
Class: SeqAct_ScreenFade                                       - Instance: 0x27A5B692000
Class: SeqAct_ScreenFade_TA                                    - Instance: 0x27A5B691C00
Class: SeqAct_SetBallCamTarget_TA                              - Instance: 0x27A5B691800
Class: SeqAct_SetBallMaterial_TA                               - Instance: 0x27A5B691400
Class: SeqAct_SetBreakoutBallCharge_TA                         - Instance: 0x27A5B691000
Class: SeqAct_SetBreakoutTileDamage_TA                         - Instance: 0x27A5B690C00
Class: SeqAct_SetCarTransform_TA                               - Instance: 0x27A5B690800
Class: SeqAct_SetGreenScreen_TA                                - Instance: 0x27A5B690400
Class: SeqAct_SetMatInstParam_Vector                           - Instance: 0x27A5B677400
Class: SeqAct_SetMatInstVectorParam_TA                         - Instance: 0x27A5B677000
Class: SeqAct_SetMeshMaterialScalarParameter_TA                - Instance: 0x27A5B676C00
Class: SeqAct_SetNameplate_TA                                  - Instance: 0x27A5B676800
Class: SeqAct_SetPostProcess_TA                                - Instance: 0x27A5B676400
Class: SeqAct_SetReplayCamera_TA                               - Instance: 0x27A5B676000
Class: SeqAct_SetSkelMATLoadout_TA                             - Instance: 0x27A5B675C00
Class: SeqAct_SetStadiumTeamColors_TA                          - Instance: 0x27A5B675800
Class: SeqAct_SetTutorialGameEvent_TA                          - Instance: 0x27A5B675400
Class: SeqAct_SetTutorialTip_TA                                - Instance: 0x27A5B675000
Class: SeqAct_SetVehicleInput_TA                               - Instance: 0x27A5B674C00
Class: SeqAct_SpawnActor_TA                                    - Instance: 0x27A5B674800
Class: SeqAct_SpawnBot_TA                                      - Instance: 0x27A5B674400
Class: SeqAct_SpawnCarColors_TA                                - Instance: 0x27A5B663800
Class: SeqAct_StartTutorial_TA                                 - Instance: 0x27A5B663000
Class: SeqAct_TermPhys_TA                                      - Instance: 0x27A5B662C00
Class: SeqAct_ToggleUIOverlay_TA                               - Instance: 0x27A5B662800
Class: SeqAct_UpdateAd_TA                                      - Instance: 0x27A5B662400
Class: SeqCond_CompareString_TA                                - Instance: 0x27A5B662000
Class: SeqEvent_CarSpawned_TA                                  - Instance: 0x27A5B661C00
Class: SeqEvent_CarTouchBall_TA                                - Instance: 0x27A5B661800
Class: SeqEvent_IntroMenu_TA                                   - Instance: 0x27A5B661400
Class: SeqEvent_MainMenuSwitched_TA                            - Instance: 0x27A5B661000
Class: SeqEvent_StartHighlightReel_TA                          - Instance: 0x27A5B660C00
Class: SeqEvent_TutorialStarted_TA                             - Instance: 0x27A5B660800
Class: ServerFormPartyEvent_TA                                 - Instance: 0x27A5B660400
Class: ServerMergeErrorEvent_TA                                - Instance: 0x27A5B64BC00
Class: ServerPerformanceConfig_TA                              - Instance: 0x27A5B64B800
Class: ServerVoteStartedEvent_TA                               - Instance: 0x27A5B64B400
Class: SkillDecayFeature_TA                                    - Instance: 0x27A5B64AC00
Class: SkillDecaySystem_TA                                     - Instance: 0x27A5B64A800
Class: SkyLightVolume_TA                                       - Instance: 0x27A5B64A400
Class: SpawnPointGroup_TA                                      - Instance: 0x27A5B649C00
Class: TraceableSpawnPoint_TA                                  - Instance: 0x27A5B649800
Class: SpecialEventErrors_TA                                   - Instance: 0x27A5B649400
Class: SpecialPickup_Attachment_TA                             - Instance: 0x27A5B649000
Class: SpecialPickup_BallCarSpring_TA                          - Instance: 0x27A5B648800
Class: SpecialPickup_BallVelcro_TA                             - Instance: 0x27A5B648400
Class: SpecialPickup_Batarang_TA                               - Instance: 0x27A5B5DBC00
Class: SpecialPickup_BoostMod_TA                               - Instance: 0x27A5B5DB800
Class: SpecialPickup_BoostOverride_TA                          - Instance: 0x27A5B5DB000
Class: SpecialPickup_CarFreeze_TA                              - Instance: 0x27A5B5DA800
Class: SpecialPickup_CarGravity_TA                             - Instance: 0x27A5B5DA000
Class: SpecialPickup_CarLaunch_TA                              - Instance: 0x27A5B5D9800
Class: SpecialPickup_CarSpeed_TA                               - Instance: 0x27A5B5D9000
Class: SpecialPickup_Demolish_TA                               - Instance: 0x27A5B5D8800
Class: SpecialPickup_Football_TA                               - Instance: 0x27A5B5C7C00
Class: SpecialPickup_HandbrakeOverride_TA                      - Instance: 0x27A5B5C7400
Class: SpecialPickup_HitForce_TA                               - Instance: 0x27A5B5C6C00
Class: SpecialPickup_Inflate_TA                                - Instance: 0x27A5B5C6400
Class: SpecialPickup_Rugby_TA                                  - Instance: 0x27A5B5C5C00
Class: SpecialPickup_Swapper_TA                                - Instance: 0x27A5B5C5400
Class: SpecialPickup_TimeBomb_TA                               - Instance: 0x27A5B5C4C00
Class: SplineCameraTrack_TA                                    - Instance: 0x27A5B5C4400
Class: SplineFocusTarget_TA                                    - Instance: 0x27A5B5A7C00
Class: StasisExplosionHandler_TA                               - Instance: 0x27A5B5A7800
Class: StatFactory_Basketball_TA                               - Instance: 0x27A5B5A6C00
Class: StatFactory_Breakout_TA                                 - Instance: 0x27A5B5A6800
Class: StatFactory_HauntedBall_TA                              - Instance: 0x27A5B5A6400
Class: StaticMeshActor_TA                                      - Instance: 0x27A5B5A5800
Class: StatusObserver_FTE_TA                                   - Instance: 0x27A5B5A5400
Class: StatusObserver_MenuStack_TA                             - Instance: 0x27A5B5A5000
Class: StatusTrigger_Menu_TA                                   - Instance: 0x27A5B5A4C00
Class: StatusTrigger_MenuTreeButton_TA                         - Instance: 0x27A5B5A4800
Class: StatusTrigger_CrumbPathComplete_TA                      - Instance: 0x27A5B5A4400
Class: StatusObserver_OnlineMatchEnded_TA                      - Instance: 0x27A5B557C00
Class: StatusTrigger_OnlineMatchEnded_TA                       - Instance: 0x27A5B557800
Class: StatusTrigger_ProductOwned_TA                           - Instance: 0x27A5B557400
Class: StatusTrigger_ProductEquipped_TA                        - Instance: 0x27A5B557000
Class: StatusObserver_XPLevel_TA                               - Instance: 0x27A5B556C00
Class: StatusTrigger_Numerical_TA                              - Instance: 0x27A5B556400
Class: StatusTrigger_PlayerLevel_TA                            - Instance: 0x27A5B556800
Class: StatusTrigger_PlayerXP_TA                               - Instance: 0x27A5B556000
Class: StayAsPartyMetrics_TA                                   - Instance: 0x27A5B555C00
Class: Team_Freeplay_TA                                        - Instance: 0x27A5B554C00
Class: TextModKeyJWT                                           - Instance: 0x27A5B554400
Class: TourBracketGenerator_TA                                 - Instance: 0x27A5B4EBC00
Class: TourSeeder_TA                                           - Instance: 0x27A5B4EB800
Class: TourEventMatchComplete_TA                               - Instance: 0x27A5B4EB400
Class: TourGameUpdate_FaceIt_TA                                - Instance: 0x27A5B4EB000
Class: TourServerInfo_AutoTour_TA                              - Instance: 0x27A5B4EA800
Class: TradeConfig_TA                                          - Instance: 0x27A5B4EA000
Class: TradeErrors_TA                                          - Instance: 0x27A5B4E9C00
Class: TradingMetrics_TA                                       - Instance: 0x27A5B4E9800
Class: TrainingMetricsConfig_TA                                - Instance: 0x27A5B4E9400
Class: TrainingProgressFactory_TA                              - Instance: 0x27A5B4E9000
Class: Tutorial_Boost_TA                                       - Instance: 0x27A5B4E8800
Class: Tutorial_Dodge_TA                                       - Instance: 0x27A5B4E8400
Class: Tutorial_HandBrake_TA                                   - Instance: 0x27A5B45BC00
Class: UserBugReportComponent_TA                               - Instance: 0x27A5B45B800
Class: UserBugReportErrors_TA                                  - Instance: 0x27A5B45B400
Class: VehiclePartSkeletalMeshComponent_TA                     - Instance: 0x27A5B45AC00

RLSDK generated in 7.815 seconds.